    1C
    1UUSER                                                              
    1UDATE              26.september.2026                               
    1UTIME              14:21:55                                        
    1UHOST                                                              
    1UPGM               CalculiX                                        
    1UVERSION           Version 2.20                             
    1UCOMPILETIME       Sun Jul 31 18:08:37 CEST 2022                    
    1UDIR                                                               
    1UDBN                                                               
    1UMAT    1STEEL                                                     
    2C                           621                                     1
 -1         1 0.00000E+00 0.00000E+00 0.00000E+00
 -1         2 0.00000E+00 0.00000E+00 2.50000E-02
 -1         3 0.00000E+00 0.00000E+00 5.00000E-02
 -1         4 0.00000E+00 0.00000E+00 7.50000E-02
 -1         5 0.00000E+00 0.00000E+00 1.00000E-01
 -1         6 0.00000E+00 2.50000E-02 0.00000E+00
 -1         7 0.00000E+00 2.50000E-02 5.00000E-02
 -1         8 0.00000E+00 2.50000E-02 1.00000E-01
 -1         9 0.00000E+00 5.00000E-02 0.00000E+00
 -1        10 0.00000E+00 5.00000E-02 2.50000E-02
 -1        11 0.00000E+00 5.00000E-02 5.00000E-02
 -1        12 0.00000E+00 5.00000E-02 7.50000E-02
 -1        13 0.00000E+00 5.00000E-02 1.00000E-01
 -1        14 0.00000E+00 7.50000E-02 0.00000E+00
 -1        15 0.00000E+00 7.50000E-02 5.00000E-02
 -1        16 0.00000E+00 7.50000E-02 1.00000E-01
 -1        17 0.00000E+00 1.00000E-01 0.00000E+00
 -1        18 0.00000E+00 1.00000E-01 2.50000E-02
 -1        19 0.00000E+00 1.00000E-01 5.00000E-02
 -1        20 0.00000E+00 1.00000E-01 7.50000E-02
 -1        21 0.00000E+00 1.00000E-01 1.00000E-01
 -1        22 2.50000E-02 0.00000E+00 0.00000E+00
 -1        23 2.50000E-02 0.00000E+00 5.00000E-02
 -1        24 2.50000E-02 0.00000E+00 1.00000E-01
 -1        25 2.50000E-02 5.00000E-02 0.00000E+00
 -1        26 2.50000E-02 5.00000E-02 5.00000E-02
 -1        27 2.50000E-02 5.00000E-02 1.00000E-01
 -1        28 2.50000E-02 1.00000E-01 0.00000E+00
 -1        29 2.50000E-02 1.00000E-01 5.00000E-02
 -1        30 2.50000E-02 1.00000E-01 1.00000E-01
 -1        31 5.00000E-02 0.00000E+00 0.00000E+00
 -1        32 5.00000E-02 0.00000E+00 2.50000E-02
 -1        33 5.00000E-02 0.00000E+00 5.00000E-02
 -1        34 5.00000E-02 0.00000E+00 7.50000E-02
 -1        35 5.00000E-02 0.00000E+00 1.00000E-01
 -1        36 5.00000E-02 2.50000E-02 0.00000E+00
 -1        37 5.00000E-02 2.50000E-02 5.00000E-02
 -1        38 5.00000E-02 2.50000E-02 1.00000E-01
 -1        39 5.00000E-02 5.00000E-02 0.00000E+00
 -1        40 5.00000E-02 5.00000E-02 2.50000E-02
 -1        41 5.00000E-02 5.00000E-02 5.00000E-02
 -1        42 5.00000E-02 5.00000E-02 7.50000E-02
 -1        43 5.00000E-02 5.00000E-02 1.00000E-01
 -1        44 5.00000E-02 7.50000E-02 0.00000E+00
 -1        45 5.00000E-02 7.50000E-02 5.00000E-02
 -1        46 5.00000E-02 7.50000E-02 1.00000E-01
 -1        47 5.00000E-02 1.00000E-01 0.00000E+00
 -1        48 5.00000E-02 1.00000E-01 2.50000E-02
 -1        49 5.00000E-02 1.00000E-01 5.00000E-02
 -1        50 5.00000E-02 1.00000E-01 7.50000E-02
 -1        51 5.00000E-02 1.00000E-01 1.00000E-01
 -1        52 7.50000E-02 0.00000E+00 0.00000E+00
 -1        53 7.50000E-02 0.00000E+00 5.00000E-02
 -1        54 7.50000E-02 0.00000E+00 1.00000E-01
 -1        55 7.50000E-02 5.00000E-02 0.00000E+00
 -1        56 7.50000E-02 5.00000E-02 5.00000E-02
 -1        57 7.50000E-02 5.00000E-02 1.00000E-01
 -1        58 7.50000E-02 1.00000E-01 0.00000E+00
 -1        59 7.50000E-02 1.00000E-01 5.00000E-02
 -1        60 7.50000E-02 1.00000E-01 1.00000E-01
 -1        61 1.00000E-01 0.00000E+00 0.00000E+00
 -1        62 1.00000E-01 0.00000E+00 2.50000E-02
 -1        63 1.00000E-01 0.00000E+00 5.00000E-02
 -1        64 1.00000E-01 0.00000E+00 7.50000E-02
 -1        65 1.00000E-01 0.00000E+00 1.00000E-01
 -1        66 1.00000E-01 2.50000E-02 0.00000E+00
 -1        67 1.00000E-01 2.50000E-02 5.00000E-02
 -1        68 1.00000E-01 2.50000E-02 1.00000E-01
 -1        69 1.00000E-01 5.00000E-02 0.00000E+00
 -1        70 1.00000E-01 5.00000E-02 2.50000E-02
 -1        71 1.00000E-01 5.00000E-02 5.00000E-02
 -1        72 1.00000E-01 5.00000E-02 7.50000E-02
 -1        73 1.00000E-01 5.00000E-02 1.00000E-01
 -1        74 1.00000E-01 7.50000E-02 0.00000E+00
 -1        75 1.00000E-01 7.50000E-02 5.00000E-02
 -1        76 1.00000E-01 7.50000E-02 1.00000E-01
 -1        77 1.00000E-01 1.00000E-01 0.00000E+00
 -1        78 1.00000E-01 1.00000E-01 2.50000E-02
 -1        79 1.00000E-01 1.00000E-01 5.00000E-02
 -1        80 1.00000E-01 1.00000E-01 7.50000E-02
 -1        81 1.00000E-01 1.00000E-01 1.00000E-01
 -1        82 1.25000E-01 0.00000E+00 0.00000E+00
 -1        83 1.25000E-01 0.00000E+00 5.00000E-02
 -1        84 1.25000E-01 0.00000E+00 1.00000E-01
 -1        85 1.25000E-01 5.00000E-02 0.00000E+00
 -1        86 1.25000E-01 5.00000E-02 5.00000E-02
 -1        87 1.25000E-01 5.00000E-02 1.00000E-01
 -1        88 1.25000E-01 1.00000E-01 0.00000E+00
 -1        89 1.25000E-01 1.00000E-01 5.00000E-02
 -1        90 1.25000E-01 1.00000E-01 1.00000E-01
 -1        91 1.50000E-01 0.00000E+00 0.00000E+00
 -1        92 1.50000E-01 0.00000E+00 2.50000E-02
 -1        93 1.50000E-01 0.00000E+00 5.00000E-02
 -1        94 1.50000E-01 0.00000E+00 7.50000E-02
 -1        95 1.50000E-01 0.00000E+00 1.00000E-01
 -1        96 1.50000E-01 2.50000E-02 0.00000E+00
 -1        97 1.50000E-01 2.50000E-02 5.00000E-02
 -1        98 1.50000E-01 2.50000E-02 1.00000E-01
 -1        99 1.50000E-01 5.00000E-02 0.00000E+00
 -1       100 1.50000E-01 5.00000E-02 2.50000E-02
 -1       101 1.50000E-01 5.00000E-02 5.00000E-02
 -1       102 1.50000E-01 5.00000E-02 7.50000E-02
 -1       103 1.50000E-01 5.00000E-02 1.00000E-01
 -1       104 1.50000E-01 7.50000E-02 0.00000E+00
 -1       105 1.50000E-01 7.50000E-02 5.00000E-02
 -1       106 1.50000E-01 7.50000E-02 1.00000E-01
 -1       107 1.50000E-01 1.00000E-01 0.00000E+00
 -1       108 1.50000E-01 1.00000E-01 2.50000E-02
 -1       109 1.50000E-01 1.00000E-01 5.00000E-02
 -1       110 1.50000E-01 1.00000E-01 7.50000E-02
 -1       111 1.50000E-01 1.00000E-01 1.00000E-01
 -1       112 1.75000E-01 0.00000E+00 0.00000E+00
 -1       113 1.75000E-01 0.00000E+00 5.00000E-02
 -1       114 1.75000E-01 0.00000E+00 1.00000E-01
 -1       115 1.75000E-01 5.00000E-02 0.00000E+00
 -1       116 1.75000E-01 5.00000E-02 5.00000E-02
 -1       117 1.75000E-01 5.00000E-02 1.00000E-01
 -1       118 1.75000E-01 1.00000E-01 0.00000E+00
 -1       119 1.75000E-01 1.00000E-01 5.00000E-02
 -1       120 1.75000E-01 1.00000E-01 1.00000E-01
 -1       121 2.00000E-01 0.00000E+00 0.00000E+00
 -1       122 2.00000E-01 0.00000E+00 2.50000E-02
 -1       123 2.00000E-01 0.00000E+00 5.00000E-02
 -1       124 2.00000E-01 0.00000E+00 7.50000E-02
 -1       125 2.00000E-01 0.00000E+00 1.00000E-01
 -1       126 2.00000E-01 2.50000E-02 0.00000E+00
 -1       127 2.00000E-01 2.50000E-02 5.00000E-02
 -1       128 2.00000E-01 2.50000E-02 1.00000E-01
 -1       129 2.00000E-01 5.00000E-02 0.00000E+00
 -1       130 2.00000E-01 5.00000E-02 2.50000E-02
 -1       131 2.00000E-01 5.00000E-02 5.00000E-02
 -1       132 2.00000E-01 5.00000E-02 7.50000E-02
 -1       133 2.00000E-01 5.00000E-02 1.00000E-01
 -1       134 2.00000E-01 7.50000E-02 0.00000E+00
 -1       135 2.00000E-01 7.50000E-02 5.00000E-02
 -1       136 2.00000E-01 7.50000E-02 1.00000E-01
 -1       137 2.00000E-01 1.00000E-01 0.00000E+00
 -1       138 2.00000E-01 1.00000E-01 2.50000E-02
 -1       139 2.00000E-01 1.00000E-01 5.00000E-02
 -1       140 2.00000E-01 1.00000E-01 7.50000E-02
 -1       141 2.00000E-01 1.00000E-01 1.00000E-01
 -1       142 2.25000E-01 0.00000E+00 0.00000E+00
 -1       143 2.25000E-01 0.00000E+00 5.00000E-02
 -1       144 2.25000E-01 0.00000E+00 1.00000E-01
 -1       145 2.25000E-01 5.00000E-02 0.00000E+00
 -1       146 2.25000E-01 5.00000E-02 5.00000E-02
 -1       147 2.25000E-01 5.00000E-02 1.00000E-01
 -1       148 2.25000E-01 1.00000E-01 0.00000E+00
 -1       149 2.25000E-01 1.00000E-01 5.00000E-02
 -1       150 2.25000E-01 1.00000E-01 1.00000E-01
 -1       151 2.50000E-01 0.00000E+00 0.00000E+00
 -1       152 2.50000E-01 0.00000E+00 2.50000E-02
 -1       153 2.50000E-01 0.00000E+00 5.00000E-02
 -1       154 2.50000E-01 0.00000E+00 7.50000E-02
 -1       155 2.50000E-01 0.00000E+00 1.00000E-01
 -1       156 2.50000E-01 2.50000E-02 0.00000E+00
 -1       157 2.50000E-01 2.50000E-02 5.00000E-02
 -1       158 2.50000E-01 2.50000E-02 1.00000E-01
 -1       159 2.50000E-01 5.00000E-02 0.00000E+00
 -1       160 2.50000E-01 5.00000E-02 2.50000E-02
 -1       161 2.50000E-01 5.00000E-02 5.00000E-02
 -1       162 2.50000E-01 5.00000E-02 7.50000E-02
 -1       163 2.50000E-01 5.00000E-02 1.00000E-01
 -1       164 2.50000E-01 7.50000E-02 0.00000E+00
 -1       165 2.50000E-01 7.50000E-02 5.00000E-02
 -1       166 2.50000E-01 7.50000E-02 1.00000E-01
 -1       167 2.50000E-01 1.00000E-01 0.00000E+00
 -1       168 2.50000E-01 1.00000E-01 2.50000E-02
 -1       169 2.50000E-01 1.00000E-01 5.00000E-02
 -1       170 2.50000E-01 1.00000E-01 7.50000E-02
 -1       171 2.50000E-01 1.00000E-01 1.00000E-01
 -1       172 2.75000E-01 0.00000E+00 0.00000E+00
 -1       173 2.75000E-01 0.00000E+00 5.00000E-02
 -1       174 2.75000E-01 0.00000E+00 1.00000E-01
 -1       175 2.75000E-01 5.00000E-02 0.00000E+00
 -1       176 2.75000E-01 5.00000E-02 5.00000E-02
 -1       177 2.75000E-01 5.00000E-02 1.00000E-01
 -1       178 2.75000E-01 1.00000E-01 0.00000E+00
 -1       179 2.75000E-01 1.00000E-01 5.00000E-02
 -1       180 2.75000E-01 1.00000E-01 1.00000E-01
 -1       181 3.00000E-01 0.00000E+00 0.00000E+00
 -1       182 3.00000E-01 0.00000E+00 2.50000E-02
 -1       183 3.00000E-01 0.00000E+00 5.00000E-02
 -1       184 3.00000E-01 0.00000E+00 7.50000E-02
 -1       185 3.00000E-01 0.00000E+00 1.00000E-01
 -1       186 3.00000E-01 2.50000E-02 0.00000E+00
 -1       187 3.00000E-01 2.50000E-02 5.00000E-02
 -1       188 3.00000E-01 2.50000E-02 1.00000E-01
 -1       189 3.00000E-01 5.00000E-02 0.00000E+00
 -1       190 3.00000E-01 5.00000E-02 2.50000E-02
 -1       191 3.00000E-01 5.00000E-02 5.00000E-02
 -1       192 3.00000E-01 5.00000E-02 7.50000E-02
 -1       193 3.00000E-01 5.00000E-02 1.00000E-01
 -1       194 3.00000E-01 7.50000E-02 0.00000E+00
 -1       195 3.00000E-01 7.50000E-02 5.00000E-02
 -1       196 3.00000E-01 7.50000E-02 1.00000E-01
 -1       197 3.00000E-01 1.00000E-01 0.00000E+00
 -1       198 3.00000E-01 1.00000E-01 2.50000E-02
 -1       199 3.00000E-01 1.00000E-01 5.00000E-02
 -1       200 3.00000E-01 1.00000E-01 7.50000E-02
 -1       201 3.00000E-01 1.00000E-01 1.00000E-01
 -1       202 3.25000E-01 0.00000E+00 0.00000E+00
 -1       203 3.25000E-01 0.00000E+00 5.00000E-02
 -1       204 3.25000E-01 0.00000E+00 1.00000E-01
 -1       205 3.25000E-01 5.00000E-02 0.00000E+00
 -1       206 3.25000E-01 5.00000E-02 5.00000E-02
 -1       207 3.25000E-01 5.00000E-02 1.00000E-01
 -1       208 3.25000E-01 1.00000E-01 0.00000E+00
 -1       209 3.25000E-01 1.00000E-01 5.00000E-02
 -1       210 3.25000E-01 1.00000E-01 1.00000E-01
 -1       211 3.50000E-01 0.00000E+00 0.00000E+00
 -1       212 3.50000E-01 0.00000E+00 2.50000E-02
 -1       213 3.50000E-01 0.00000E+00 5.00000E-02
 -1       214 3.50000E-01 0.00000E+00 7.50000E-02
 -1       215 3.50000E-01 0.00000E+00 1.00000E-01
 -1       216 3.50000E-01 2.50000E-02 0.00000E+00
 -1       217 3.50000E-01 2.50000E-02 5.00000E-02
 -1       218 3.50000E-01 2.50000E-02 1.00000E-01
 -1       219 3.50000E-01 5.00000E-02 0.00000E+00
 -1       220 3.50000E-01 5.00000E-02 2.50000E-02
 -1       221 3.50000E-01 5.00000E-02 5.00000E-02
 -1       222 3.50000E-01 5.00000E-02 7.50000E-02
 -1       223 3.50000E-01 5.00000E-02 1.00000E-01
 -1       224 3.50000E-01 7.50000E-02 0.00000E+00
 -1       225 3.50000E-01 7.50000E-02 5.00000E-02
 -1       226 3.50000E-01 7.50000E-02 1.00000E-01
 -1       227 3.50000E-01 1.00000E-01 0.00000E+00
 -1       228 3.50000E-01 1.00000E-01 2.50000E-02
 -1       229 3.50000E-01 1.00000E-01 5.00000E-02
 -1       230 3.50000E-01 1.00000E-01 7.50000E-02
 -1       231 3.50000E-01 1.00000E-01 1.00000E-01
 -1       232 3.75000E-01 0.00000E+00 0.00000E+00
 -1       233 3.75000E-01 0.00000E+00 5.00000E-02
 -1       234 3.75000E-01 0.00000E+00 1.00000E-01
 -1       235 3.75000E-01 5.00000E-02 0.00000E+00
 -1       236 3.75000E-01 5.00000E-02 5.00000E-02
 -1       237 3.75000E-01 5.00000E-02 1.00000E-01
 -1       238 3.75000E-01 1.00000E-01 0.00000E+00
 -1       239 3.75000E-01 1.00000E-01 5.00000E-02
 -1       240 3.75000E-01 1.00000E-01 1.00000E-01
 -1       241 4.00000E-01 0.00000E+00 0.00000E+00
 -1       242 4.00000E-01 0.00000E+00 2.50000E-02
 -1       243 4.00000E-01 0.00000E+00 5.00000E-02
 -1       244 4.00000E-01 0.00000E+00 7.50000E-02
 -1       245 4.00000E-01 0.00000E+00 1.00000E-01
 -1       246 4.00000E-01 2.50000E-02 0.00000E+00
 -1       247 4.00000E-01 2.50000E-02 5.00000E-02
 -1       248 4.00000E-01 2.50000E-02 1.00000E-01
 -1       249 4.00000E-01 5.00000E-02 0.00000E+00
 -1       250 4.00000E-01 5.00000E-02 2.50000E-02
 -1       251 4.00000E-01 5.00000E-02 5.00000E-02
 -1       252 4.00000E-01 5.00000E-02 7.50000E-02
 -1       253 4.00000E-01 5.00000E-02 1.00000E-01
 -1       254 4.00000E-01 7.50000E-02 0.00000E+00
 -1       255 4.00000E-01 7.50000E-02 5.00000E-02
 -1       256 4.00000E-01 7.50000E-02 1.00000E-01
 -1       257 4.00000E-01 1.00000E-01 0.00000E+00
 -1       258 4.00000E-01 1.00000E-01 2.50000E-02
 -1       259 4.00000E-01 1.00000E-01 5.00000E-02
 -1       260 4.00000E-01 1.00000E-01 7.50000E-02
 -1       261 4.00000E-01 1.00000E-01 1.00000E-01
 -1       262 4.25000E-01 0.00000E+00 0.00000E+00
 -1       263 4.25000E-01 0.00000E+00 5.00000E-02
 -1       264 4.25000E-01 0.00000E+00 1.00000E-01
 -1       265 4.25000E-01 5.00000E-02 0.00000E+00
 -1       266 4.25000E-01 5.00000E-02 5.00000E-02
 -1       267 4.25000E-01 5.00000E-02 1.00000E-01
 -1       268 4.25000E-01 1.00000E-01 0.00000E+00
 -1       269 4.25000E-01 1.00000E-01 5.00000E-02
 -1       270 4.25000E-01 1.00000E-01 1.00000E-01
 -1       271 4.50000E-01 0.00000E+00 0.00000E+00
 -1       272 4.50000E-01 0.00000E+00 2.50000E-02
 -1       273 4.50000E-01 0.00000E+00 5.00000E-02
 -1       274 4.50000E-01 0.00000E+00 7.50000E-02
 -1       275 4.50000E-01 0.00000E+00 1.00000E-01
 -1       276 4.50000E-01 2.50000E-02 0.00000E+00
 -1       277 4.50000E-01 2.50000E-02 5.00000E-02
 -1       278 4.50000E-01 2.50000E-02 1.00000E-01
 -1       279 4.50000E-01 5.00000E-02 0.00000E+00
 -1       280 4.50000E-01 5.00000E-02 2.50000E-02
 -1       281 4.50000E-01 5.00000E-02 5.00000E-02
 -1       282 4.50000E-01 5.00000E-02 7.50000E-02
 -1       283 4.50000E-01 5.00000E-02 1.00000E-01
 -1       284 4.50000E-01 7.50000E-02 0.00000E+00
 -1       285 4.50000E-01 7.50000E-02 5.00000E-02
 -1       286 4.50000E-01 7.50000E-02 1.00000E-01
 -1       287 4.50000E-01 1.00000E-01 0.00000E+00
 -1       288 4.50000E-01 1.00000E-01 2.50000E-02
 -1       289 4.50000E-01 1.00000E-01 5.00000E-02
 -1       290 4.50000E-01 1.00000E-01 7.50000E-02
 -1       291 4.50000E-01 1.00000E-01 1.00000E-01
 -1       292 4.75000E-01 0.00000E+00 0.00000E+00
 -1       293 4.75000E-01 0.00000E+00 5.00000E-02
 -1       294 4.75000E-01 0.00000E+00 1.00000E-01
 -1       295 4.75000E-01 5.00000E-02 0.00000E+00
 -1       296 4.75000E-01 5.00000E-02 5.00000E-02
 -1       297 4.75000E-01 5.00000E-02 1.00000E-01
 -1       298 4.75000E-01 1.00000E-01 0.00000E+00
 -1       299 4.75000E-01 1.00000E-01 5.00000E-02
 -1       300 4.75000E-01 1.00000E-01 1.00000E-01
 -1       301 5.00000E-01 0.00000E+00 0.00000E+00
 -1       302 5.00000E-01 0.00000E+00 2.50000E-02
 -1       303 5.00000E-01 0.00000E+00 5.00000E-02
 -1       304 5.00000E-01 0.00000E+00 7.50000E-02
 -1       305 5.00000E-01 0.00000E+00 1.00000E-01
 -1       306 5.00000E-01 2.50000E-02 0.00000E+00
 -1       307 5.00000E-01 2.50000E-02 5.00000E-02
 -1       308 5.00000E-01 2.50000E-02 1.00000E-01
 -1       309 5.00000E-01 5.00000E-02 0.00000E+00
 -1       310 5.00000E-01 5.00000E-02 2.50000E-02
 -1       311 5.00000E-01 5.00000E-02 5.00000E-02
 -1       312 5.00000E-01 5.00000E-02 7.50000E-02
 -1       313 5.00000E-01 5.00000E-02 1.00000E-01
 -1       314 5.00000E-01 7.50000E-02 0.00000E+00
 -1       315 5.00000E-01 7.50000E-02 5.00000E-02
 -1       316 5.00000E-01 7.50000E-02 1.00000E-01
 -1       317 5.00000E-01 1.00000E-01 0.00000E+00
 -1       318 5.00000E-01 1.00000E-01 2.50000E-02
 -1       319 5.00000E-01 1.00000E-01 5.00000E-02
 -1       320 5.00000E-01 1.00000E-01 7.50000E-02
 -1       321 5.00000E-01 1.00000E-01 1.00000E-01
 -1       322 5.25000E-01 0.00000E+00 0.00000E+00
 -1       323 5.25000E-01 0.00000E+00 5.00000E-02
 -1       324 5.25000E-01 0.00000E+00 1.00000E-01
 -1       325 5.25000E-01 5.00000E-02 0.00000E+00
 -1       326 5.25000E-01 5.00000E-02 5.00000E-02
 -1       327 5.25000E-01 5.00000E-02 1.00000E-01
 -1       328 5.25000E-01 1.00000E-01 0.00000E+00
 -1       329 5.25000E-01 1.00000E-01 5.00000E-02
 -1       330 5.25000E-01 1.00000E-01 1.00000E-01
 -1       331 5.50000E-01 0.00000E+00 0.00000E+00
 -1       332 5.50000E-01 0.00000E+00 2.50000E-02
 -1       333 5.50000E-01 0.00000E+00 5.00000E-02
 -1       334 5.50000E-01 0.00000E+00 7.50000E-02
 -1       335 5.50000E-01 0.00000E+00 1.00000E-01
 -1       336 5.50000E-01 2.50000E-02 0.00000E+00
 -1       337 5.50000E-01 2.50000E-02 5.00000E-02
 -1       338 5.50000E-01 2.50000E-02 1.00000E-01
 -1       339 5.50000E-01 5.00000E-02 0.00000E+00
 -1       340 5.50000E-01 5.00000E-02 2.50000E-02
 -1       341 5.50000E-01 5.00000E-02 5.00000E-02
 -1       342 5.50000E-01 5.00000E-02 7.50000E-02
 -1       343 5.50000E-01 5.00000E-02 1.00000E-01
 -1       344 5.50000E-01 7.50000E-02 0.00000E+00
 -1       345 5.50000E-01 7.50000E-02 5.00000E-02
 -1       346 5.50000E-01 7.50000E-02 1.00000E-01
 -1       347 5.50000E-01 1.00000E-01 0.00000E+00
 -1       348 5.50000E-01 1.00000E-01 2.50000E-02
 -1       349 5.50000E-01 1.00000E-01 5.00000E-02
 -1       350 5.50000E-01 1.00000E-01 7.50000E-02
 -1       351 5.50000E-01 1.00000E-01 1.00000E-01
 -1       352 5.75000E-01 0.00000E+00 0.00000E+00
 -1       353 5.75000E-01 0.00000E+00 5.00000E-02
 -1       354 5.75000E-01 0.00000E+00 1.00000E-01
 -1       355 5.75000E-01 5.00000E-02 0.00000E+00
 -1       356 5.75000E-01 5.00000E-02 5.00000E-02
 -1       357 5.75000E-01 5.00000E-02 1.00000E-01
 -1       358 5.75000E-01 1.00000E-01 0.00000E+00
 -1       359 5.75000E-01 1.00000E-01 5.00000E-02
 -1       360 5.75000E-01 1.00000E-01 1.00000E-01
 -1       361 6.00000E-01 0.00000E+00 0.00000E+00
 -1       362 6.00000E-01 0.00000E+00 2.50000E-02
 -1       363 6.00000E-01 0.00000E+00 5.00000E-02
 -1       364 6.00000E-01 0.00000E+00 7.50000E-02
 -1       365 6.00000E-01 0.00000E+00 1.00000E-01
 -1       366 6.00000E-01 2.50000E-02 0.00000E+00
 -1       367 6.00000E-01 2.50000E-02 5.00000E-02
 -1       368 6.00000E-01 2.50000E-02 1.00000E-01
 -1       369 6.00000E-01 5.00000E-02 0.00000E+00
 -1       370 6.00000E-01 5.00000E-02 2.50000E-02
 -1       371 6.00000E-01 5.00000E-02 5.00000E-02
 -1       372 6.00000E-01 5.00000E-02 7.50000E-02
 -1       373 6.00000E-01 5.00000E-02 1.00000E-01
 -1       374 6.00000E-01 7.50000E-02 0.00000E+00
 -1       375 6.00000E-01 7.50000E-02 5.00000E-02
 -1       376 6.00000E-01 7.50000E-02 1.00000E-01
 -1       377 6.00000E-01 1.00000E-01 0.00000E+00
 -1       378 6.00000E-01 1.00000E-01 2.50000E-02
 -1       379 6.00000E-01 1.00000E-01 5.00000E-02
 -1       380 6.00000E-01 1.00000E-01 7.50000E-02
 -1       381 6.00000E-01 1.00000E-01 1.00000E-01
 -1       382 6.25000E-01 0.00000E+00 0.00000E+00
 -1       383 6.25000E-01 0.00000E+00 5.00000E-02
 -1       384 6.25000E-01 0.00000E+00 1.00000E-01
 -1       385 6.25000E-01 5.00000E-02 0.00000E+00
 -1       386 6.25000E-01 5.00000E-02 5.00000E-02
 -1       387 6.25000E-01 5.00000E-02 1.00000E-01
 -1       388 6.25000E-01 1.00000E-01 0.00000E+00
 -1       389 6.25000E-01 1.00000E-01 5.00000E-02
 -1       390 6.25000E-01 1.00000E-01 1.00000E-01
 -1       391 6.50000E-01 0.00000E+00 0.00000E+00
 -1       392 6.50000E-01 0.00000E+00 2.50000E-02
 -1       393 6.50000E-01 0.00000E+00 5.00000E-02
 -1       394 6.50000E-01 0.00000E+00 7.50000E-02
 -1       395 6.50000E-01 0.00000E+00 1.00000E-01
 -1       396 6.50000E-01 2.50000E-02 0.00000E+00
 -1       397 6.50000E-01 2.50000E-02 5.00000E-02
 -1       398 6.50000E-01 2.50000E-02 1.00000E-01
 -1       399 6.50000E-01 5.00000E-02 0.00000E+00
 -1       400 6.50000E-01 5.00000E-02 2.50000E-02
 -1       401 6.50000E-01 5.00000E-02 5.00000E-02
 -1       402 6.50000E-01 5.00000E-02 7.50000E-02
 -1       403 6.50000E-01 5.00000E-02 1.00000E-01
 -1       404 6.50000E-01 7.50000E-02 0.00000E+00
 -1       405 6.50000E-01 7.50000E-02 5.00000E-02
 -1       406 6.50000E-01 7.50000E-02 1.00000E-01
 -1       407 6.50000E-01 1.00000E-01 0.00000E+00
 -1       408 6.50000E-01 1.00000E-01 2.50000E-02
 -1       409 6.50000E-01 1.00000E-01 5.00000E-02
 -1       410 6.50000E-01 1.00000E-01 7.50000E-02
 -1       411 6.50000E-01 1.00000E-01 1.00000E-01
 -1       412 6.75000E-01 0.00000E+00 0.00000E+00
 -1       413 6.75000E-01 0.00000E+00 5.00000E-02
 -1       414 6.75000E-01 0.00000E+00 1.00000E-01
 -1       415 6.75000E-01 5.00000E-02 0.00000E+00
 -1       416 6.75000E-01 5.00000E-02 5.00000E-02
 -1       417 6.75000E-01 5.00000E-02 1.00000E-01
 -1       418 6.75000E-01 1.00000E-01 0.00000E+00
 -1       419 6.75000E-01 1.00000E-01 5.00000E-02
 -1       420 6.75000E-01 1.00000E-01 1.00000E-01
 -1       421 7.00000E-01 0.00000E+00 0.00000E+00
 -1       422 7.00000E-01 0.00000E+00 2.50000E-02
 -1       423 7.00000E-01 0.00000E+00 5.00000E-02
 -1       424 7.00000E-01 0.00000E+00 7.50000E-02
 -1       425 7.00000E-01 0.00000E+00 1.00000E-01
 -1       426 7.00000E-01 2.50000E-02 0.00000E+00
 -1       427 7.00000E-01 2.50000E-02 5.00000E-02
 -1       428 7.00000E-01 2.50000E-02 1.00000E-01
 -1       429 7.00000E-01 5.00000E-02 0.00000E+00
 -1       430 7.00000E-01 5.00000E-02 2.50000E-02
 -1       431 7.00000E-01 5.00000E-02 5.00000E-02
 -1       432 7.00000E-01 5.00000E-02 7.50000E-02
 -1       433 7.00000E-01 5.00000E-02 1.00000E-01
 -1       434 7.00000E-01 7.50000E-02 0.00000E+00
 -1       435 7.00000E-01 7.50000E-02 5.00000E-02
 -1       436 7.00000E-01 7.50000E-02 1.00000E-01
 -1       437 7.00000E-01 1.00000E-01 0.00000E+00
 -1       438 7.00000E-01 1.00000E-01 2.50000E-02
 -1       439 7.00000E-01 1.00000E-01 5.00000E-02
 -1       440 7.00000E-01 1.00000E-01 7.50000E-02
 -1       441 7.00000E-01 1.00000E-01 1.00000E-01
 -1       442 7.25000E-01 0.00000E+00 0.00000E+00
 -1       443 7.25000E-01 0.00000E+00 5.00000E-02
 -1       444 7.25000E-01 0.00000E+00 1.00000E-01
 -1       445 7.25000E-01 5.00000E-02 0.00000E+00
 -1       446 7.25000E-01 5.00000E-02 5.00000E-02
 -1       447 7.25000E-01 5.00000E-02 1.00000E-01
 -1       448 7.25000E-01 1.00000E-01 0.00000E+00
 -1       449 7.25000E-01 1.00000E-01 5.00000E-02
 -1       450 7.25000E-01 1.00000E-01 1.00000E-01
 -1       451 7.50000E-01 0.00000E+00 0.00000E+00
 -1       452 7.50000E-01 0.00000E+00 2.50000E-02
 -1       453 7.50000E-01 0.00000E+00 5.00000E-02
 -1       454 7.50000E-01 0.00000E+00 7.50000E-02
 -1       455 7.50000E-01 0.00000E+00 1.00000E-01
 -1       456 7.50000E-01 2.50000E-02 0.00000E+00
 -1       457 7.50000E-01 2.50000E-02 5.00000E-02
 -1       458 7.50000E-01 2.50000E-02 1.00000E-01
 -1       459 7.50000E-01 5.00000E-02 0.00000E+00
 -1       460 7.50000E-01 5.00000E-02 2.50000E-02
 -1       461 7.50000E-01 5.00000E-02 5.00000E-02
 -1       462 7.50000E-01 5.00000E-02 7.50000E-02
 -1       463 7.50000E-01 5.00000E-02 1.00000E-01
 -1       464 7.50000E-01 7.50000E-02 0.00000E+00
 -1       465 7.50000E-01 7.50000E-02 5.00000E-02
 -1       466 7.50000E-01 7.50000E-02 1.00000E-01
 -1       467 7.50000E-01 1.00000E-01 0.00000E+00
 -1       468 7.50000E-01 1.00000E-01 2.50000E-02
 -1       469 7.50000E-01 1.00000E-01 5.00000E-02
 -1       470 7.50000E-01 1.00000E-01 7.50000E-02
 -1       471 7.50000E-01 1.00000E-01 1.00000E-01
 -1       472 7.75000E-01 0.00000E+00 0.00000E+00
 -1       473 7.75000E-01 0.00000E+00 5.00000E-02
 -1       474 7.75000E-01 0.00000E+00 1.00000E-01
 -1       475 7.75000E-01 5.00000E-02 0.00000E+00
 -1       476 7.75000E-01 5.00000E-02 5.00000E-02
 -1       477 7.75000E-01 5.00000E-02 1.00000E-01
 -1       478 7.75000E-01 1.00000E-01 0.00000E+00
 -1       479 7.75000E-01 1.00000E-01 5.00000E-02
 -1       480 7.75000E-01 1.00000E-01 1.00000E-01
 -1       481 8.00000E-01 0.00000E+00 0.00000E+00
 -1       482 8.00000E-01 0.00000E+00 2.50000E-02
 -1       483 8.00000E-01 0.00000E+00 5.00000E-02
 -1       484 8.00000E-01 0.00000E+00 7.50000E-02
 -1       485 8.00000E-01 0.00000E+00 1.00000E-01
 -1       486 8.00000E-01 2.50000E-02 0.00000E+00
 -1       487 8.00000E-01 2.50000E-02 5.00000E-02
 -1       488 8.00000E-01 2.50000E-02 1.00000E-01
 -1       489 8.00000E-01 5.00000E-02 0.00000E+00
 -1       490 8.00000E-01 5.00000E-02 2.50000E-02
 -1       491 8.00000E-01 5.00000E-02 5.00000E-02
 -1       492 8.00000E-01 5.00000E-02 7.50000E-02
 -1       493 8.00000E-01 5.00000E-02 1.00000E-01
 -1       494 8.00000E-01 7.50000E-02 0.00000E+00
 -1       495 8.00000E-01 7.50000E-02 5.00000E-02
 -1       496 8.00000E-01 7.50000E-02 1.00000E-01
 -1       497 8.00000E-01 1.00000E-01 0.00000E+00
 -1       498 8.00000E-01 1.00000E-01 2.50000E-02
 -1       499 8.00000E-01 1.00000E-01 5.00000E-02
 -1       500 8.00000E-01 1.00000E-01 7.50000E-02
 -1       501 8.00000E-01 1.00000E-01 1.00000E-01
 -1       502 8.25000E-01 0.00000E+00 0.00000E+00
 -1       503 8.25000E-01 0.00000E+00 5.00000E-02
 -1       504 8.25000E-01 0.00000E+00 1.00000E-01
 -1       505 8.25000E-01 5.00000E-02 0.00000E+00
 -1       506 8.25000E-01 5.00000E-02 5.00000E-02
 -1       507 8.25000E-01 5.00000E-02 1.00000E-01
 -1       508 8.25000E-01 1.00000E-01 0.00000E+00
 -1       509 8.25000E-01 1.00000E-01 5.00000E-02
 -1       510 8.25000E-01 1.00000E-01 1.00000E-01
 -1       511 8.50000E-01 0.00000E+00 0.00000E+00
 -1       512 8.50000E-01 0.00000E+00 2.50000E-02
 -1       513 8.50000E-01 0.00000E+00 5.00000E-02
 -1       514 8.50000E-01 0.00000E+00 7.50000E-02
 -1       515 8.50000E-01 0.00000E+00 1.00000E-01
 -1       516 8.50000E-01 2.50000E-02 0.00000E+00
 -1       517 8.50000E-01 2.50000E-02 5.00000E-02
 -1       518 8.50000E-01 2.50000E-02 1.00000E-01
 -1       519 8.50000E-01 5.00000E-02 0.00000E+00
 -1       520 8.50000E-01 5.00000E-02 2.50000E-02
 -1       521 8.50000E-01 5.00000E-02 5.00000E-02
 -1       522 8.50000E-01 5.00000E-02 7.50000E-02
 -1       523 8.50000E-01 5.00000E-02 1.00000E-01
 -1       524 8.50000E-01 7.50000E-02 0.00000E+00
 -1       525 8.50000E-01 7.50000E-02 5.00000E-02
 -1       526 8.50000E-01 7.50000E-02 1.00000E-01
 -1       527 8.50000E-01 1.00000E-01 0.00000E+00
 -1       528 8.50000E-01 1.00000E-01 2.50000E-02
 -1       529 8.50000E-01 1.00000E-01 5.00000E-02
 -1       530 8.50000E-01 1.00000E-01 7.50000E-02
 -1       531 8.50000E-01 1.00000E-01 1.00000E-01
 -1       532 8.75000E-01 0.00000E+00 0.00000E+00
 -1       533 8.75000E-01 0.00000E+00 5.00000E-02
 -1       534 8.75000E-01 0.00000E+00 1.00000E-01
 -1       535 8.75000E-01 5.00000E-02 0.00000E+00
 -1       536 8.75000E-01 5.00000E-02 5.00000E-02
 -1       537 8.75000E-01 5.00000E-02 1.00000E-01
 -1       538 8.75000E-01 1.00000E-01 0.00000E+00
 -1       539 8.75000E-01 1.00000E-01 5.00000E-02
 -1       540 8.75000E-01 1.00000E-01 1.00000E-01
 -1       541 9.00000E-01 0.00000E+00 0.00000E+00
 -1       542 9.00000E-01 0.00000E+00 2.50000E-02
 -1       543 9.00000E-01 0.00000E+00 5.00000E-02
 -1       544 9.00000E-01 0.00000E+00 7.50000E-02
 -1       545 9.00000E-01 0.00000E+00 1.00000E-01
 -1       546 9.00000E-01 2.50000E-02 0.00000E+00
 -1       547 9.00000E-01 2.50000E-02 5.00000E-02
 -1       548 9.00000E-01 2.50000E-02 1.00000E-01
 -1       549 9.00000E-01 5.00000E-02 0.00000E+00
 -1       550 9.00000E-01 5.00000E-02 2.50000E-02
 -1       551 9.00000E-01 5.00000E-02 5.00000E-02
 -1       552 9.00000E-01 5.00000E-02 7.50000E-02
 -1       553 9.00000E-01 5.00000E-02 1.00000E-01
 -1       554 9.00000E-01 7.50000E-02 0.00000E+00
 -1       555 9.00000E-01 7.50000E-02 5.00000E-02
 -1       556 9.00000E-01 7.50000E-02 1.00000E-01
 -1       557 9.00000E-01 1.00000E-01 0.00000E+00
 -1       558 9.00000E-01 1.00000E-01 2.50000E-02
 -1       559 9.00000E-01 1.00000E-01 5.00000E-02
 -1       560 9.00000E-01 1.00000E-01 7.50000E-02
 -1       561 9.00000E-01 1.00000E-01 1.00000E-01
 -1       562 9.25000E-01 0.00000E+00 0.00000E+00
 -1       563 9.25000E-01 0.00000E+00 5.00000E-02
 -1       564 9.25000E-01 0.00000E+00 1.00000E-01
 -1       565 9.25000E-01 5.00000E-02 0.00000E+00
 -1       566 9.25000E-01 5.00000E-02 5.00000E-02
 -1       567 9.25000E-01 5.00000E-02 1.00000E-01
 -1       568 9.25000E-01 1.00000E-01 0.00000E+00
 -1       569 9.25000E-01 1.00000E-01 5.00000E-02
 -1       570 9.25000E-01 1.00000E-01 1.00000E-01
 -1       571 9.50000E-01 0.00000E+00 0.00000E+00
 -1       572 9.50000E-01 0.00000E+00 2.50000E-02
 -1       573 9.50000E-01 0.00000E+00 5.00000E-02
 -1       574 9.50000E-01 0.00000E+00 7.50000E-02
 -1       575 9.50000E-01 0.00000E+00 1.00000E-01
 -1       576 9.50000E-01 2.50000E-02 0.00000E+00
 -1       577 9.50000E-01 2.50000E-02 5.00000E-02
 -1       578 9.50000E-01 2.50000E-02 1.00000E-01
 -1       579 9.50000E-01 5.00000E-02 0.00000E+00
 -1       580 9.50000E-01 5.00000E-02 2.50000E-02
 -1       581 9.50000E-01 5.00000E-02 5.00000E-02
 -1       582 9.50000E-01 5.00000E-02 7.50000E-02
 -1       583 9.50000E-01 5.00000E-02 1.00000E-01
 -1       584 9.50000E-01 7.50000E-02 0.00000E+00
 -1       585 9.50000E-01 7.50000E-02 5.00000E-02
 -1       586 9.50000E-01 7.50000E-02 1.00000E-01
 -1       587 9.50000E-01 1.00000E-01 0.00000E+00
 -1       588 9.50000E-01 1.00000E-01 2.50000E-02
 -1       589 9.50000E-01 1.00000E-01 5.00000E-02
 -1       590 9.50000E-01 1.00000E-01 7.50000E-02
 -1       591 9.50000E-01 1.00000E-01 1.00000E-01
 -1       592 9.75000E-01 0.00000E+00 0.00000E+00
 -1       593 9.75000E-01 0.00000E+00 5.00000E-02
 -1       594 9.75000E-01 0.00000E+00 1.00000E-01
 -1       595 9.75000E-01 5.00000E-02 0.00000E+00
 -1       596 9.75000E-01 5.00000E-02 5.00000E-02
 -1       597 9.75000E-01 5.00000E-02 1.00000E-01
 -1       598 9.75000E-01 1.00000E-01 0.00000E+00
 -1       599 9.75000E-01 1.00000E-01 5.00000E-02
 -1       600 9.75000E-01 1.00000E-01 1.00000E-01
 -1       601 1.00000E+00 0.00000E+00 0.00000E+00
 -1       602 1.00000E+00 0.00000E+00 2.50000E-02
 -1       603 1.00000E+00 0.00000E+00 5.00000E-02
 -1       604 1.00000E+00 0.00000E+00 7.50000E-02
 -1       605 1.00000E+00 0.00000E+00 1.00000E-01
 -1       606 1.00000E+00 2.50000E-02 0.00000E+00
 -1       607 1.00000E+00 2.50000E-02 5.00000E-02
 -1       608 1.00000E+00 2.50000E-02 1.00000E-01
 -1       609 1.00000E+00 5.00000E-02 0.00000E+00
 -1       610 1.00000E+00 5.00000E-02 2.50000E-02
 -1       611 1.00000E+00 5.00000E-02 5.00000E-02
 -1       612 1.00000E+00 5.00000E-02 7.50000E-02
 -1       613 1.00000E+00 5.00000E-02 1.00000E-01
 -1       614 1.00000E+00 7.50000E-02 0.00000E+00
 -1       615 1.00000E+00 7.50000E-02 5.00000E-02
 -1       616 1.00000E+00 7.50000E-02 1.00000E-01
 -1       617 1.00000E+00 1.00000E-01 0.00000E+00
 -1       618 1.00000E+00 1.00000E-01 2.50000E-02
 -1       619 1.00000E+00 1.00000E-01 5.00000E-02
 -1       620 1.00000E+00 1.00000E-01 7.50000E-02
 -1       621 1.00000E+00 1.00000E-01 1.00000E-01
 -3
    3C                            80                                     1
 -1         1    4    0    1
 -2         1        31        39         9         3        33        41        11        22        36
 -2        25         6         2        32        40        10        23        37        26         7
 -1         2    4    0    1
 -2         3        33        41        11         5        35        43        13        23        37
 -2        26         7         4        34        42        12        24        38        27         8
 -1         3    4    0    1
 -2         9        39        47        17        11        41        49        19        25        44
 -2        28        14        10        40        48        18        26        45        29        15
 -1         4    4    0    1
 -2        11        41        49        19        13        43        51        21        26        45
 -2        29        15        12        42        50        20        27        46        30        16
 -1         5    4    0    1
 -2        31        61        69        39        33        63        71        41        52        66
 -2        55        36        32        62        70        40        53        67        56        37
 -1         6    4    0    1
 -2        33        63        71        41        35        65        73        43        53        67
 -2        56        37        34        64        72        42        54        68        57        38
 -1         7    4    0    1
 -2        39        69        77        47        41        71        79        49        55        74
 -2        58        44        40        70        78        48        56        75        59        45
 -1         8    4    0    1
 -2        41        71        79        49        43        73        81        51        56        75
 -2        59        45        42        72        80        50        57        76        60        46
 -1         9    4    0    1
 -2        61        91        99        69        63        93       101        71        82        96
 -2        85        66        62        92       100        70        83        97        86        67
 -1        10    4    0    1
 -2        63        93       101        71        65        95       103        73        83        97
 -2        86        67        64        94       102        72        84        98        87        68
 -1        11    4    0    1
 -2        69        99       107        77        71       101       109        79        85       104
 -2        88        74        70       100       108        78        86       105        89        75
 -1        12    4    0    1
 -2        71       101       109        79        73       103       111        81        86       105
 -2        89        75        72       102       110        80        87       106        90        76
 -1        13    4    0    1
 -2        91       121       129        99        93       123       131       101       112       126
 -2       115        96        92       122       130       100       113       127       116        97
 -1        14    4    0    1
 -2        93       123       131       101        95       125       133       103       113       127
 -2       116        97        94       124       132       102       114       128       117        98
 -1        15    4    0    1
 -2        99       129       137       107       101       131       139       109       115       134
 -2       118       104       100       130       138       108       116       135       119       105
 -1        16    4    0    1
 -2       101       131       139       109       103       133       141       111       116       135
 -2       119       105       102       132       140       110       117       136       120       106
 -1        17    4    0    1
 -2       121       151       159       129       123       153       161       131       142       156
 -2       145       126       122       152       160       130       143       157       146       127
 -1        18    4    0    1
 -2       123       153       161       131       125       155       163       133       143       157
 -2       146       127       124       154       162       132       144       158       147       128
 -1        19    4    0    1
 -2       129       159       167       137       131       161       169       139       145       164
 -2       148       134       130       160       168       138       146       165       149       135
 -1        20    4    0    1
 -2       131       161       169       139       133       163       171       141       146       165
 -2       149       135       132       162       170       140       147       166       150       136
 -1        21    4    0    1
 -2       151       181       189       159       153       183       191       161       172       186
 -2       175       156       152       182       190       160       173       187       176       157
 -1        22    4    0    1
 -2       153       183       191       161       155       185       193       163       173       187
 -2       176       157       154       184       192       162       174       188       177       158
 -1        23    4    0    1
 -2       159       189       197       167       161       191       199       169       175       194
 -2       178       164       160       190       198       168       176       195       179       165
 -1        24    4    0    1
 -2       161       191       199       169       163       193       201       171       176       195
 -2       179       165       162       192       200       170       177       196       180       166
 -1        25    4    0    1
 -2       181       211       219       189       183       213       221       191       202       216
 -2       205       186       182       212       220       190       203       217       206       187
 -1        26    4    0    1
 -2       183       213       221       191       185       215       223       193       203       217
 -2       206       187       184       214       222       192       204       218       207       188
 -1        27    4    0    1
 -2       189       219       227       197       191       221       229       199       205       224
 -2       208       194       190       220       228       198       206       225       209       195
 -1        28    4    0    1
 -2       191       221       229       199       193       223       231       201       206       225
 -2       209       195       192       222       230       200       207       226       210       196
 -1        29    4    0    1
 -2       211       241       249       219       213       243       251       221       232       246
 -2       235       216       212       242       250       220       233       247       236       217
 -1        30    4    0    1
 -2       213       243       251       221       215       245       253       223       233       247
 -2       236       217       214       244       252       222       234       248       237       218
 -1        31    4    0    1
 -2       219       249       257       227       221       251       259       229       235       254
 -2       238       224       220       250       258       228       236       255       239       225
 -1        32    4    0    1
 -2       221       251       259       229       223       253       261       231       236       255
 -2       239       225       222       252       260       230       237       256       240       226
 -1        33    4    0    1
 -2       241       271       279       249       243       273       281       251       262       276
 -2       265       246       242       272       280       250       263       277       266       247
 -1        34    4    0    1
 -2       243       273       281       251       245       275       283       253       263       277
 -2       266       247       244       274       282       252       264       278       267       248
 -1        35    4    0    1
 -2       249       279       287       257       251       281       289       259       265       284
 -2       268       254       250       280       288       258       266       285       269       255
 -1        36    4    0    1
 -2       251       281       289       259       253       283       291       261       266       285
 -2       269       255       252       282       290       260       267       286       270       256
 -1        37    4    0    1
 -2       271       301       309       279       273       303       311       281       292       306
 -2       295       276       272       302       310       280       293       307       296       277
 -1        38    4    0    1
 -2       273       303       311       281       275       305       313       283       293       307
 -2       296       277       274       304       312       282       294       308       297       278
 -1        39    4    0    1
 -2       279       309       317       287       281       311       319       289       295       314
 -2       298       284       280       310       318       288       296       315       299       285
 -1        40    4    0    1
 -2       281       311       319       289       283       313       321       291       296       315
 -2       299       285       282       312       320       290       297       316       300       286
 -1        41    4    0    1
 -2       301       331       339       309       303       333       341       311       322       336
 -2       325       306       302       332       340       310       323       337       326       307
 -1        42    4    0    1
 -2       303       333       341       311       305       335       343       313       323       337
 -2       326       307       304       334       342       312       324       338       327       308
 -1        43    4    0    1
 -2       309       339       347       317       311       341       349       319       325       344
 -2       328       314       310       340       348       318       326       345       329       315
 -1        44    4    0    1
 -2       311       341       349       319       313       343       351       321       326       345
 -2       329       315       312       342       350       320       327       346       330       316
 -1        45    4    0    1
 -2       331       361       369       339       333       363       371       341       352       366
 -2       355       336       332       362       370       340       353       367       356       337
 -1        46    4    0    1
 -2       333       363       371       341       335       365       373       343       353       367
 -2       356       337       334       364       372       342       354       368       357       338
 -1        47    4    0    1
 -2       339       369       377       347       341       371       379       349       355       374
 -2       358       344       340       370       378       348       356       375       359       345
 -1        48    4    0    1
 -2       341       371       379       349       343       373       381       351       356       375
 -2       359       345       342       372       380       350       357       376       360       346
 -1        49    4    0    1
 -2       361       391       399       369       363       393       401       371       382       396
 -2       385       366       362       392       400       370       383       397       386       367
 -1        50    4    0    1
 -2       363       393       401       371       365       395       403       373       383       397
 -2       386       367       364       394       402       372       384       398       387       368
 -1        51    4    0    1
 -2       369       399       407       377       371       401       409       379       385       404
 -2       388       374       370       400       408       378       386       405       389       375
 -1        52    4    0    1
 -2       371       401       409       379       373       403       411       381       386       405
 -2       389       375       372       402       410       380       387       406       390       376
 -1        53    4    0    1
 -2       391       421       429       399       393       423       431       401       412       426
 -2       415       396       392       422       430       400       413       427       416       397
 -1        54    4    0    1
 -2       393       423       431       401       395       425       433       403       413       427
 -2       416       397       394       424       432       402       414       428       417       398
 -1        55    4    0    1
 -2       399       429       437       407       401       431       439       409       415       434
 -2       418       404       400       430       438       408       416       435       419       405
 -1        56    4    0    1
 -2       401       431       439       409       403       433       441       411       416       435
 -2       419       405       402       432       440       410       417       436       420       406
 -1        57    4    0    1
 -2       421       451       459       429       423       453       461       431       442       456
 -2       445       426       422       452       460       430       443       457       446       427
 -1        58    4    0    1
 -2       423       453       461       431       425       455       463       433       443       457
 -2       446       427       424       454       462       432       444       458       447       428
 -1        59    4    0    1
 -2       429       459       467       437       431       461       469       439       445       464
 -2       448       434       430       460       468       438       446       465       449       435
 -1        60    4    0    1
 -2       431       461       469       439       433       463       471       441       446       465
 -2       449       435       432       462       470       440       447       466       450       436
 -1        61    4    0    1
 -2       451       481       489       459       453       483       491       461       472       486
 -2       475       456       452       482       490       460       473       487       476       457
 -1        62    4    0    1
 -2       453       483       491       461       455       485       493       463       473       487
 -2       476       457       454       484       492       462       474       488       477       458
 -1        63    4    0    1
 -2       459       489       497       467       461       491       499       469       475       494
 -2       478       464       460       490       498       468       476       495       479       465
 -1        64    4    0    1
 -2       461       491       499       469       463       493       501       471       476       495
 -2       479       465       462       492       500       470       477       496       480       466
 -1        65    4    0    1
 -2       481       511       519       489       483       513       521       491       502       516
 -2       505       486       482       512       520       490       503       517       506       487
 -1        66    4    0    1
 -2       483       513       521       491       485       515       523       493       503       517
 -2       506       487       484       514       522       492       504       518       507       488
 -1        67    4    0    1
 -2       489       519       527       497       491       521       529       499       505       524
 -2       508       494       490       520       528       498       506       525       509       495
 -1        68    4    0    1
 -2       491       521       529       499       493       523       531       501       506       525
 -2       509       495       492       522       530       500       507       526       510       496
 -1        69    4    0    1
 -2       511       541       549       519       513       543       551       521       532       546
 -2       535       516       512       542       550       520       533       547       536       517
 -1        70    4    0    1
 -2       513       543       551       521       515       545       553       523       533       547
 -2       536       517       514       544       552       522       534       548       537       518
 -1        71    4    0    1
 -2       519       549       557       527       521       551       559       529       535       554
 -2       538       524       520       550       558       528       536       555       539       525
 -1        72    4    0    1
 -2       521       551       559       529       523       553       561       531       536       555
 -2       539       525       522       552       560       530       537       556       540       526
 -1        73    4    0    1
 -2       541       571       579       549       543       573       581       551       562       576
 -2       565       546       542       572       580       550       563       577       566       547
 -1        74    4    0    1
 -2       543       573       581       551       545       575       583       553       563       577
 -2       566       547       544       574       582       552       564       578       567       548
 -1        75    4    0    1
 -2       549       579       587       557       551       581       589       559       565       584
 -2       568       554       550       580       588       558       566       585       569       555
 -1        76    4    0    1
 -2       551       581       589       559       553       583       591       561       566       585
 -2       569       555       552       582       590       560       567       586       570       556
 -1        77    4    0    1
 -2       571       601       609       579       573       603       611       581       592       606
 -2       595       576       572       602       610       580       593       607       596       577
 -1        78    4    0    1
 -2       573       603       611       581       575       605       613       583       593       607
 -2       596       577       574       604       612       582       594       608       597       578
 -1        79    4    0    1
 -2       579       609       617       587       581       611       619       589       595       614
 -2       598       584       580       610       618       588       596       615       599       585
 -1        80    4    0    1
 -2       581       611       619       589       583       613       621       591       596       615
 -2       599       585       582       612       620       590       597       616       600       586
 -3
    1PSTEP                         1           1           1          
  100CL  101 1.000000000         621                     0    1           1
 -4  DISP        4    1
 -5  D1          1    2    1    0
 -5  D2          1    2    2    0
 -5  D3          1    2    3    0
 -5  ALL         1    2    0    0    1ALL
 -1         1 0.00000E+00 0.00000E+00 0.00000E+00
 -1         2 0.00000E+00 0.00000E+00 0.00000E+00
 -1         3 0.00000E+00 0.00000E+00 0.00000E+00
 -1         4 0.00000E+00 0.00000E+00 0.00000E+00
 -1         5 0.00000E+00 0.00000E+00 0.00000E+00
 -1         6 0.00000E+00 0.00000E+00 0.00000E+00
 -1         7 0.00000E+00 0.00000E+00 0.00000E+00
 -1         8 0.00000E+00 0.00000E+00 0.00000E+00
 -1         9 0.00000E+00 0.00000E+00 0.00000E+00
 -1        10 0.00000E+00 0.00000E+00 0.00000E+00
 -1        11 0.00000E+00 0.00000E+00 0.00000E+00
 -1        12 0.00000E+00 0.00000E+00 0.00000E+00
 -1        13 0.00000E+00 0.00000E+00 0.00000E+00
 -1        14 0.00000E+00 0.00000E+00 0.00000E+00
 -1        15 0.00000E+00 0.00000E+00 0.00000E+00
 -1        16 0.00000E+00 0.00000E+00 0.00000E+00
 -1        17 0.00000E+00 0.00000E+00 0.00000E+00
 -1        18 0.00000E+00 0.00000E+00 0.00000E+00
 -1        19 0.00000E+00 0.00000E+00 0.00000E+00
 -1        20 0.00000E+00 0.00000E+00 0.00000E+00
 -1        21 0.00000E+00 0.00000E+00 0.00000E+00
 -1        22-6.48974E-07-3.25219E-07-2.46672E-07
 -1        23 1.16022E-18 7.12236E-19-3.64987E-09
 -1        24 6.48974E-07 3.25219E-07-2.46672E-07
 -1        25-6.11238E-07 3.65057E-19-3.69340E-07
 -1        26 1.18275E-20 2.62299E-19-1.31472E-07
 -1        27 6.11238E-07-3.14997E-19-3.69340E-07
 -1        28-6.48974E-07 3.25219E-07-2.46672E-07
 -1        29-1.13172E-18 6.97274E-19-3.64987E-09
 -1        30 6.48974E-07-3.25219E-07-2.46672E-07
 -1        31-1.32766E-06-3.66921E-07-6.95695E-07
 -1        32-6.64629E-07-1.87650E-07-5.50246E-07
 -1        33 2.51393E-18 1.69109E-18-5.35103E-07
 -1        34 6.64629E-07 1.87650E-07-5.50246E-07
 -1        35 1.32766E-06 3.66921E-07-6.95695E-07
 -1        36-1.30619E-06-1.73169E-07-8.44382E-07
 -1        37 1.22952E-18 1.38243E-18-6.75964E-07
 -1        38 1.30619E-06 1.73169E-07-8.44382E-07
 -1        39-1.32960E-06 1.70690E-18-8.84881E-07
 -1        40-6.45899E-07 1.63345E-18-7.21194E-07
 -1        41 2.89049E-20 1.34045E-18-7.00257E-07
 -1        42 6.45899E-07 9.60324E-19-7.21194E-07
 -1        43 1.32960E-06 3.65051E-19-8.84881E-07
 -1        44-1.30619E-06 1.73169E-07-8.44382E-07
 -1        45-1.17300E-18 1.37454E-18-6.75964E-07
 -1        46 1.30619E-06-1.73169E-07-8.44382E-07
 -1        47-1.32766E-06 3.66921E-07-6.95695E-07
 -1        48-6.64629E-07 1.87650E-07-5.50246E-07
 -1        49-2.45405E-18 1.67369E-18-5.35103E-07
 -1        50 6.64629E-07-1.87650E-07-5.50246E-07
 -1        51 1.32766E-06-3.66921E-07-6.95695E-07
 -1        52-1.98999E-06-3.92773E-07-1.55832E-06
 -1        53 3.73996E-18 3.32443E-18-1.36067E-06
 -1        54 1.98999E-06 3.92773E-07-1.55832E-06
 -1        55-1.98649E-06 3.61065E-18-1.75454E-06
 -1        56 4.36965E-20 2.93136E-18-1.54593E-06
 -1        57 1.98649E-06 1.57062E-18-1.75454E-06
 -1        58-1.98999E-06 3.92773E-07-1.55832E-06
 -1        59-3.65134E-18 3.30741E-18-1.36067E-06
 -1        60 1.98999E-06-3.92773E-07-1.55832E-06
 -1        61-2.63498E-06-3.84713E-07-2.73321E-06
 -1        62-1.30229E-06-1.91750E-07-2.59756E-06
 -1        63 4.93584E-18 5.51461E-18-2.55031E-06
 -1        64 1.30229E-06 1.91750E-07-2.59756E-06
 -1        65 2.63498E-06 3.84713E-07-2.73321E-06
 -1        66-2.64147E-06-1.94605E-07-2.87675E-06
 -1        67 2.47091E-18 5.25837E-18-2.69024E-06
 -1        68 2.64147E-06 1.94605E-07-2.87675E-06
 -1        69-2.63175E-06 6.19652E-18-2.92675E-06
 -1        70-1.30474E-06 5.76160E-18-2.78914E-06
 -1        71 5.86570E-20 5.15885E-18-2.73783E-06
 -1        72 1.30474E-06 4.38371E-18-2.78914E-06
 -1        73 2.63175E-06 3.43925E-18-2.92675E-06
 -1        74-2.64147E-06 1.94605E-07-2.87675E-06
 -1        75-2.35532E-18 5.24931E-18-2.69024E-06
 -1        76 2.64147E-06-1.94605E-07-2.87675E-06
 -1        77-2.63498E-06 3.84713E-07-2.73321E-06
 -1        78-1.30229E-06 1.91750E-07-2.59756E-06
 -1        79-4.81770E-18 5.49669E-18-2.55031E-06
 -1        80 1.30229E-06-1.91750E-07-2.59756E-06
 -1        81 2.63498E-06-3.84713E-07-2.73321E-06
 -1        82-3.26385E-06-3.74462E-07-4.24812E-06
 -1        83 6.10880E-18 8.31703E-18-4.05850E-06
 -1        84 3.26385E-06 3.74462E-07-4.24812E-06
 -1        85-3.26743E-06 9.36040E-18-4.43410E-06
 -1        86 7.52536E-20 7.96534E-18-4.24597E-06
 -1        87 3.26743E-06 5.89112E-18-4.43410E-06
 -1        88-3.26385E-06 3.74462E-07-4.24812E-06
 -1        89-5.96187E-18 8.29567E-18-4.05850E-06
 -1        90 3.26385E-06-3.74462E-07-4.24812E-06
 -1        91-3.87997E-06-3.63458E-07-6.06719E-06
 -1        92-1.92963E-06-1.82066E-07-5.92990E-06
 -1        93 7.23740E-18 1.16787E-17-5.88562E-06
 -1        94 1.92963E-06 1.82066E-07-5.92990E-06
 -1        95 3.87997E-06 3.63458E-07-6.06719E-06
 -1        96-3.88342E-06-1.81363E-07-6.20412E-06
 -1        97 3.64263E-18 1.14249E-17-6.02250E-06
 -1        98 3.88342E-06 1.81363E-07-6.20412E-06
 -1        99-3.88479E-06 1.31005E-17-6.24956E-06
 -1       100-1.93397E-06 1.23009E-17-6.11155E-06
 -1       101 9.33854E-20 1.13383E-17-6.06722E-06
 -1       102 1.93397E-06 1.02146E-17-6.11155E-06
 -1       103 3.88479E-06 8.92402E-18-6.24956E-06
 -1       104-3.88342E-06 1.81363E-07-6.20412E-06
 -1       105-3.46497E-18 1.14121E-17-6.02250E-06
 -1       106 3.88342E-06-1.81363E-07-6.20412E-06
 -1       107-3.87997E-06 3.63458E-07-6.06719E-06
 -1       108-1.92963E-06 1.82066E-07-5.92990E-06
 -1       109-7.05898E-18 1.16552E-17-5.88562E-06
 -1       110 1.92963E-06-1.82066E-07-5.92990E-06
 -1       111 3.87997E-06-3.63458E-07-6.06719E-06
 -1       112-4.47847E-06-3.53681E-07-8.18995E-06
 -1       113 8.31549E-18 1.55761E-17-8.01343E-06
 -1       114 4.47847E-06 3.53681E-07-8.18995E-06
 -1       115-4.48292E-06 1.73789E-17-8.36678E-06
 -1       116 1.05826E-19 1.52534E-17-8.19014E-06
 -1       117 4.48292E-06 1.24970E-17-8.36678E-06
 -1       118-4.47847E-06 3.53681E-07-8.18995E-06
 -1       119-8.10785E-18 1.55538E-17-8.01343E-06
 -1       120 4.47847E-06-3.53681E-07-8.18995E-06
 -1       121-5.05870E-06-3.43065E-07-1.06075E-05
 -1       122-2.51761E-06-1.71440E-07-1.04794E-05
 -1       123 9.35061E-18 1.99983E-17-1.04365E-05
 -1       124 2.51761E-06 1.71440E-07-1.04794E-05
 -1       125 5.05870E-06 3.43065E-07-1.06075E-05
 -1       126-5.06408E-06-1.71599E-07-1.07361E-05
 -1       127 4.71451E-18 1.97682E-17-1.05649E-05
 -1       128 5.06408E-06 1.71599E-07-1.07361E-05
 -1       129-5.06318E-06 2.21846E-17-1.07791E-05
 -1       130-2.52219E-06 2.10137E-17-1.06509E-05
 -1       131 1.19372E-19 1.96896E-17-1.06078E-05
 -1       132 2.52219E-06 1.82159E-17-1.06509E-05
 -1       133 5.06318E-06 1.65957E-17-1.07791E-05
 -1       134-5.06408E-06 1.71599E-07-1.07361E-05
 -1       135-4.46848E-18 1.97635E-17-1.05649E-05
 -1       136 5.06408E-06-1.71599E-07-1.07361E-05
 -1       137-5.05870E-06 3.43065E-07-1.06075E-05
 -1       138-2.51761E-06 1.71440E-07-1.04794E-05
 -1       139-9.11514E-18 1.99802E-17-1.04365E-05
 -1       140 2.51761E-06-1.71440E-07-1.04794E-05
 -1       141 5.05870E-06-3.43065E-07-1.06075E-05
 -1       142-5.62106E-06-3.32119E-07-1.33117E-05
 -1       143 1.03474E-17 2.49241E-17-1.31455E-05
 -1       144 5.62106E-06 3.32119E-07-1.33117E-05
 -1       145-5.62567E-06 2.74930E-17-1.34777E-05
 -1       146 1.37548E-19 2.46364E-17-1.33115E-05
 -1       147 5.62567E-06 2.11980E-17-1.34777E-05
 -1       148-5.62106E-06 3.32119E-07-1.33117E-05
 -1       149-1.00731E-17 2.49142E-17-1.31455E-05
 -1       150 5.62106E-06-3.32119E-07-1.33117E-05
 -1       151-6.16574E-06-3.21356E-07-1.62921E-05
 -1       152-3.07153E-06-1.60704E-07-1.61715E-05
 -1       153 1.12968E-17 3.03331E-17-1.61314E-05
 -1       154 3.07153E-06 1.60704E-07-1.61715E-05
 -1       155 6.16574E-06 3.21356E-07-1.62921E-05
 -1       156-6.17058E-06-1.60670E-07-1.64127E-05
 -1       157 5.69778E-18 3.01334E-17-1.62519E-05
 -1       158 6.17058E-06 1.60670E-07-1.64127E-05
 -1       159-6.17032E-06 3.32884E-17-1.64528E-05
 -1       160-3.07612E-06 3.17298E-17-1.63322E-05
 -1       161 1.54714E-19 3.00573E-17-1.62921E-05
 -1       162 3.07612E-06 2.82355E-17-1.63322E-05
 -1       163 6.17032E-06 2.62932E-17-1.64528E-05
 -1       164-6.17058E-06 1.60670E-07-1.64127E-05
 -1       165-5.40343E-18 3.01146E-17-1.62519E-05
 -1       166 6.17058E-06-1.60670E-07-1.64127E-05
 -1       167-6.16574E-06 3.21356E-07-1.62921E-05
 -1       168-3.07153E-06 1.60704E-07-1.61715E-05
 -1       169-1.09859E-17 3.03212E-17-1.61314E-05
 -1       170 3.07153E-06-1.60704E-07-1.61715E-05
 -1       171 6.16574E-06-3.21356E-07-1.62921E-05
 -1       172-6.69253E-06-3.10722E-07-1.95404E-05
 -1       173 1.21879E-17 3.61946E-17-1.93850E-05
 -1       174 6.69253E-06 3.10722E-07-1.95404E-05
 -1       175-6.69711E-06 3.95068E-17-1.96957E-05
 -1       176 1.62371E-19 3.59305E-17-1.95404E-05
 -1       177 6.69711E-06 3.18332E-17-1.96957E-05
 -1       178-6.69253E-06 3.10722E-07-1.95404E-05
 -1       179-1.18620E-17 3.61707E-17-1.93850E-05
 -1       180 6.69253E-06-3.10722E-07-1.95404E-05
 -1       181-7.20145E-06-3.00020E-07-2.30476E-05
 -1       182-3.58929E-06-1.50003E-07-2.29351E-05
 -1       183 1.30418E-17 4.24822E-17-2.28976E-05
 -1       184 3.58929E-06 1.50003E-07-2.29351E-05
 -1       185 7.20145E-06 3.00020E-07-2.30476E-05
 -1       186-7.20646E-06-1.50010E-07-2.31601E-05
 -1       187 6.58697E-18 4.22779E-17-2.30101E-05
 -1       188 7.20646E-06 1.50010E-07-2.31601E-05
 -1       189-7.20604E-06 4.61670E-17-2.31976E-05
 -1       190-3.59388E-06 4.42596E-17-2.30851E-05
 -1       191 1.77975E-19 4.22179E-17-2.30476E-05
 -1       192 3.59388E-06 4.00754E-17-2.30851E-05
 -1       193 7.20604E-06 3.78318E-17-2.31976E-05
 -1       194-7.20646E-06 1.50010E-07-2.31601E-05
 -1       195-6.21733E-18 4.22782E-17-2.30101E-05
 -1       196 7.20646E-06-1.50010E-07-2.31601E-05
 -1       197-7.20145E-06 3.00020E-07-2.30476E-05
 -1       198-3.58929E-06 1.50003E-07-2.29351E-05
 -1       199-1.26713E-17 4.24585E-17-2.28976E-05
 -1       200 3.58929E-06-1.50003E-07-2.29351E-05
 -1       201 7.20145E-06-3.00020E-07-2.30476E-05
 -1       202-7.69252E-06-2.89283E-07-2.68048E-05
 -1       203 1.38521E-17 4.91650E-17-2.66602E-05
 -1       204 7.69252E-06 2.89283E-07-2.68048E-05
 -1       205-7.69711E-06 5.32002E-17-2.69495E-05
 -1       206 2.01633E-19 4.89267E-17-2.68048E-05
 -1       207 7.69711E-06 4.42017E-17-2.69495E-05
 -1       208-7.69252E-06 2.89283E-07-2.68048E-05
 -1       209-1.34294E-17 4.91516E-17-2.66602E-05
 -1       210 7.69252E-06-2.89283E-07-2.68048E-05
 -1       211-8.16574E-06-2.78566E-07-3.08031E-05
 -1       212-4.07146E-06-1.39284E-07-3.06987E-05
 -1       213 1.46015E-17 5.62282E-17-3.06638E-05
 -1       214 4.07146E-06 1.39284E-07-3.06987E-05
 -1       215 8.16574E-06 2.78566E-07-3.08031E-05
 -1       216-8.17070E-06-1.39283E-07-3.09076E-05
 -1       217 7.38148E-18 5.60627E-17-3.07683E-05
 -1       218 8.17070E-06 1.39283E-07-3.09076E-05
 -1       219-8.17033E-06 6.06221E-17-3.09424E-05
 -1       220-4.07605E-06 5.83720E-17-3.08379E-05
 -1       221 2.26037E-19 5.60116E-17-3.08031E-05
 -1       222 4.07605E-06 5.35610E-17-3.08379E-05
 -1       223 8.17033E-06 5.09789E-17-3.09424E-05
 -1       224-8.17070E-06 1.39283E-07-3.09076E-05
 -1       225-6.95252E-18 5.60631E-17-3.07683E-05
 -1       226 8.17070E-06-1.39283E-07-3.09076E-05
 -1       227-8.16574E-06 2.78566E-07-3.08031E-05
 -1       228-4.07146E-06 1.39284E-07-3.06987E-05
 -1       229-1.41677E-17 5.62146E-17-3.06638E-05
 -1       230 4.07146E-06-1.39284E-07-3.06987E-05
 -1       231 8.16574E-06-2.78566E-07-3.08031E-05
 -1       232-8.62109E-06-2.67858E-07-3.50336E-05
 -1       233 1.52977E-17 6.36785E-17-3.48996E-05
 -1       234 8.62109E-06 2.67858E-07-3.50336E-05
 -1       235-8.62568E-06 6.84204E-17-3.51675E-05
 -1       236 2.22848E-19 6.34698E-17-3.50336E-05
 -1       237 8.62568E-06 5.81100E-17-3.51675E-05
 -1       238-8.62109E-06 2.67858E-07-3.50336E-05
 -1       239-1.48629E-17 6.36683E-17-3.48996E-05
 -1       240 8.62109E-06-2.67858E-07-3.50336E-05
 -1       241-9.05859E-06-2.57144E-07-3.94872E-05
 -1       242-4.51788E-06-1.28572E-07-3.93908E-05
 -1       243 1.59750E-17 7.14524E-17-3.93587E-05
 -1       244 4.51788E-06 1.28572E-07-3.93908E-05
 -1       245 9.05859E-06 2.57144E-07-3.94872E-05
 -1       246-9.06357E-06-1.28572E-07-3.95837E-05
 -1       247 8.08844E-18 7.13016E-17-3.94551E-05
 -1       248 9.06357E-06 1.28572E-07-3.95837E-05
 -1       249-9.06318E-06 7.65501E-17-3.96158E-05
 -1       250-4.52247E-06 7.39515E-17-3.95194E-05
 -1       251 2.16672E-19 7.12629E-17-3.94872E-05
 -1       252 4.52247E-06 6.84662E-17-3.95194E-05
 -1       253 9.06318E-06 6.55993E-17-3.96158E-05
 -1       254-9.06357E-06 1.28572E-07-3.95837E-05
 -1       255-7.60445E-18 7.13083E-17-3.94551E-05
 -1       256 9.06357E-06-1.28572E-07-3.95837E-05
 -1       257-9.05859E-06 2.57144E-07-3.94872E-05
 -1       258-4.51788E-06 1.28572E-07-3.93908E-05
 -1       259-1.54792E-17 7.14343E-17-3.93587E-05
 -1       260 4.51788E-06-1.28572E-07-3.93908E-05
 -1       261 9.05859E-06-2.57144E-07-3.94872E-05
 -1       262-9.47823E-06-2.46428E-07-4.41552E-05
 -1       263 1.66027E-17 7.95246E-17-4.40320E-05
 -1       264 9.47823E-06 2.46428E-07-4.41552E-05
 -1       265-9.48283E-06 8.49737E-17-4.42784E-05
 -1       266 2.42040E-19 7.93406E-17-4.41552E-05
 -1       267 9.48283E-06 7.34015E-17-4.42784E-05
 -1       268-9.47823E-06 2.46428E-07-4.41552E-05
 -1       269-1.60743E-17 7.95131E-17-4.40320E-05
 -1       270 9.47823E-06-2.46428E-07-4.41552E-05
 -1       271-9.88002E-06-2.35714E-07-4.90285E-05
 -1       272-4.92859E-06-1.17857E-07-4.89401E-05
 -1       273 1.71722E-17 8.78894E-17-4.89106E-05
 -1       274 4.92859E-06 1.17857E-07-4.89401E-05
 -1       275 9.88002E-06 2.35714E-07-4.90285E-05
 -1       276-9.88499E-06-1.17857E-07-4.91169E-05
 -1       277 8.70798E-18 8.77616E-17-4.89990E-05
 -1       278 9.88499E-06 1.17857E-07-4.91169E-05
 -1       279-9.88461E-06 9.36406E-17-4.91463E-05
 -1       280-4.93319E-06 9.07078E-17-4.90579E-05
 -1       281 2.81633E-19 8.77255E-17-4.90285E-05
 -1       282 4.93319E-06 8.46482E-17-4.90579E-05
 -1       283 9.88461E-06 8.15028E-17-4.91463E-05
 -1       284-9.88499E-06 1.17857E-07-4.91169E-05
 -1       285-8.13921E-18 8.77572E-17-4.89990E-05
 -1       286 9.88499E-06-1.17857E-07-4.91169E-05
 -1       287-9.88002E-06 2.35714E-07-4.90285E-05
 -1       288-4.92859E-06 1.17857E-07-4.89401E-05
 -1       289-1.66058E-17 8.78658E-17-4.89106E-05
 -1       290 4.92859E-06-1.17857E-07-4.89401E-05
 -1       291 9.88002E-06-2.35714E-07-4.90285E-05
 -1       292-1.02639E-05-2.25000E-07-5.40982E-05
 -1       293 1.76850E-17 9.65226E-17-5.39857E-05
 -1       294 1.02639E-05 2.25000E-07-5.40982E-05
 -1       295-1.02685E-05 1.02509E-16-5.42107E-05
 -1       296 3.04766E-19 9.63732E-17-5.40982E-05
 -1       297 1.02685E-05 8.99269E-17-5.42107E-05
 -1       298-1.02639E-05 2.25000E-07-5.40982E-05
 -1       299-1.70792E-17 9.64801E-17-5.39857E-05
 -1       300 1.02639E-05-2.25000E-07-5.40982E-05
 -1       301-1.06300E-05-2.14286E-07-5.93554E-05
 -1       302-5.30359E-06-1.07143E-07-5.92751E-05
 -1       303 1.81792E-17 1.05388E-16-5.92483E-05
 -1       304 5.30359E-06 1.07143E-07-5.92751E-05
 -1       305 1.06300E-05 2.14286E-07-5.93554E-05
 -1       306-1.06350E-05-1.07143E-07-5.94358E-05
 -1       307 9.21167E-18 1.05289E-16-5.93286E-05
 -1       308 1.06350E-05 1.07143E-07-5.94358E-05
 -1       309-1.06346E-05 1.11597E-16-5.94626E-05
 -1       310-5.30819E-06 1.08474E-16-5.93822E-05
 -1       311 3.05982E-19 1.05258E-16-5.93554E-05
 -1       312 5.30819E-06 1.01962E-16-5.93822E-05
 -1       313 1.06346E-05 9.86328E-17-5.94626E-05
 -1       314-1.06350E-05 1.07143E-07-5.94358E-05
 -1       315-8.59352E-18 1.05289E-16-5.93286E-05
 -1       316 1.06350E-05-1.07143E-07-5.94358E-05
 -1       317-1.06300E-05 2.14286E-07-5.93554E-05
 -1       318-5.30359E-06 1.07143E-07-5.92751E-05
 -1       319-1.75501E-17 1.05369E-16-5.92483E-05
 -1       320 5.30359E-06-1.07143E-07-5.92751E-05
 -1       321 1.06300E-05-2.14286E-07-5.93554E-05
 -1       322-1.09782E-05-2.03571E-07-6.47912E-05
 -1       323 1.86071E-17 1.14494E-16-6.46894E-05
 -1       324 1.09782E-05 2.03571E-07-6.47912E-05
 -1       325-1.09828E-05 1.20882E-16-6.48930E-05
 -1       326 3.02435E-19 1.14367E-16-6.47912E-05
 -1       327 1.09828E-05 1.07603E-16-6.48930E-05
 -1       328-1.09782E-05 2.03571E-07-6.47912E-05
 -1       329-1.79846E-17 1.14470E-16-6.46894E-05
 -1       330 1.09782E-05-2.03571E-07-6.47912E-05
 -1       331-1.13086E-05-1.92857E-07-7.03967E-05
 -1       332-5.64288E-06-9.64285E-08-7.03243E-05
 -1       333 1.89679E-17 1.23803E-16-7.03002E-05
 -1       334 5.64288E-06 9.64285E-08-7.03243E-05
 -1       335 1.13086E-05 1.92857E-07-7.03967E-05
 -1       336-1.13136E-05-9.64285E-08-7.04690E-05
 -1       337 9.60624E-18 1.23695E-16-7.03726E-05
 -1       338 1.13136E-05 9.64285E-08-7.04690E-05
 -1       339-1.13132E-05 1.30390E-16-7.04931E-05
 -1       340-5.64747E-06 1.27049E-16-7.04208E-05
 -1       341 3.21025E-19 1.23658E-16-7.03967E-05
 -1       342 5.64747E-06 1.20271E-16-7.04208E-05
 -1       343 1.13132E-05 1.16804E-16-7.04931E-05
 -1       344-1.13136E-05 9.64285E-08-7.04690E-05
 -1       345-8.98638E-18 1.23714E-16-7.03726E-05
 -1       346 1.13136E-05-9.64285E-08-7.04690E-05
 -1       347-1.13086E-05 1.92857E-07-7.03967E-05
 -1       348-5.64288E-06 9.64285E-08-7.03243E-05
 -1       349-1.83273E-17 1.23784E-16-7.03002E-05
 -1       350 5.64288E-06-9.64285E-08-7.03243E-05
 -1       351 1.13086E-05-1.92857E-07-7.03967E-05
 -1       352-1.16211E-05-1.82143E-07-7.61628E-05
 -1       353 1.93145E-17 1.33246E-16-7.60718E-05
 -1       354 1.16211E-05 1.82143E-07-7.61628E-05
 -1       355-1.16257E-05 1.40052E-16-7.62539E-05
 -1       356 3.30138E-19 1.33164E-16-7.61628E-05
 -1       357 1.16257E-05 1.26124E-16-7.62539E-05
 -1       358-1.16211E-05 1.82143E-07-7.61628E-05
 -1       359-1.86218E-17 1.33236E-16-7.60718E-05
 -1       360 1.16211E-05-1.82143E-07-7.61628E-05
 -1       361-1.19157E-05-1.71429E-07-8.20808E-05
 -1       362-5.94645E-06-8.57144E-08-8.20165E-05
 -1       363 1.95956E-17 1.42878E-16-8.19951E-05
 -1       364 5.94645E-06 8.57144E-08-8.20165E-05
 -1       365 1.19157E-05 1.71429E-07-8.20808E-05
 -1       366-1.19207E-05-8.57144E-08-8.21451E-05
 -1       367 9.94925E-18 1.42788E-16-8.20593E-05
 -1       368 1.19207E-05 8.57144E-08-8.21451E-05
 -1       369-1.19203E-05 1.49865E-16-8.21665E-05
 -1       370-5.95104E-06 1.46348E-16-8.21022E-05
 -1       371 3.37929E-19 1.42774E-16-8.20808E-05
 -1       372 5.95104E-06 1.39203E-16-8.21022E-05
 -1       373 1.19203E-05 1.35645E-16-8.21665E-05
 -1       374-1.19207E-05 8.57144E-08-8.21451E-05
 -1       375-9.24767E-18 1.42788E-16-8.20593E-05
 -1       376 1.19207E-05-8.57144E-08-8.21451E-05
 -1       377-1.19157E-05 1.71429E-07-8.20808E-05
 -1       378-5.94645E-06 8.57144E-08-8.20165E-05
 -1       379-1.88769E-17 1.42836E-16-8.19951E-05
 -1       380 5.94645E-06-8.57144E-08-8.20165E-05
 -1       381 1.19157E-05-1.71429E-07-8.20808E-05
 -1       382-1.21925E-05-1.60715E-07-8.81416E-05
 -1       383 1.98184E-17 1.52625E-16-8.80612E-05
 -1       384 1.21925E-05 1.60715E-07-8.81416E-05
 -1       385-1.21971E-05 1.59753E-16-8.82219E-05
 -1       386 3.63430E-19 1.52534E-16-8.81416E-05
 -1       387 1.21971E-05 1.45199E-16-8.82219E-05
 -1       388-1.21925E-05 1.60715E-07-8.81416E-05
 -1       389-1.91308E-17 1.52577E-16-8.80612E-05
 -1       390 1.21925E-05-1.60715E-07-8.81416E-05
 -1       391-1.24514E-05-1.50000E-07-9.43363E-05
 -1       392-6.21431E-06-7.49997E-08-9.42801E-05
 -1       393 2.00813E-17 1.62475E-16-9.42613E-05
 -1       394 6.21431E-06 7.49997E-08-9.42801E-05
 -1       395 1.24514E-05 1.50000E-07-9.43363E-05
 -1       396-1.24564E-05-7.49996E-08-9.43926E-05
 -1       397 1.01902E-17 1.62397E-16-9.43176E-05
 -1       398 1.24564E-05 7.49996E-08-9.43926E-05
 -1       399-1.24560E-05 1.69768E-16-9.44113E-05
 -1       400-6.21890E-06 1.66097E-16-9.43551E-05
 -1       401 3.63027E-19 1.62350E-16-9.43363E-05
 -1       402 6.21890E-06 1.58664E-16-9.43551E-05
 -1       403 1.24560E-05 1.54967E-16-9.44113E-05
 -1       404-1.24564E-05 7.49996E-08-9.43926E-05
 -1       405-9.45831E-18 1.62379E-16-9.43176E-05
 -1       406 1.24564E-05-7.49996E-08-9.43926E-05
 -1       407-1.24514E-05 1.50000E-07-9.43363E-05
 -1       408-6.21431E-06 7.49997E-08-9.42801E-05
 -1       409-1.93143E-17 1.62428E-16-9.42613E-05
 -1       410 6.21431E-06-7.49997E-08-9.42801E-05
 -1       411 1.24514E-05-1.50000E-07-9.43363E-05
 -1       412-1.26925E-05-1.39283E-07-1.00656E-04
 -1       413 2.02405E-17 1.72358E-16-1.00586E-04
 -1       414 1.26925E-05 1.39283E-07-1.00656E-04
 -1       415-1.26971E-05 1.79778E-16-1.00726E-04
 -1       416 4.00693E-19 1.72303E-16-1.00656E-04
 -1       417 1.26971E-05 1.64788E-16-1.00726E-04
 -1       418-1.26925E-05 1.39283E-07-1.00656E-04
 -1       419-1.94468E-17 1.72342E-16-1.00586E-04
 -1       420 1.26925E-05-1.39283E-07-1.00656E-04
 -1       421-1.29157E-05-1.28571E-07-1.07092E-04
 -1       422-6.44645E-06-6.42865E-08-1.07044E-04
 -1       423 2.03408E-17 1.82307E-16-1.07028E-04
 -1       424 6.44645E-06 6.42865E-08-1.07044E-04
 -1       425 1.29157E-05 1.28571E-07-1.07092E-04
 -1       426-1.29207E-05-6.42871E-08-1.07140E-04
 -1       427 1.03965E-17 1.82286E-16-1.07076E-04
 -1       428 1.29207E-05 6.42871E-08-1.07140E-04
 -1       429-1.29203E-05 1.89921E-16-1.07156E-04
 -1       430-6.45105E-06 1.86125E-16-1.07108E-04
 -1       431 4.19281E-19 1.82293E-16-1.07092E-04
 -1       432 6.45105E-06 1.78462E-16-1.07108E-04
 -1       433 1.29203E-05 1.74698E-16-1.07156E-04
 -1       434-1.29207E-05 6.42871E-08-1.07140E-04
 -1       435-9.54037E-18 1.82307E-16-1.07076E-04
 -1       436 1.29207E-05-6.42871E-08-1.07140E-04
 -1       437-1.29157E-05 1.28571E-07-1.07092E-04
 -1       438-6.44645E-06 6.42865E-08-1.07044E-04
 -1       439-1.95605E-17 1.82301E-16-1.07028E-04
 -1       440 6.44645E-06-6.42865E-08-1.07044E-04
 -1       441 1.29157E-05-1.28571E-07-1.07092E-04
 -1       442-1.31211E-05-1.17868E-07-1.13635E-04
 -1       443 2.04489E-17 1.92385E-16-1.13576E-04
 -1       444 1.31211E-05 1.17868E-07-1.13635E-04
 -1       445-1.31257E-05 2.00116E-16-1.13694E-04
 -1       446 3.91080E-19 1.92329E-16-1.13635E-04
 -1       447 1.31257E-05 1.84559E-16-1.13694E-04
 -1       448-1.31211E-05 1.17868E-07-1.13635E-04
 -1       449-1.96592E-17 1.92400E-16-1.13576E-04
 -1       450 1.31211E-05-1.17868E-07-1.13635E-04
 -1       451-1.33086E-05-1.07149E-07-1.20276E-04
 -1       452-6.64287E-06-5.35697E-08-1.20236E-04
 -1       453 2.05506E-17 2.02498E-16-1.20222E-04
 -1       454 6.64287E-06 5.35697E-08-1.20236E-04
 -1       455 1.33086E-05 1.07149E-07-1.20276E-04
 -1       456-1.33136E-05-5.35680E-08-1.20316E-04
 -1       457 1.04939E-17 2.02421E-16-1.20263E-04
 -1       458 1.33136E-05 5.35680E-08-1.20316E-04
 -1       459-1.33132E-05 2.10293E-16-1.20329E-04
 -1       460-6.64747E-06 2.06428E-16-1.20289E-04
 -1       461 4.33454E-19 2.02437E-16-1.20276E-04
 -1       462 6.64747E-06 1.98492E-16-1.20289E-04
 -1       463 1.33132E-05 1.94386E-16-1.20329E-04
 -1       464-1.33136E-05 5.35680E-08-1.20316E-04
 -1       465-9.61308E-18 2.02493E-16-1.20263E-04
 -1       466 1.33136E-05-5.35680E-08-1.20316E-04
 -1       467-1.33086E-05 1.07149E-07-1.20276E-04
 -1       468-6.64287E-06 5.35697E-08-1.20236E-04
 -1       469-1.96770E-17 2.02485E-16-1.20222E-04
 -1       470 6.64287E-06-5.35697E-08-1.20236E-04
 -1       471 1.33086E-05-1.07149E-07-1.20276E-04
 -1       472-1.34783E-05-9.63879E-08-1.27006E-04
 -1       473 2.06360E-17 2.12595E-16-1.26958E-04
 -1       474 1.34783E-05 9.63879E-08-1.27006E-04
 -1       475-1.34828E-05 2.20600E-16-1.27055E-04
 -1       476 4.68089E-19 2.12516E-16-1.27006E-04
 -1       477 1.34828E-05 2.04458E-16-1.27055E-04
 -1       478-1.34783E-05 9.63879E-08-1.27006E-04
 -1       479-1.97323E-17 2.12616E-16-1.26958E-04
 -1       480 1.34783E-05-9.63879E-08-1.27006E-04
 -1       481-1.36301E-05-8.56803E-08-1.33817E-04
 -1       482-6.80362E-06-4.28655E-08-1.33785E-04
 -1       483 2.07190E-17 2.22612E-16-1.33774E-04
 -1       484 6.80362E-06 4.28655E-08-1.33785E-04
 -1       485 1.36301E-05 8.56803E-08-1.33817E-04
 -1       486-1.36350E-05-4.28678E-08-1.33849E-04
 -1       487 1.06083E-17 2.22657E-16-1.33806E-04
 -1       488 1.36350E-05 4.28678E-08-1.33849E-04
 -1       489-1.36347E-05 2.30898E-16-1.33860E-04
 -1       490-6.80820E-06 2.26801E-16-1.33828E-04
 -1       491 4.26375E-19 2.22707E-16-1.33817E-04
 -1       492 6.80820E-06 2.18597E-16-1.33828E-04
 -1       493 1.36347E-05 2.14466E-16-1.33860E-04
 -1       494-1.36350E-05 4.28678E-08-1.33849E-04
 -1       495-9.68058E-18 2.22715E-16-1.33806E-04
 -1       496 1.36350E-05-4.28678E-08-1.33849E-04
 -1       497-1.36301E-05 8.56803E-08-1.33817E-04
 -1       498-6.80362E-06 4.28655E-08-1.33785E-04
 -1       499-1.98002E-17 2.22716E-16-1.33774E-04
 -1       500 6.80362E-06-4.28655E-08-1.33785E-04
 -1       501 1.36301E-05-8.56803E-08-1.33817E-04
 -1       502-1.37639E-05-7.51545E-08-1.40699E-04
 -1       503 2.07974E-17 2.32847E-16-1.40662E-04
 -1       504 1.37639E-05 7.51545E-08-1.40699E-04
 -1       505-1.37685E-05 2.41236E-16-1.40737E-04
 -1       506 4.60786E-19 2.32849E-16-1.40699E-04
 -1       507 1.37685E-05 2.24450E-16-1.40737E-04
 -1       508-1.37639E-05 7.51545E-08-1.40699E-04
 -1       509-1.98193E-17 2.32849E-16-1.40662E-04
 -1       510 1.37639E-05-7.51545E-08-1.40699E-04
 -1       511-1.38798E-05-6.45196E-08-1.47644E-04
 -1       512-6.92856E-06-3.21377E-08-1.47620E-04
 -1       513 2.08674E-17 2.43009E-16-1.47612E-04
 -1       514 6.92856E-06 3.21377E-08-1.47620E-04
 -1       515 1.38798E-05 6.45196E-08-1.47644E-04
 -1       516-1.38850E-05-3.21547E-08-1.47668E-04
 -1       517 1.06790E-17 2.43007E-16-1.47636E-04
 -1       518 1.38850E-05 3.21547E-08-1.47668E-04
 -1       519-1.38844E-05 2.51603E-16-1.47676E-04
 -1       520-6.93318E-06 2.47342E-16-1.47652E-04
 -1       521 5.03985E-19 2.43039E-16-1.47644E-04
 -1       522 6.93318E-06 2.38795E-16-1.47652E-04
 -1       523 1.38844E-05 2.34472E-16-1.47676E-04
 -1       524-1.38850E-05 3.21547E-08-1.47668E-04
 -1       525-9.59625E-18 2.43007E-16-1.47636E-04
 -1       526 1.38850E-05-3.21547E-08-1.47668E-04
 -1       527-1.38798E-05 6.45196E-08-1.47644E-04
 -1       528-6.92856E-06 3.21377E-08-1.47620E-04
 -1       529-1.97970E-17 2.42975E-16-1.47612E-04
 -1       530 6.92856E-06-3.21377E-08-1.47620E-04
 -1       531 1.38798E-05-6.45196E-08-1.47644E-04
 -1       532-1.39786E-05-5.29340E-08-1.54643E-04
 -1       533 2.09032E-17 2.53250E-16-1.54616E-04
 -1       534 1.39786E-05 5.29340E-08-1.54643E-04
 -1       535-1.39831E-05 2.61904E-16-1.54670E-04
 -1       536 4.58783E-19 2.53264E-16-1.54643E-04
 -1       537 1.39831E-05 2.44552E-16-1.54670E-04
 -1       538-1.39786E-05 5.29340E-08-1.54643E-04
 -1       539-1.97756E-17 2.53282E-16-1.54616E-04
 -1       540 1.39786E-05-5.29340E-08-1.54643E-04
 -1       541-1.40595E-05-4.18260E-08-1.61688E-04
 -1       542-7.01773E-06-2.15472E-08-1.61670E-04
 -1       543 2.09147E-17 2.63432E-16-1.61664E-04
 -1       544 7.01773E-06 2.15472E-08-1.61670E-04
 -1       545 1.40595E-05 4.18260E-08-1.61688E-04
 -1       546-1.40639E-05-2.13472E-08-1.61702E-04
 -1       547 1.07214E-17 2.63456E-16-1.61680E-04
 -1       548 1.40639E-05 2.13472E-08-1.61702E-04
 -1       549-1.40642E-05 2.72188E-16-1.61708E-04
 -1       550-7.02249E-06 2.67854E-16-1.61692E-04
 -1       551 5.02820E-19 2.63503E-16-1.61686E-04
 -1       552 7.02249E-06 2.59122E-16-1.61692E-04
 -1       553 1.40642E-05 2.54675E-16-1.61708E-04
 -1       554-1.40639E-05 2.13472E-08-1.61702E-04
 -1       555-9.61147E-18 2.63553E-16-1.61680E-04
 -1       556 1.40639E-05-2.13472E-08-1.61702E-04
 -1       557-1.40595E-05 4.18260E-08-1.61688E-04
 -1       558-7.01773E-06 2.15472E-08-1.61670E-04
 -1       559-1.97420E-17 2.63546E-16-1.61664E-04
 -1       560 7.01773E-06-2.15472E-08-1.61670E-04
 -1       561 1.40595E-05-4.18260E-08-1.61688E-04
 -1       562-1.41199E-05-3.39428E-08-1.68761E-04
 -1       563 2.10018E-17 2.73590E-16-1.68748E-04
 -1       564 1.41199E-05 3.39428E-08-1.68761E-04
 -1       565-1.41253E-05 2.82430E-16-1.68779E-04
 -1       566 5.60736E-19 2.73629E-16-1.68763E-04
 -1       567 1.41253E-05 2.64741E-16-1.68779E-04
 -1       568-1.41199E-05 3.39428E-08-1.68761E-04
 -1       569-1.97154E-17 2.73605E-16-1.68748E-04
 -1       570 1.41199E-05-3.39428E-08-1.68761E-04
 -1       571-1.41630E-05-2.55777E-08-1.75867E-04
 -1       572-7.07184E-06-1.01110E-08-1.75860E-04
 -1       573 2.10136E-17 2.83727E-16-1.75855E-04
 -1       574 7.07184E-06 1.01110E-08-1.75860E-04
 -1       575 1.41630E-05 2.55777E-08-1.75867E-04
 -1       576-1.41701E-05-1.12038E-08-1.75882E-04
 -1       577 1.07844E-17 2.83771E-16-1.75864E-04
 -1       578 1.41701E-05 1.12038E-08-1.75882E-04
 -1       579-1.41690E-05 2.92576E-16-1.75875E-04
 -1       580-7.07707E-06 2.88153E-16-1.75868E-04
 -1       581 5.64124E-19 2.83770E-16-1.75865E-04
 -1       582 7.07707E-06 2.79416E-16-1.75868E-04
 -1       583 1.41690E-05 2.74933E-16-1.75875E-04
 -1       584-1.41701E-05 1.12038E-08-1.75882E-04
 -1       585-9.62030E-18 2.83726E-16-1.75864E-04
 -1       586 1.41701E-05-1.12038E-08-1.75882E-04
 -1       587-1.41630E-05 2.55777E-08-1.75867E-04
 -1       588-7.07184E-06 1.01110E-08-1.75860E-04
 -1       589-1.97233E-17 2.83675E-16-1.75855E-04
 -1       590 7.07184E-06-1.01110E-08-1.75860E-04
 -1       591 1.41630E-05-2.55777E-08-1.75867E-04
 -1       592-1.41984E-05 6.21032E-09-1.83006E-04
 -1       593 2.10597E-17 2.93953E-16-1.83001E-04
 -1       594 1.41984E-05-6.21032E-09-1.83006E-04
 -1       595-1.41968E-05 3.02776E-16-1.83001E-04
 -1       596 5.70411E-19 2.93979E-16-1.82994E-04
 -1       597 1.41968E-05 2.85213E-16-1.83001E-04
 -1       598-1.41984E-05-6.21032E-09-1.83006E-04
 -1       599-1.98276E-17 2.93992E-16-1.83001E-04
 -1       600 1.41984E-05 6.21032E-09-1.83006E-04
 -1       601-1.42264E-05 3.59277E-08-1.90217E-04
 -1       602-7.07937E-06 2.69473E-09-1.90158E-04
 -1       603 2.11208E-17 3.04180E-16-1.90123E-04
 -1       604 7.07937E-06-2.69473E-09-1.90158E-04
 -1       605 1.42264E-05-3.59277E-08-1.90217E-04
 -1       606-1.42238E-05 1.54532E-08-1.90148E-04
 -1       607 1.08090E-17 3.04243E-16-1.90110E-04
 -1       608 1.42238E-05-1.54532E-08-1.90148E-04
 -1       609-1.42096E-05 3.12988E-16-1.90150E-04
 -1       610-7.08892E-06 3.08612E-16-1.90124E-04
 -1       611 5.46806E-19 3.04276E-16-1.90106E-04
 -1       612 7.08892E-06 2.99732E-16-1.90124E-04
 -1       613 1.42096E-05 2.95404E-16-1.90150E-04
 -1       614-1.42238E-05-1.54532E-08-1.90148E-04
 -1       615-9.65131E-18 3.04262E-16-1.90110E-04
 -1       616 1.42238E-05 1.54532E-08-1.90148E-04
 -1       617-1.42264E-05-3.59277E-08-1.90217E-04
 -1       618-7.07937E-06-2.69473E-09-1.90158E-04
 -1       619-1.99242E-17 3.04289E-16-1.90123E-04
 -1       620 7.07937E-06 2.69473E-09-1.90158E-04
 -1       621 1.42264E-05 3.59277E-08-1.90217E-04
 -3
    1PSTEP                         2           1           1          
  100CL  101 1.000000000         621                     0    1           1
 -4  STRESS      6    1
 -5  SXX         1    4    1    1
 -5  SYY         1    4    2    2
 -5  SZZ         1    4    3    3
 -5  SXY         1    4    1    2
 -5  SYZ         1    4    2    3
 -5  SZX         1    4    3    1
 -1         1-6.59687E+06-2.24087E+06-2.19571E+06-1.46042E+06 1.22426E+05-4.74143E+05
 -1         2-3.16846E+06-9.89646E+05-7.91830E+05-7.32468E+05 1.13181E+05 1.79032E+05
 -1         3 1.08303E-05 3.54600E-06 3.55300E-06 1.93489E-06 1.03937E+05 8.32207E+05
 -1         4 3.16846E+06 9.89646E+05 7.91830E+05 7.32468E+05 1.13181E+05 1.79032E+05
 -1         5 6.59687E+06 2.24087E+06 2.19571E+06 1.46042E+06 1.22426E+05-4.74143E+05
 -1         6-6.14142E+06-2.05360E+06-2.02694E+06-7.03829E+05 4.60952E+04-7.35141E+05
 -1         7 5.16418E-06 1.24174E-06 1.53761E-06 7.69653E-07 2.76055E+04 5.35149E+05
 -1         8 6.14142E+06 2.05360E+06 2.02694E+06 7.03829E+05 4.60952E+04-7.35141E+05
 -1         9-5.68597E+06-1.86633E+06-1.85816E+06-3.87598E-07-2.40349E-07-9.96139E+05
 -1        10-2.68975E+06-8.00333E+05-6.39496E+05-3.89889E-07-7.41093E-08-3.79024E+05
 -1        11 9.00473E-08 2.61498E-08 2.59024E-08-3.93443E-07 5.63887E-10 2.38091E+05
 -1        12 2.68975E+06 8.00333E+05 6.39496E+05-1.50238E-06 3.00279E-08-3.79024E+05
 -1        13 5.68597E+06 1.86633E+06 1.85816E+06-2.61006E-06 1.51067E-07-9.96139E+05
 -1        14-6.14142E+06-2.05360E+06-2.02694E+06 7.03829E+05-4.60952E+04-7.35141E+05
 -1        15-4.94026E-06-1.17155E-06-1.47021E-06 7.40363E-07-2.76055E+04 5.35149E+05
 -1        16 6.14142E+06 2.05360E+06 2.02694E+06-7.03829E+05-4.60952E+04-7.35141E+05
 -1        17-6.59687E+06-2.24087E+06-2.19571E+06 1.46042E+06-1.22426E+05-4.74143E+05
 -1        18-3.16846E+06-9.89646E+05-7.91830E+05 7.32468E+05-1.13181E+05 1.79032E+05
 -1        19-1.05625E-05-3.45791E-06-3.46988E-06 1.87202E-06-1.03937E+05 8.32207E+05
 -1        20 3.16846E+06 9.89646E+05 7.91830E+05-7.32468E+05-1.13181E+05 1.79032E+05
 -1        21 6.59687E+06 2.24087E+06 2.19571E+06-1.46042E+06-1.22426E+05-4.74143E+05
 -1        22-5.92810E+06-7.16416E+05-6.59094E+05-4.62928E+05 7.54878E+04-7.02269E+04
 -1        23 1.12095E-05 1.25864E-06 1.69306E-06 6.77234E-07 8.99442E+04 1.89847E+05
 -1        24 5.92810E+06 7.16416E+05 6.59094E+05 4.62928E+05 7.54878E+04-7.02269E+04
 -1        25-5.93304E+06-8.90505E+05-6.58148E+05 1.14495E-06-2.13513E-07-3.45604E+05
 -1        26 1.28544E-07 1.95287E-08 1.46683E-08 3.89829E-07-3.68345E-10-1.74001E+05
 -1        27 5.93304E+06 8.90505E+05 6.58148E+05-1.70153E-06 1.26459E-07-3.45604E+05
 -1        28-5.92810E+06-7.16416E+05-6.59094E+05 4.62928E+05-7.54878E+04-7.02269E+04
 -1        29-1.09523E-05-1.23038E-06-1.65662E-06 6.61385E-07-8.99442E+04 1.89847E+05
 -1        30 5.92810E+06 7.16416E+05 6.59094E+05-4.62928E+05-7.54878E+04-7.02269E+04
 -1        31-5.41143E+06 4.87704E+05 5.44259E+05 2.77024E+05-2.61458E+04 8.05767E+04
 -1        32-2.73635E+06 2.09507E+05 1.68762E+05 1.49284E+05 1.07966E+03-6.12388E+04
 -1        33 1.10931E-05-7.70488E-07 9.50968E-08-2.08729E-07 2.83051E+04-2.03054E+05
 -1        34 2.73635E+06-2.09507E+05-1.68762E+05-1.49284E+05 1.07966E+03-6.12388E+04
 -1        35 5.41143E+06-4.87704E+05-5.44259E+05-2.77024E+05-2.61458E+04 8.05767E+04
 -1        36-5.66247E+06 2.19088E+05 4.76216E+05 8.56497E+04-2.16711E+03 9.36745E+04
 -1        37 5.70326E-06-1.35922E-07 1.34591E-07 2.96882E-07 5.22838E+04-2.93666E+05
 -1        38 5.66247E+06-2.19088E+05-4.76216E+05-8.56497E+04-2.16711E+03 9.36745E+04
 -1        39-5.91351E+06-4.95284E+04 4.08173E+05 2.23838E-06-6.78137E-08 1.06772E+05
 -1        40-3.00083E+06-7.03663E+04 7.66393E+04 1.44907E-06-1.07762E-07-1.38753E+05
 -1        41 1.49990E-07 1.18489E-08 2.83762E-10 7.97673E-07-1.05865E-09-3.84278E+05
 -1        42 3.00083E+06 7.03663E+04-7.66393E+04-1.78241E-07 9.29322E-08-1.38753E+05
 -1        43 5.91351E+06 4.95284E+04-4.08173E+05-1.29206E-06 4.02797E-08 1.06772E+05
 -1        44-5.66247E+06 2.19088E+05 4.76216E+05-8.56497E+04 2.16711E+03 9.36745E+04
 -1        45-5.42491E-06 1.41372E-07-1.29497E-07 3.04089E-07-5.22838E+04-2.93666E+05
 -1        46 5.66247E+06-2.19088E+05-4.76216E+05 8.56497E+04 2.16711E+03 9.36745E+04
 -1        47-5.41143E+06 4.87704E+05 5.44259E+05-2.77024E+05 2.61458E+04 8.05767E+04
 -1        48-2.73635E+06 2.09507E+05 1.68762E+05-1.49284E+05-1.07966E+03-6.12388E+04
 -1        49-1.08363E-05 7.57689E-07-8.54343E-08-1.84675E-07-2.83051E+04-2.03054E+05
 -1        50 2.73635E+06-2.09507E+05-1.68762E+05 1.49284E+05-1.07966E+03-6.12388E+04
 -1        51 5.41143E+06-4.87704E+05-5.44259E+05 2.77024E+05 2.61458E+04 8.05767E+04
 -1        52-5.48118E+06 8.02095E+04 8.70507E+04 2.17461E+04-2.80059E+04-5.73216E+04
 -1        53 1.03687E-05-2.03618E-07 1.44952E-07 4.86634E-08 3.45868E+03-1.09155E+05
 -1        54 5.48118E+06-8.02095E+04-8.70507E+04-2.17461E+04-2.80059E+04-5.73216E+04
 -1        55-5.56452E+06-7.26091E+04 1.11401E+05 2.06592E-06 1.27166E-08-2.57662E+04
 -1        56 1.28613E-07 7.11952E-09-2.04454E-09 4.64480E-07-2.45927E-09-2.07741E+05
 -1        57 5.56452E+06 7.26091E+04-1.11401E+05-1.46950E-06 2.49693E-08-2.57662E+04
 -1        58-5.48118E+06 8.02095E+04 8.70507E+04-2.17461E+04 2.80059E+04-5.73216E+04
 -1        59-1.01097E-05 2.10995E-07-1.36235E-07 6.08125E-08-3.45868E+03-1.09155E+05
 -1        60 5.48118E+06-8.02095E+04-8.70507E+04 2.17461E+04 2.80059E+04-5.73216E+04
 -1        61-5.38954E+06-3.70252E+04-6.90572E+04 1.58962E+03 1.95743E+04 1.43981E+04
 -1        62-2.66337E+06 6.18353E+03 1.92664E+04-3.53642E+02 2.00723E+04-1.04204E+05
 -1        63 1.01024E-05 1.57790E-07-2.19025E-08-6.75345E-09 2.05704E+04-2.22806E+05
 -1        64 2.66337E+06-6.18353E+03-1.92664E+04 3.53642E+02 2.00723E+04-1.04204E+05
 -1        65 5.38954E+06 3.70252E+04 6.90572E+04-1.58962E+03 1.95743E+04 1.43981E+04
 -1        66-5.42542E+06-1.16774E+04-7.45962E+04 2.47606E+04 4.45389E+03 1.08411E+04
 -1        67 5.07955E-06-4.38577E-08-5.78948E-08 2.22200E-07 5.44990E+03-2.10833E+05
 -1        68 5.42542E+06 1.16774E+04 7.45962E+04-2.47606E+04 4.45389E+03 1.08411E+04
 -1        69-5.46129E+06 1.36703E+04-8.01353E+04 2.23940E-06-2.43767E-08 7.28416E+03
 -1        70-2.71087E+06 3.15453E+04 2.54018E+04 1.28591E-06-6.33986E-09-9.57882E+04
 -1        71 1.28185E-07 3.39787E-09-2.34650E-09 4.44970E-07-3.70096E-09-1.98860E+05
 -1        72 2.71087E+06-3.15453E+04-2.54018E+04-3.26588E-07 1.27970E-08-9.57882E+04
 -1        73 5.46129E+06-1.36703E+04 8.01353E+04-1.21070E-06 4.46935E-08 7.28416E+03
 -1        74-5.42542E+06-1.16774E+04-7.45962E+04-2.47606E+04-4.45389E+03 1.08411E+04
 -1        75-4.82699E-06 5.17348E-08 5.29544E-08 2.15276E-07-5.44990E+03-2.10833E+05
 -1        76 5.42542E+06 1.16774E+04 7.45962E+04 2.47606E+04-4.45389E+03 1.08411E+04
 -1        77-5.38954E+06-3.70252E+04-6.90572E+04-1.58962E+03-1.95743E+04 1.43981E+04
 -1        78-2.66337E+06 6.18353E+03 1.92664E+04 3.53642E+02-2.00723E+04-1.04204E+05
 -1        79-9.85366E-06-1.48823E-07 1.67056E-08-8.23457E-09-2.05704E+04-2.22806E+05
 -1        80 2.66337E+06-6.18353E+03-1.92664E+04-3.53642E+02-2.00723E+04-1.04204E+05
 -1        81 5.38954E+06 3.70252E+04 6.90572E+04 1.58962E+03-1.95743E+04 1.43981E+04
 -1        82-5.23953E+06-2.52244E+04-3.11831E+04-9.15637E+02 5.79283E+03-2.56618E+04
 -1        83 9.64033E-06 6.44795E-08 1.02991E-08 5.09754E-08 5.14789E+03-1.93894E+05
 -1        84 5.23953E+06 2.52244E+04 3.11831E+04 9.15637E+02 5.79283E+03-2.56618E+04
 -1        85-5.26186E+06-1.80545E+03-3.62022E+04 2.16405E-06-4.06874E-09-2.11641E+04
 -1        86 1.29773E-07-1.46147E-08-1.33878E-08 3.76411E-07 8.21831E-09-1.59265E+05
 -1        87 5.26186E+06 1.80545E+03 3.62022E+04-1.25033E-06 3.32204E-09-2.11641E+04
 -1        88-5.23953E+06-2.52244E+04-3.11831E+04 9.15637E+02-5.79283E+03-2.56618E+04
 -1        89-9.39517E-06-7.70883E-08-3.39041E-08 5.22846E-08-5.14789E+03-1.93894E+05
 -1        90 5.23953E+06 2.52244E+04 3.11831E+04-9.15637E+02-5.79283E+03-2.56618E+04
 -1        91-5.09817E+06 1.36874E+04 2.81468E+04 1.64371E+04-3.69527E+03-2.98425E+04
 -1        92-2.55458E+06 3.52589E+03 6.98467E+03 7.04554E+03-3.41232E+03-1.13233E+05
 -1        93 9.23256E-06-7.82561E-08-3.34912E-08 4.45670E-08-3.12938E+03-1.96624E+05
 -1        94 2.55458E+06-3.52589E+03-6.98467E+03-7.04554E+03-3.41232E+03-1.13233E+05
 -1        95 5.09817E+06-1.36874E+04-2.81468E+04-1.64371E+04-3.69527E+03-2.98425E+04
 -1        96-5.09373E+06 9.08118E+03 2.88414E+04 6.53262E+03-8.03899E+02-2.52737E+04
 -1        97 4.69278E-06-3.02261E-08-1.25747E-08 2.16787E-07-2.38004E+02-1.74718E+05
 -1        98 5.09373E+06-9.08118E+03-2.88414E+04-6.53262E+03-8.03899E+02-2.52737E+04
 -1        99-5.08929E+06 4.47491E+03 2.95360E+04 2.16422E-06 1.70194E-08-2.07049E+04
 -1       100-2.55137E+06-3.23200E+03 1.73061E+03 1.21081E-06 1.23297E-08-8.67588E+04
 -1       101 1.33900E-07-2.49524E-08-2.58797E-09 3.72300E-07 1.39951E-08-1.52813E+05
 -1       102 2.55137E+06 3.23200E+03-1.73061E+03-3.79608E-07 6.00005E-09-8.67588E+04
 -1       103 5.08929E+06-4.47491E+03-2.95360E+04-1.24641E-06-8.35001E-09-2.07049E+04
 -1       104-5.09373E+06 9.08118E+03 2.88414E+04-6.53262E+03 8.03899E+02-2.52737E+04
 -1       105-4.43240E-06-1.65919E-08-3.37941E-08 2.10390E-07 2.38004E+02-1.74718E+05
 -1       106 5.09373E+06-9.08118E+03-2.88414E+04 6.53262E+03 8.03899E+02-2.52737E+04
 -1       107-5.09817E+06 1.36874E+04 2.81468E+04-1.64371E+04 3.69527E+03-2.98425E+04
 -1       108-2.55458E+06 3.52589E+03 6.98467E+03-7.04554E+03 3.41232E+03-1.13233E+05
 -1       109-8.97960E-06 3.45249E-08-5.40731E-08 6.51856E-08 3.12938E+03-1.96624E+05
 -1       110 2.55458E+06-3.52589E+03-6.98467E+03 7.04554E+03 3.41232E+03-1.13233E+05
 -1       111 5.09817E+06-1.36874E+04-2.81468E+04 1.64371E+04 3.69527E+03-2.98425E+04
 -1       112-4.94944E+06 4.61169E+03 5.81543E+03 9.82961E+03-1.56525E+03-3.22850E+04
 -1       113 8.89856E-06-5.05300E-08-3.95580E-08 5.30008E-08-3.76400E+02-1.91619E+05
 -1       114 4.94944E+06-4.61169E+03-5.81543E+03-9.82961E+03-1.56525E+03-3.22850E+04
 -1       115-4.95010E+06-1.22825E+02 7.47436E+03 2.17167E-06 2.18693E-08-2.17161E+04
 -1       116 1.29806E-07-6.10260E-09-2.06705E-08 3.82967E-07-4.42247E-09-1.54364E+05
 -1       117 4.95010E+06 1.22825E+02-7.47436E+03-1.24455E-06 9.81856E-10-2.17161E+04
 -1       118-4.94944E+06 4.61169E+03 5.81543E+03-9.82961E+03 1.56525E+03-3.22850E+04
 -1       119-8.65655E-06-3.26436E-08-3.41606E-08 4.40232E-08 3.76400E+02-1.91619E+05
 -1       120 4.94944E+06-4.61169E+03-5.81543E+03 9.82961E+03 1.56525E+03-3.22850E+04
 -1       121-4.80051E+06-1.89609E+03-5.55829E+03 5.61768E+03 1.22220E+03-2.81666E+04
 -1       122-2.39840E+06 2.38487E+02-2.09513E+02 1.63513E+03 9.79582E+02-1.12193E+05
 -1       123 8.54127E-06-1.47152E-08 1.74733E-08 6.10015E-08 7.36968E+02-1.96219E+05
 -1       124 2.39840E+06-2.38487E+02 2.09513E+02-1.63513E+03 9.79582E+02-1.12193E+05
 -1       125 4.80051E+06 1.89609E+03 5.55829E+03-5.61768E+03 1.22220E+03-2.81666E+04
 -1       126-4.80174E+06-1.34678E+03-6.21351E+03 8.01959E+03 4.51161E+02-2.35436E+04
 -1       127 4.34068E-06-5.90228E-09 1.95178E-09 2.15492E-07-3.40656E+01-1.76448E+05
 -1       128 4.80174E+06 1.34678E+03 6.21351E+03-8.01959E+03 4.51161E+02-2.35436E+04
 -1       129-4.80296E+06-7.97477E+02-6.86873E+03 2.17773E-06 3.11589E-08-1.89205E+04
 -1       130-2.39956E+06 1.06160E+03-2.17254E+01 1.23342E-06 5.98970E-09-8.77992E+04
 -1       131 1.36057E-07 2.38893E-08-2.86400E-08 4.01083E-07-1.99711E-08-1.56678E+05
 -1       132 2.39956E+06-1.06160E+03 2.17254E+01-3.57555E-07-1.49955E-08-8.77992E+04
 -1       133 4.80296E+06 7.97477E+02 6.86873E+03-1.22816E-06-9.22815E-09-1.89205E+04
 -1       134-4.80174E+06-1.34678E+03-6.21351E+03-8.01959E+03-4.51161E+02-2.35436E+04
 -1       135-4.08160E-06-1.01647E-08-1.36906E-08 2.26916E-07 3.40656E+01-1.76448E+05
 -1       136 4.80174E+06 1.34678E+03 6.21351E+03 8.01959E+03-4.51161E+02-2.35436E+04
 -1       137-4.80051E+06-1.89609E+03-5.55829E+03-5.61768E+03-1.22220E+03-2.81666E+04
 -1       138-2.39840E+06 2.38487E+02-2.09513E+02-1.63513E+03-9.79582E+02-1.12193E+05
 -1       139-8.29522E-06-6.51974E-08 1.63293E-08 2.16490E-08-7.36968E+02-1.96219E+05
 -1       140 2.39840E+06-2.38487E+02 2.09513E+02 1.63513E+03-9.79582E+02-1.12193E+05
 -1       141 4.80051E+06 1.89609E+03 5.55829E+03 5.61768E+03-1.22220E+03-2.81666E+04
 -1       142-4.64968E+06-9.74661E+02-1.61294E+03 6.72312E+03 3.15230E+02-2.95176E+04
 -1       143 8.09944E-06 9.14704E-09-8.62976E-08 5.21736E-08 1.31880E+02-1.95316E+05
 -1       144 4.64968E+06 9.74661E+02 1.61294E+03-6.72312E+03 3.15230E+02-2.95176E+04
 -1       145-4.64976E+06-6.90348E+01-1.76579E+03 2.21785E-06 1.20854E-08-1.94511E+04
 -1       146 1.23769E-07-1.49349E-08 3.14160E-08 3.90997E-07-2.56103E-08-1.55699E+05
 -1       147 4.64976E+06 6.90348E+01 1.76579E+03-1.16899E-06-4.95078E-09-1.94511E+04
 -1       148-4.64968E+06-9.74661E+02-1.61294E+03-6.72312E+03-3.15230E+02-2.95176E+04
 -1       149-7.88012E-06 4.78777E-08-8.48070E-09 7.19165E-08-1.31880E+02-1.95316E+05
 -1       150 4.64968E+06 9.74661E+02 1.61294E+03 6.72312E+03-3.15230E+02-2.95176E+04
 -1       151-4.49977E+06 3.35745E+02 1.57765E+03 7.97169E+03-2.62904E+02-3.00581E+04
 -1       152-2.25026E+06-5.01214E+01 3.48349E+02 2.72414E+03-2.23350E+02-1.12385E+05
 -1       153 7.61231E-06-2.07190E-09-2.55468E-07 3.85058E-08-1.83796E+02-1.94713E+05
 -1       154 2.25026E+06 5.01214E+01-3.48349E+02-2.72414E+03-2.23350E+02-1.12385E+05
 -1       155 4.49977E+06-3.35745E+02-1.57765E+03-7.97169E+03-2.62904E+02-3.00581E+04
 -1       156-4.49944E+06 3.28117E+02 1.67667E+03 7.27126E+03-9.25146E+01-2.51742E+04
 -1       157 3.85661E-06-3.82289E-08-8.11082E-08 2.37766E-07-1.34066E+01-1.74818E+05
 -1       158 4.49944E+06-3.28117E+02-1.67667E+03-7.27126E+03-9.25146E+01-2.51742E+04
 -1       159-4.49911E+06 3.20488E+02 1.77568E+03 2.22502E-06-2.99677E-09-2.02902E+04
 -1       160-2.25002E+06-1.75270E+02 1.50368E+02 1.25373E-06 1.25411E-08-8.76066E+04
 -1       161 9.38551E-08-7.51344E-08 7.91374E-08 3.88229E-07-2.61224E-08-1.54923E+05
 -1       162 2.25002E+06 1.75270E+02-1.50368E+02-3.24288E-07-2.70881E-08-8.76066E+04
 -1       163 4.49911E+06-3.20488E+02-1.77568E+03-1.14260E-06 2.61475E-08-2.02902E+04
 -1       164-4.49944E+06 3.28117E+02 1.67667E+03-7.27126E+03 9.25146E+01-2.51742E+04
 -1       165-3.70908E-06 3.11475E-08 3.64843E-08 2.09448E-07 1.34066E+01-1.74818E+05
 -1       166 4.49944E+06-3.28117E+02-1.67667E+03 7.27126E+03 9.25146E+01-2.51742E+04
 -1       167-4.49977E+06 3.35745E+02 1.57765E+03-7.97169E+03 2.62904E+02-3.00581E+04
 -1       168-2.25026E+06-5.01214E+01 3.48349E+02-2.72414E+03 2.23350E+02-1.12385E+05
 -1       169-7.50494E-06 1.38178E-07 7.94580E-09 7.94644E-08 1.83796E+02-1.94713E+05
 -1       170 2.25026E+06 5.01214E+01-3.48349E+02 2.72414E+03 2.23350E+02-1.12385E+05
 -1       171 4.49977E+06-3.35745E+02-1.57765E+03 7.97169E+03 2.62904E+02-3.00581E+04
 -1       172-4.34992E+06 1.75760E+02 3.34696E+02 7.61490E+03-7.17715E+01-3.00776E+04
 -1       173 7.19018E-06-1.97350E-07-3.04846E-07 3.18137E-08-1.16259E+01-1.94590E+05
 -1       174 4.34992E+06-1.75760E+02-3.34696E+02-7.61490E+03-7.17715E+01-3.00776E+04
 -1       175-4.34999E+06 2.71482E+01 3.68541E+02 2.17575E-06-6.04386E-08-2.02469E+04
 -1       176 1.41020E-07-2.58806E-08 6.90841E-09 3.80555E-07-2.97857E-08-1.55069E+05
 -1       177 4.34999E+06-2.71482E+01-3.68541E+02-1.09243E-06 3.04710E-08-2.02469E+04
 -1       178-4.34992E+06 1.75760E+02 3.34696E+02-7.61490E+03 7.17715E+01-3.00776E+04
 -1       179-7.11445E-06-6.85427E-08-2.33424E-07 2.05134E-08 1.16259E+01-1.94590E+05
 -1       180 4.34992E+06-1.75760E+02-3.34696E+02 7.61490E+03 7.17715E+01-3.00776E+04
 -1       181-4.19994E+06-1.14640E+01-3.39594E+02 7.27349E+03 6.84567E+01-2.98716E+04
 -1       182-2.09983E+06 5.35004E+01-4.67401E+01 2.40863E+03 5.14850E+01-1.12355E+05
 -1       183 6.89503E-06-3.18767E-07-2.11239E-07 2.00592E-08 3.45134E+01-1.94839E+05
 -1       184 2.09983E+06-5.35004E+01 4.67401E+01-2.40863E+03 5.14850E+01-1.12355E+05
 -1       185 4.19994E+06 1.14640E+01 3.39594E+02-7.27349E+03 6.84567E+01-2.98716E+04
 -1       186-4.20002E+06-4.87206E+01-3.76168E+02 7.46285E+03 3.18685E+01-2.49283E+04
 -1       187 3.53622E-06-9.90207E-08-1.57803E-07 1.92829E-07-2.07392E+00-1.75064E+05
 -1       188 4.20002E+06 4.87206E+01 3.76168E+02-7.46285E+03 3.18685E+01-2.49283E+04
 -1       189-4.20010E+06-8.59772E+01-4.12741E+02 2.10856E-06-1.29113E-07-1.99851E+04
 -1       190-2.09989E+06 3.30929E+01-4.57358E+01 1.19981E-06-1.22706E-07-8.76367E+04
 -1       191 1.57297E-07 2.64009E-08-7.76675E-08 4.03489E-07-4.66413E-08-1.55288E+05
 -1       192 2.09989E+06-3.30929E+01 4.57358E+01-2.87761E-07 1.93029E-08-8.76367E+04
 -1       193 4.20010E+06 8.59772E+01 4.12741E+02-1.09144E-06 1.55889E-08-1.99851E+04
 -1       194-4.20002E+06-4.87206E+01-3.76168E+02-7.46285E+03-3.18685E+01-2.49283E+04
 -1       195-3.24304E-06-1.29048E-07-2.36332E-07 2.47058E-07 2.07392E+00-1.75064E+05
 -1       196 4.20002E+06 4.87206E+01 3.76168E+02 7.46285E+03-3.18685E+01-2.49283E+04
 -1       197-4.19994E+06-1.14640E+01-3.39594E+02-7.27349E+03-6.84567E+01-2.98716E+04
 -1       198-2.09983E+06 5.35004E+01-4.67401E+01-2.40863E+03-5.14850E+01-1.12355E+05
 -1       199-6.62327E-06-1.90171E-07-4.21696E-07 5.27380E-08-3.45134E+01-1.94839E+05
 -1       200 2.09983E+06-5.35004E+01 4.67401E+01 2.40863E+03-5.14850E+01-1.12355E+05
 -1       201 4.19994E+06 1.14640E+01 3.39594E+02 7.27349E+03-6.84567E+01-2.98716E+04
 -1       202-4.04990E+06-3.09478E+01-8.48288E+01 7.35933E+03 1.18582E+01-2.99152E+04
 -1       203 6.65385E-06 1.49519E-08 2.76669E-07-2.80172E-08 2.59777E-01-1.94816E+05
 -1       204 4.04990E+06 3.09478E+01 8.48288E+01-7.35933E+03 1.18582E+01-2.99152E+04
 -1       205-4.04987E+06-1.27504E+01-7.37368E+01 2.04293E-06-1.98761E-08-1.99940E+04
 -1       206 8.23004E-08 9.59903E-09-2.09917E-07 4.34588E-07 1.84542E-08-1.55259E+05
 -1       207 4.04987E+06 1.27504E+01 7.37368E+01-1.13297E-06 8.24229E-08-1.99940E+04
 -1       208-4.04990E+06-3.09478E+01-8.48288E+01-7.35933E+03-1.18582E+01-2.99152E+04
 -1       209-6.29398E-06-6.65353E-08-4.84143E-08 1.06550E-07-2.59777E-01-1.94816E+05
 -1       210 4.04990E+06 3.09478E+01 8.48288E+01 7.35933E+03-1.18582E+01-2.99152E+04
 -1       211-3.89990E+06-9.95167E+00 8.56116E+01 7.45815E+03-1.34191E+01-2.99490E+04
 -1       212-1.94994E+06-1.74959E+01 1.78752E+01 2.49039E+03-1.03556E+01-1.12358E+05
 -1       213 6.23331E-06 2.12523E-07 5.09310E-07 2.11048E-08-7.29201E+00-1.94767E+05
 -1       214 1.94994E+06 1.74959E+01-1.78752E+01-2.49039E+03-1.03556E+01-1.12358E+05
 -1       215 3.89990E+06 9.95167E+00-8.56116E+01-7.45815E+03-1.34191E+01-2.99490E+04
 -1       216-3.89988E+06 6.18558E+00 8.93405E+01 7.40495E+03-6.72010E+00-2.50089E+04
 -1       217 3.21026E-06 1.82061E-07 2.27627E-07 2.37246E-07-5.96640E-01-1.74983E+05
 -1       218 3.89988E+06-6.18558E+00-8.93405E+01-7.40495E+03-6.72010E+00-2.50089E+04
 -1       219-3.89986E+06 2.23228E+01 9.30693E+01 2.06337E-06 4.22243E-08-2.00688E+04
 -1       220-1.94993E+06-5.26113E+00 1.39342E+01 1.18983E-06 4.55417E-08-8.76340E+04
 -1       221 1.25304E-07 8.43227E-08-1.28771E-07 4.24853E-07 5.92532E-08-1.55199E+05
 -1       222 1.94993E+06 5.26113E+00-1.39342E+01-2.92050E-07 8.71741E-08-8.76340E+04
 -1       223 3.89986E+06-2.23228E+01-9.30693E+01-1.11752E-06 1.04701E-07-2.00688E+04
 -1       224-3.89988E+06 6.18558E+00 8.93405E+01-7.40495E+03 6.72010E+00-2.50089E+04
 -1       225-3.00181E-06 5.14416E-09 2.14579E-08 2.68118E-07 5.96640E-01-1.74983E+05
 -1       226 3.89988E+06-6.18558E+00-8.93405E+01 7.40495E+03 6.72010E+00-2.50089E+04
 -1       227-3.89990E+06-9.95167E+00 8.56116E+01-7.45815E+03 1.34191E+01-2.99490E+04
 -1       228-1.94994E+06-1.74959E+01 1.78752E+01-2.49039E+03 1.03556E+01-1.12358E+05
 -1       229-6.06702E-06-6.75855E-09 2.46401E-07 1.39916E-07 7.29201E+00-1.94767E+05
 -1       230 1.94994E+06 1.74959E+01-1.78752E+01 2.49039E+03 1.03556E+01-1.12358E+05
 -1       231 3.89990E+06 9.95167E+00-8.56116E+01 7.45815E+03 1.34191E+01-2.99490E+04
 -1       232-3.74991E+06 4.12117E+00 1.89755E+01 7.43398E+03-1.69984E+00-2.99482E+04
 -1       233 5.98109E-06 1.20374E-07 4.41168E-07 1.33950E-07 1.26445E+00-1.94765E+05
 -1       234 3.74991E+06-4.12117E+00-1.89755E+01-7.43398E+03-1.69984E+00-2.99482E+04
 -1       235-3.74992E+06 4.08198E+00 1.37127E+01 2.10557E-06-4.83597E-08-2.00666E+04
 -1       236 1.70678E-07 1.66012E-07 6.58231E-08 4.02420E-07 7.16350E-08-1.55204E+05
 -1       237 3.74992E+06-4.08198E+00-1.37127E+01-1.05620E-06-3.88979E-08-2.00666E+04
 -1       238-3.74991E+06 4.12117E+00 1.89755E+01-7.43398E+03 1.69984E+00-2.99482E+04
 -1       239-5.48284E-06 1.08208E-08 1.45346E-07 7.63980E-08-1.26445E+00-1.94765E+05
 -1       240 3.74991E+06-4.12117E+00-1.89755E+01 7.43398E+03 1.69984E+00-2.99482E+04
 -1       241-3.59992E+06 6.68512E+00-1.91692E+01 7.40650E+03 2.75341E+00-2.99389E+04
 -1       242-1.79992E+06 6.55956E+00-3.09266E+00 2.46756E+03 1.87518E+00-1.12359E+05
 -1       243 5.60382E-06-5.24834E-08 2.01559E-07 9.52198E-08 9.96949E-01-1.94779E+05
 -1       244 1.79992E+06-6.55956E+00 3.09266E+00-2.46756E+03 1.87518E+00-1.12359E+05
 -1       245 3.59992E+06-6.68512E+00 1.91692E+01-7.40650E+03 2.75341E+00-2.99389E+04
 -1       246-3.59992E+06 5.71636E-01-1.96557E+01 7.42108E+03 1.81996E+00-2.49932E+04
 -1       247 2.91105E-06 9.05596E-08 2.35591E-07 1.59387E-07 7.70592E-02-1.74999E+05
 -1       248 3.59992E+06-5.71636E-01 1.96557E+01-7.42108E+03 1.81996E+00-2.49932E+04
 -1       249-3.59993E+06-5.54185E+00-2.01423E+01 2.13542E-06-1.50760E-07-2.00475E+04
 -1       250-1.79993E+06 4.97734E-01-4.07909E+00 1.17297E-06-2.02993E-08-8.76331E+04
 -1       251 1.32563E-07 1.73823E-07 8.96375E-08 3.13867E-07 9.81906E-08-1.55219E+05
 -1       252 1.79993E+06-4.97734E-01 4.07909E+00-2.79548E-07-2.54439E-08-8.76331E+04
 -1       253 3.59993E+06 5.54185E+00 2.01423E+01-9.76304E-07-1.37107E-07-2.00475E+04
 -1       254-3.59992E+06 5.71636E-01-1.96557E+01-7.42108E+03-1.81996E+00-2.49932E+04
 -1       255-2.44715E-06 8.80236E-08 6.08509E-08 2.01939E-07-7.70593E-02-1.74999E+05
 -1       256 3.59992E+06-5.71636E-01 1.96557E+01 7.42108E+03-1.81996E+00-2.49932E+04
 -1       257-3.59992E+06 6.68512E+00-1.91692E+01-7.40650E+03-2.75341E+00-2.99389E+04
 -1       258-1.79992E+06 6.55956E+00-3.09266E+00-2.46756E+03-1.87518E+00-1.12359E+05
 -1       259-4.94115E-06 6.20036E-08 2.12050E-07-2.99792E-10-9.96949E-01-1.94779E+05
 -1       260 1.79992E+06-6.55956E+00 3.09266E+00 2.46756E+03-1.87518E+00-1.12359E+05
 -1       261 3.59992E+06-6.68512E+00 1.91692E+01 7.40650E+03-2.75341E+00-2.99389E+04
 -1       262-3.44992E+06-2.36607E-01-4.74187E+00 7.41268E+03-7.39100E-02-2.99403E+04
 -1       263 5.12559E-06 7.45634E-08 4.03712E-07-4.02133E-09-6.04135E-01-1.94778E+05
 -1       264 3.44992E+06 2.36606E-01 4.74187E+00-7.41268E+03-7.39103E-02-2.99403E+04
 -1       265-3.44992E+06-1.39680E+00-2.15367E+00 1.91475E-06-1.94933E-07-2.00474E+04
 -1       266 8.52756E-08 5.01379E-08-2.16207E-07 3.31958E-07-3.29421E-08-1.55218E+05
 -1       267 3.44992E+06 1.39680E+00 2.15367E+00-9.50441E-07-4.99417E-08-2.00474E+04
 -1       268-3.44992E+06-2.36606E-01-4.74187E+00-7.41268E+03 7.39104E-02-2.99403E+04
 -1       269-4.68890E-06-6.14943E-08-1.02655E-07-1.05501E-09 6.04135E-01-1.94778E+05
 -1       270 3.44992E+06 2.36607E-01 4.74187E+00 7.41268E+03 7.39103E-02-2.99403E+04
 -1       271-3.29992E+06-2.61635E+00 4.68842E+00 7.42041E+03-3.92598E-01-2.99419E+04
 -1       272-1.64994E+06-2.07218E+00 8.36093E-01 2.47376E+03-2.32621E-01-1.12358E+05
 -1       273 4.59313E-06 1.59706E-07 4.90196E-07 4.79221E-08-7.26436E-02-1.94775E+05
 -1       274 1.64994E+06 2.07218E+00-8.36092E-01-2.47376E+03-2.32621E-01-1.12358E+05
 -1       275 3.29992E+06 2.61635E+00-4.68842E+00-7.42041E+03-3.92599E-01-2.99419E+04
 -1       276-3.29992E+06-6.60049E-01 4.39004E+00 7.41647E+03-3.63448E-01-2.49971E+04
 -1       277 2.37524E-06 1.11049E-07-1.85938E-08 2.06583E-07-9.40861E-02-1.74995E+05
 -1       278 3.29992E+06 6.60049E-01-4.39004E+00-7.41647E+03-3.63448E-01-2.49971E+04
 -1       279-3.29992E+06 1.29626E+00 4.09167E+00 1.64499E-06-1.75036E-07-2.00524E+04
 -1       280-1.64993E+06 2.60189E-02 1.03950E+00 9.88392E-07-1.79728E-07-8.76336E+04
 -1       281 2.25344E-07 2.70594E-08-2.93740E-07 4.15152E-07-1.47806E-07-1.55215E+05
 -1       282 1.64993E+06-2.60188E-02-1.03950E+00-1.72364E-07-5.41017E-08-8.76336E+04
 -1       283 3.29992E+06-1.29626E+00-4.09167E+00-8.43241E-07 2.98817E-09-2.00524E+04
 -1       284-3.29992E+06-6.60049E-01 4.39004E+00-7.41647E+03 3.63448E-01-2.49971E+04
 -1       285-2.00935E-06-1.33285E-07-3.27745E-07 2.43407E-07 9.40865E-02-1.74995E+05
 -1       286 3.29992E+06 6.60049E-01-4.39004E+00 7.41647E+03 3.63448E-01-2.49971E+04
 -1       287-3.29992E+06-2.61635E+00 4.68842E+00-7.42041E+03 3.92598E-01-2.99419E+04
 -1       288-1.64994E+06-2.07218E+00 8.36093E-01-2.47376E+03 2.32622E-01-1.12358E+05
 -1       289-4.31205E-06-2.58296E-07-5.95395E-07 2.17518E-08 7.26447E-02-1.94775E+05
 -1       290 1.64994E+06 2.07218E+00-8.36093E-01 2.47376E+03 2.32622E-01-1.12358E+05
 -1       291 3.29992E+06 2.61635E+00-4.68842E+00 7.42041E+03 3.92599E-01-2.99419E+04
 -1       292-3.14993E+06-2.00859E-01 1.10529E+00 7.41893E+03 1.86936E-01-2.99418E+04
 -1       293 4.16551E-06 3.38745E-08 8.68158E-08 7.98982E-08 2.32661E-01-1.94775E+05
 -1       294 3.14993E+06 2.00859E-01-1.10529E+00-7.41893E+03 1.86936E-01-2.99418E+04
 -1       295-3.14993E+06 4.19040E-01 2.35824E-01 1.44111E-06-1.56620E-07-2.00524E+04
 -1       296 2.87753E-07 1.99599E-07 1.81854E-07 4.31376E-07-7.06222E-08-1.55215E+05
 -1       297 3.14993E+06-4.19041E-01-2.35826E-01-5.83166E-07-1.66535E-07-2.00524E+04
 -1       298-3.14993E+06-2.00858E-01 1.10529E+00-7.41893E+03-1.86936E-01-2.99418E+04
 -1       299-3.98581E-06-8.50302E-08 1.11971E-07 1.28907E-07-2.32660E-01-1.94775E+05
 -1       300 3.14993E+06 2.00858E-01-1.10529E+00 7.41893E+03-1.86936E-01-2.99418E+04
 -1       301-2.99993E+06 1.04198E+00-1.16056E+00 7.41691E+03 1.79900E-01-2.99414E+04
 -1       302-1.49994E+06 7.39978E-01-1.54165E-01 2.47220E+03 7.17902E-02-1.12359E+05
 -1       303 3.99133E-06 7.72659E-08-4.34205E-08-2.02101E-09-3.63193E-02-1.94776E+05
 -1       304 1.49994E+06-7.39978E-01 1.54166E-01-2.47220E+03 7.17904E-02-1.12359E+05
 -1       305 2.99993E+06-1.04198E+00 1.16056E+00-7.41691E+03 1.79900E-01-2.99414E+04
 -1       306-2.99993E+06 4.15168E-01-1.00975E+00 7.41762E+03 7.87575E-02-2.49963E+04
 -1       307 2.12903E-06 2.24356E-07 3.76120E-07 2.14945E-07 5.13532E-02-1.74996E+05
 -1       308 2.99993E+06-4.15168E-01 1.00975E+00-7.41762E+03 7.87574E-02-2.49963E+04
 -1       309-2.99993E+06-2.11646E-01-8.58939E-01 1.24461E-06-1.36340E-07-2.00512E+04
 -1       310-1.49994E+06 8.61730E-03-2.79579E-01 8.10962E-07-4.59781E-08-8.76334E+04
 -1       311 2.30312E-07 3.79902E-07 6.94793E-07 4.36389E-07 2.45464E-08-1.55216E+05
 -1       312 1.49994E+06-8.61766E-03 2.79579E-01 8.03634E-08-1.44397E-07-8.76334E+04
 -1       313 2.99993E+06 2.11644E-01 8.58936E-01-3.34732E-07-2.93503E-07-2.00512E+04
 -1       314-2.99993E+06 4.15168E-01-1.00975E+00-7.41762E+03-7.87575E-02-2.49963E+04
 -1       315-1.77536E-06 2.43798E-07 6.76726E-07 2.48607E-07-5.13531E-02-1.74996E+05
 -1       316 2.99993E+06-4.15168E-01 1.00975E+00 7.41762E+03-7.87574E-02-2.49963E+04
 -1       317-2.99993E+06 1.04198E+00-1.16056E+00-7.41691E+03-1.79899E-01-2.99414E+04
 -1       318-1.49994E+06 7.39978E-01-1.54166E-01-2.47220E+03-7.17902E-02-1.12359E+05
 -1       319-3.74463E-06 9.92374E-08 7.59526E-07 5.63482E-08 3.63194E-02-1.94776E+05
 -1       320 1.49994E+06-7.39977E-01 1.54167E-01 2.47220E+03-7.17899E-02-1.12359E+05
 -1       321 2.99993E+06-1.04198E+00 1.16056E+00 7.41691E+03-1.79899E-01-2.99414E+04
 -1       322-2.84993E+06 3.45558E-01-1.85788E-01 7.41656E+03-2.87613E-01-2.99415E+04
 -1       323 3.58328E-06 1.03709E-07 3.80823E-07-6.52578E-08-3.72237E-02-1.94776E+05
 -1       324 2.84993E+06-3.45558E-01 1.85787E-01-7.41656E+03-2.87613E-01-2.99415E+04
 -1       325-2.84993E+06-9.23010E-02 9.83582E-02 1.33928E-06 5.86118E-08-2.00511E+04
 -1       326 1.47135E-07 2.63299E-07 1.66936E-07 3.76455E-07-1.04140E-07-1.55216E+05
 -1       327 2.84993E+06 9.23005E-02-9.83591E-02-1.77398E-07-5.50907E-08-2.00511E+04
 -1       328-2.84993E+06 3.45559E-01-1.85788E-01-7.41656E+03 2.87613E-01-2.99415E+04
 -1       329-3.25843E-06-1.52206E-07 1.62583E-07 2.05728E-08 3.72238E-02-1.94776E+05
 -1       330 2.84993E+06-3.45558E-01 1.85788E-01 7.41656E+03 2.87613E-01-2.99415E+04
 -1       331-2.69994E+06-6.46191E-01 4.21560E-01 7.41674E+03-7.06456E-01-2.99416E+04
 -1       332-1.34995E+06-4.26039E-01 4.61936E-02 2.47204E+03-3.95605E-01-1.12359E+05
 -1       333 3.19719E-06 1.24701E-07 6.70108E-07-2.08777E-07-8.47542E-02-1.94776E+05
 -1       334 1.34995E+06 4.26039E-01-4.61941E-02-2.47204E+03-3.95605E-01-1.12359E+05
 -1       335 2.69994E+06 6.46191E-01-4.21562E-01-7.41674E+03-7.06457E-01-2.99416E+04
 -1       336-2.69994E+06-5.05791E-01 4.11046E-01 7.41778E+03-5.43496E-03-2.49965E+04
 -1       337 1.55543E-06-1.53000E-09-9.44924E-08 1.21133E-07-8.83994E-02-1.74996E+05
 -1       338 2.69994E+06 5.05791E-01-4.11046E-01-7.41778E+03-5.43493E-03-2.49965E+04
 -1       339-2.69994E+06-3.65391E-01 4.00531E-01 1.42176E-06 2.37949E-07-2.00513E+04
 -1       340-1.34995E+06-2.57946E-01 6.20582E-02 8.94230E-07-3.29299E-08-8.76334E+04
 -1       341-3.61513E-08 8.41549E-09-7.47466E-07 4.19463E-07-2.22422E-07-1.55215E+05
 -1       342 1.34995E+06 2.57946E-01-6.20586E-02 9.66087E-08 2.88211E-08-8.76334E+04
 -1       343 2.69994E+06 3.65391E-01-4.00531E-01-2.79008E-07 1.98677E-07-2.00513E+04
 -1       344-2.69994E+06-5.05791E-01 4.11046E-01-7.41778E+03 5.43489E-03-2.49965E+04
 -1       345-1.33734E-06-7.98243E-08-3.88543E-07 2.48848E-07 8.83993E-02-1.74996E+05
 -1       346 2.69994E+06 5.05791E-01-4.11046E-01 7.41778E+03 5.43499E-03-2.49965E+04
 -1       347-2.69994E+06-6.46191E-01 4.21562E-01-7.41674E+03 7.06456E-01-2.99416E+04
 -1       348-1.34995E+06-4.26039E-01 4.61936E-02-2.47204E+03 3.95605E-01-1.12359E+05
 -1       349-2.68870E-06-3.04241E-07-1.41246E-07 1.09813E-07 8.47543E-02-1.94776E+05
 -1       350 1.34995E+06 4.26039E-01-4.61936E-02 2.47204E+03 3.95605E-01-1.12359E+05
 -1       351 2.69994E+06 6.46191E-01-4.21561E-01 7.41674E+03 7.06456E-01-2.99416E+04
 -1       352-2.54994E+06-1.14394E+00-1.68464E-01 7.41933E+03 9.58620E-01-2.99416E+04
 -1       353 2.68200E-06 9.13312E-08 5.23026E-07-9.16737E-08-4.59456E-02-1.94775E+05
 -1       354 2.54994E+06 1.14394E+00 1.68465E-01-7.41933E+03 9.58620E-01-2.99416E+04
 -1       355-2.54994E+06-1.05803E-02-3.92700E-01 1.32664E-06-1.04963E-07-2.00514E+04
 -1       356 1.35545E-07 2.42771E-07-2.66899E-07 3.76496E-07-1.43179E-07-1.55216E+05
 -1       357 2.54994E+06 1.05795E-02 3.92699E-01-3.27038E-07 2.06139E-07-2.00514E+04
 -1       358-2.54994E+06-1.14394E+00-1.68464E-01-7.41933E+03-9.58620E-01-2.99416E+04
 -1       359-2.30302E-06-9.04651E-08 1.92718E-08 9.08412E-08 4.59458E-02-1.94775E+05
 -1       360 2.54994E+06 1.14394E+00 1.68465E-01 7.41933E+03-9.58620E-01-2.99416E+04
 -1       361-2.39994E+06 6.68816E-01-3.31066E-01 7.42045E+03 2.93658E+00-2.99410E+04
 -1       362-1.19995E+06 4.27064E-01-1.66823E-01 2.47403E+03 1.81514E+00-1.12358E+05
 -1       363 2.08445E-06 3.16316E-08 6.12022E-07 2.01346E-07 6.93704E-01-1.94776E+05
 -1       364 1.19995E+06-4.27064E-01 1.66826E-01-2.47403E+03 1.81514E+00-1.12358E+05
 -1       365 2.39994E+06-6.68815E-01 3.31069E-01-7.42045E+03 2.93658E+00-2.99410E+04
 -1       366-2.39994E+06 1.25171E+00-5.66902E-01 7.41609E+03-8.96744E-02-2.49964E+04
 -1       367 1.26250E-06 3.40346E-07 3.05951E-07 2.85914E-07 2.97301E-01-1.74996E+05
 -1       368 2.39994E+06-1.25171E+00 5.66902E-01-7.41609E+03-8.96744E-02-2.49964E+04
 -1       369-2.39995E+06 1.83461E+00-8.02739E-01 1.18854E-06-4.85749E-07-2.00518E+04
 -1       370-1.19995E+06 1.16550E+00 1.46345E-01 7.63078E-07-2.81190E-07-8.76337E+04
 -1       371 4.59380E-07 5.03257E-07 2.68600E-07 3.79826E-07-6.74678E-08-1.55216E+05
 -1       372 1.19995E+06-1.16550E+00-1.46346E-01 2.03806E-08 1.27401E-08-8.76337E+04
 -1       373 2.39995E+06-1.83461E+00 8.02736E-01-3.81272E-07 8.37854E-08-2.00518E+04
 -1       374-2.39994E+06 1.25171E+00-5.66903E-01-7.41609E+03 8.96743E-02-2.49964E+04
 -1       375-8.44729E-07 1.63378E-07 2.26256E-07 2.07132E-07-2.97300E-01-1.74996E+05
 -1       376 2.39994E+06-1.25171E+00 5.66902E-01 7.41609E+03 8.96744E-02-2.49964E+04
 -1       377-2.39994E+06 6.68816E-01-3.31067E-01-7.42045E+03-2.93658E+00-2.99410E+04
 -1       378-1.19995E+06 4.27064E-01-1.66824E-01-2.47403E+03-1.81514E+00-1.12358E+05
 -1       379-2.16766E-06-3.06965E-08-8.48069E-08 2.50960E-08-6.93704E-01-1.94776E+05
 -1       380 1.19995E+06-4.27064E-01 1.66825E-01 2.47403E+03-1.81514E+00-1.12358E+05
 -1       381 2.39994E+06-6.68816E-01 3.31068E-01 7.42045E+03-2.93658E+00-2.99410E+04
 -1       382-2.24995E+06 4.61461E+00 4.85356E-01 7.41149E+03-3.84392E+00-2.99416E+04
 -1       383 2.15307E-06-7.14783E-08 1.99298E-08 1.53411E-07-2.08092E-01-1.94776E+05
 -1       384 2.24995E+06-4.61461E+00-4.85354E-01-7.41149E+03-3.84392E+00-2.99416E+04
 -1       385-2.24995E+06-1.72823E-01 1.36631E+00 1.10281E-06-4.17863E-07-2.00517E+04
 -1       386 9.10708E-08 7.96599E-08-1.64652E-07 3.47890E-07-9.36131E-08-1.55214E+05
 -1       387 2.24995E+06 1.72823E-01-1.36631E+00-2.66753E-07-2.66446E-08-2.00517E+04
 -1       388-2.24995E+06 4.61461E+00 4.85355E-01-7.41149E+03 3.84392E+00-2.99416E+04
 -1       389-1.81542E-06-1.26993E-07-1.84800E-07-2.00293E-08 2.08092E-01-1.94776E+05
 -1       390 2.24995E+06-4.61461E+00-4.85355E-01 7.41149E+03 3.84392E+00-2.99416E+04
 -1       391-2.09996E+06 5.70328E-02-1.32525E+00 7.40800E+03-1.19464E+01-2.99427E+04
 -1       392-1.04996E+06-1.23223E-01-2.79655E-01 2.46725E+03-7.65114E+00-1.12359E+05
 -1       393 1.90320E-06-1.72705E-07-2.94826E-07-1.16940E-07-3.35590E+00-1.94776E+05
 -1       394 1.04996E+06 1.23223E-01 2.79654E-01-2.46725E+03-7.65114E+00-1.12359E+05
 -1       395 2.09996E+06-5.70326E-02 1.32525E+00-7.40800E+03-1.19464E+01-2.99427E+04
 -1       396-2.09995E+06-3.73137E+00 4.49431E-01 7.42217E+03 3.14733E-01-2.49966E+04
 -1       397 8.99667E-07-2.64643E-07-4.75933E-07 8.73571E-08-9.09522E-01-1.74995E+05
 -1       398 2.09995E+06 3.73137E+00-4.49431E-01-7.42217E+03 3.14734E-01-2.49966E+04
 -1       399-2.09995E+06-7.51978E+00 2.22412E+00 8.84179E-07-2.72779E-07-2.00505E+04
 -1       400-1.04996E+06-4.56750E+00-6.85167E-01 5.68293E-07-3.57458E-07-8.76326E+04
 -1       401-1.44634E-07-3.07204E-07-6.98464E-07 2.82681E-07-2.25161E-07-1.55215E+05
 -1       402 1.04996E+06 4.56750E+00 6.85167E-01 9.23952E-08-6.54947E-08-8.76326E+04
 -1       403 2.09995E+06 7.51978E+00-2.22411E+00-1.28165E-07-1.22804E-07-2.00505E+04
 -1       404-2.09995E+06-3.73137E+00 4.49431E-01-7.42217E+03-3.14734E-01-2.49966E+04
 -1       405-6.68320E-07-1.12804E-07-3.09982E-07 1.72673E-07 9.09522E-01-1.74995E+05
 -1       406 2.09995E+06 3.73137E+00-4.49431E-01 7.42217E+03-3.14734E-01-2.49966E+04
 -1       407-2.09996E+06 5.70343E-02-1.32525E+00-7.40800E+03 1.19464E+01-2.99427E+04
 -1       408-1.04996E+06-1.23222E-01-2.79655E-01-2.46725E+03 7.65114E+00-1.12359E+05
 -1       409-1.15123E-06 3.22182E-08 1.19925E-07 7.16379E-08 3.35590E+00-1.94776E+05
 -1       410 1.04996E+06 1.23223E-01 2.79655E-01 2.46725E+03 7.65114E+00-1.12359E+05
 -1       411 2.09996E+06-5.70338E-02 1.32525E+00 7.40800E+03 1.19464E+01-2.99427E+04
 -1       412-1.94996E+06-1.83462E+01 9.55843E-01 7.43694E+03 1.56596E+01-2.99416E+04
 -1       413 1.13428E-06-3.87187E-08 2.05535E-07-6.07774E-08 2.19081E+00-1.94773E+05
 -1       414 1.94996E+06 1.83462E+01-9.55842E-01-7.43694E+03 1.56596E+01-2.99416E+04
 -1       415-1.94995E+06 2.00118E+00-5.13747E+00 8.47143E-07-2.61714E-07-2.00488E+04
 -1       416 8.73154E-08-1.05292E-08-5.55819E-07 2.53536E-07-4.90331E-08-1.55220E+05
 -1       417 1.94995E+06-2.00119E+00 5.13747E+00-2.63833E-07-1.43150E-07-2.00488E+04
 -1       418-1.94996E+06-1.83462E+01 9.55843E-01-7.43694E+03-1.56596E+01-2.99416E+04
 -1       419-1.15017E-06-1.20221E-07 8.15100E-08-5.99107E-09-2.19082E+00-1.94773E+05
 -1       420 1.94996E+06 1.83462E+01-9.55842E-01 7.43694E+03-1.56596E+01-2.99416E+04
 -1       421-1.79994E+06-1.02550E+01 8.18415E+00 7.44682E+03 4.54198E+01-2.99311E+04
 -1       422-8.99960E+05-6.54655E+00-2.29725E+00 2.48907E+03 3.06924E+01-1.12355E+05
 -1       423 1.00403E-06 1.96753E-07 5.17126E-07 2.01889E-07 1.59651E+01-1.94779E+05
 -1       424 8.99960E+05 6.54655E+00 2.29725E+00-2.48907E+03 3.06924E+01-1.12355E+05
 -1       425 1.79994E+06 1.02550E+01-8.18415E+00-7.44682E+03 4.54198E+01-2.99311E+04
 -1       426-1.79996E+06 1.00047E+01 2.51332E+00 7.40207E+03-3.10628E+00-2.49934E+04
 -1       427 3.79841E-07 1.34989E-07 1.60245E-07 1.05977E-07 4.06803E+00-1.74999E+05
 -1       428 1.79996E+06-1.00047E+01-2.51332E+00-7.40207E+03-3.10628E+00-2.49934E+04
 -1       429-1.79997E+06 3.02644E+01-3.15750E+00 1.06935E-06-2.64792E-07-2.00558E+04
 -1       430-8.99970E+05 1.80878E+01 4.63797E+00 5.92305E-07-3.68615E-09-8.76368E+04
 -1       431-2.05275E-07 2.24797E-07-9.22143E-08 1.44672E-07 1.63805E-07-1.55218E+05
 -1       432 8.99970E+05-1.80878E+01-4.63797E+00-2.45957E-08-1.26050E-08-8.76368E+04
 -1       433 1.79997E+06-3.02644E+01 3.15750E+00-2.23275E-07-9.53993E-08-2.00558E+04
 -1       434-1.79996E+06 1.00047E+01 2.51332E+00-7.40207E+03 3.10628E+00-2.49934E+04
 -1       435-6.61973E-07 5.06475E-08-2.60617E-08 1.07926E-07-4.06803E+00-1.74999E+05
 -1       436 1.79996E+06-1.00047E+01-2.51332E+00 7.40207E+03 3.10628E+00-2.49934E+04
 -1       437-1.79994E+06-1.02550E+01 8.18415E+00-7.44682E+03-4.54198E+01-2.99311E+04
 -1       438-8.99960E+05-6.54656E+00-2.29725E+00-2.48907E+03-3.06924E+01-1.12355E+05
 -1       439-1.15774E-06-2.75074E-07-6.43302E-08-6.34273E-08-1.59651E+01-1.94779E+05
 -1       440 8.99960E+05 6.54656E+00 2.29725E+00 2.48907E+03-3.06924E+01-1.12355E+05
 -1       441 1.79994E+06 1.02550E+01-8.18415E+00 7.44682E+03-4.54198E+01-2.99311E+04
 -1       442-1.64995E+06 7.29656E+01-7.13645E+00 7.35342E+03-6.05161E+01-2.99467E+04
 -1       443 1.45761E-06 4.25333E-07 1.32166E-06 1.28711E-07-1.46245E+01-1.94776E+05
 -1       444 1.64995E+06-7.29656E+01 7.13645E+00-7.35342E+03-6.05161E+01-2.99467E+04
 -1       445-1.64997E+06-9.76401E+00 1.64877E+01 9.24298E-07-1.03703E-07-2.00641E+04
 -1       446-3.36924E-07 8.47040E-08-1.18496E-06 2.67046E-07 2.12951E-07-1.55197E+05
 -1       447 1.64997E+06 9.76401E+00-1.64877E+01-6.12661E-07-2.70157E-07-2.00641E+04
 -1       448-1.64995E+06 7.29656E+01-7.13645E+00-7.35342E+03 6.05161E+01-2.99467E+04
 -1       449-3.95696E-07-2.39875E-07 3.88652E-07-1.61829E-08 1.46245E+01-1.94776E+05
 -1       450 1.64995E+06-7.29656E+01 7.13645E+00 7.35342E+03 6.05161E+01-2.99467E+04
 -1       451-1.50002E+06 5.39097E+01-8.62986E+01 7.33892E+03-1.80264E+02-2.99529E+04
 -1       452-7.49981E+05 3.05648E+01-2.45638E+01 2.42399E+03-1.22799E+02-1.12370E+05
 -1       453 1.21277E-06 1.08699E-07 1.22391E-06 2.56436E-07-6.53350E+01-1.94786E+05
 -1       454 7.49981E+05-3.05648E+01 2.45638E+01-2.42399E+03-1.22799E+02-1.12370E+05
 -1       455 1.50002E+06-5.39097E+01 8.62986E+01-7.33892E+03-1.80264E+02-2.99529E+04
 -1       456-1.49998E+06-3.19435E+01-4.61771E+01 7.46996E+03 9.95251E+00-2.49978E+04
 -1       457 6.91531E-07 2.21280E-07-4.85613E-07 1.45936E-07-1.18204E+01-1.74994E+05
 -1       458 1.49998E+06 3.19435E+01 4.61771E+01-7.46996E+03 9.95251E+00-2.49978E+04
 -1       459-1.49994E+06-1.17797E+02-6.05563E+00 9.19603E-07 8.07818E-08-2.00427E+04
 -1       460-7.49946E+05-6.73633E+01-1.84487E+01 4.71175E-07-8.02497E-08-8.76225E+04
 -1       461 1.00713E-07 1.29790E-07-2.08233E-06 9.95782E-08 2.08895E-07-1.55202E+05
 -1       462 7.49946E+05 6.73633E+01 1.84487E+01-2.10186E-07 1.26992E-07-8.76225E+04
 -1       463 1.49994E+06 1.17797E+02 6.05563E+00-5.96781E-07-4.05086E-07-2.00427E+04
 -1       464-1.49998E+06-3.19435E+01-4.61771E+01-7.46996E+03-9.95251E+00-2.49978E+04
 -1       465 7.44473E-08-1.84959E-07-5.51765E-07 1.26360E-07 1.18204E+01-1.74994E+05
 -1       466 1.49998E+06 3.19435E+01 4.61771E+01 7.46996E+03-9.95251E+00-2.49978E+04
 -1       467-1.50002E+06 5.39097E+01-8.62986E+01-7.33892E+03 1.80264E+02-2.99529E+04
 -1       468-7.49981E+05 3.05648E+01-2.45638E+01-2.42399E+03 1.22799E+02-1.12370E+05
 -1       469 1.17758E-07-2.95637E-07 8.66001E-07 8.90008E-08 6.53350E+01-1.94786E+05
 -1       470 7.49981E+05-3.05648E+01 2.45638E+01 2.42399E+03 1.22799E+02-1.12370E+05
 -1       471 1.50002E+06-5.39097E+01 8.62986E+01 7.33892E+03 1.80264E+02-2.99529E+04
 -1       472-1.35003E+06-2.73988E+02 8.96482E+01 7.61714E+03 2.38554E+02-2.99347E+04
 -1       473 1.01047E-06 1.94930E-07 8.12958E-07 2.50793E-07 7.11557E+01-1.94766E+05
 -1       474 1.35003E+06 2.73988E+02-8.96482E+01-7.61714E+03 2.38554E+02-2.99347E+04
 -1       475-1.34997E+06 5.58949E+01-5.40223E+01 9.49731E-07 2.92724E-08-1.99814E+04
 -1       476-7.51786E-08 1.36382E-07-8.84683E-07 5.09498E-08 3.88127E-08-1.55302E+05
 -1       477 1.34997E+06-5.58949E+01 5.40223E+01-4.91994E-07-7.16511E-09-1.99814E+04
 -1       478-1.35003E+06-2.73988E+02 8.96482E+01-7.61714E+03-2.38554E+02-2.99347E+04
 -1       479-2.46234E-07-8.57433E-08 6.86323E-07 5.60283E-08-7.11557E+01-1.94766E+05
 -1       480 1.35003E+06 2.73988E+02-8.96482E+01 7.61714E+03-2.38554E+02-2.99347E+04
 -1       481-1.19978E+06-3.46848E+02 3.04168E+02 7.65362E+03 6.40632E+02-2.96675E+04
 -1       482-6.00005E+05-2.36107E+02-4.77974E+01 2.62860E+03 4.63885E+02-1.12301E+05
 -1       483 9.09937E-07 4.46280E-07 3.21764E-07 2.74032E-07 2.87138E+02-1.94935E+05
 -1       484 6.00005E+05 2.36107E+02 4.77974E+01-2.62860E+03 4.63885E+02-1.12301E+05
 -1       485 1.19978E+06 3.46848E+02-3.04168E+02-7.65362E+03 6.40632E+02-2.96675E+04
 -1       486-1.19988E+06 5.61894E+01 2.03911E+02 7.26689E+03-9.08335E+01-2.48799E+04
 -1       487 3.25040E-07 2.26545E-07 5.86168E-08 1.02039E-07 6.58507E+01-1.75112E+05
 -1       488 1.19988E+06-5.61894E+01-2.03911E+02-7.26689E+03-9.08335E+01-2.48799E+04
 -1       489-1.19998E+06 4.59227E+02 1.03654E+02 9.27371E-07 1.49741E-07-2.00923E+04
 -1       490-6.00040E+05 2.52835E+02 6.95224E+01 4.77629E-07-5.60829E-08-8.76905E+04
 -1       491-1.32088E-07 1.26796E-07 4.56435E-08 7.29323E-08-2.06596E-07-1.55289E+05
 -1       492 6.00040E+05-2.52835E+02-6.95224E+01-3.14028E-07 1.00104E-07-8.76905E+04
 -1       493 1.19998E+06-4.59227E+02-1.03654E+02-7.46034E-07 3.51493E-07-2.00923E+04
 -1       494-1.19988E+06 5.61894E+01 2.03911E+02-7.26689E+03 9.08335E+01-2.48799E+04
 -1       495-3.96106E-08 2.83912E-07 6.32374E-07 1.00365E-07-6.58507E+01-1.75112E+05
 -1       496 1.19988E+06-5.61894E+01-2.03911E+02 7.26689E+03 9.08335E+01-2.48799E+04
 -1       497-1.19978E+06-3.46848E+02 3.04168E+02-7.65362E+03-6.40632E+02-2.96675E+04
 -1       498-6.00005E+05-2.36107E+02-4.77974E+01-2.62860E+03-4.63885E+02-1.12301E+05
 -1       499-7.49024E-08 3.21041E-07 9.68932E-07-1.50892E-08-2.87138E+02-1.94935E+05
 -1       500 6.00005E+05 2.36107E+02 4.77974E+01 2.62860E+03-4.63885E+02-1.12301E+05
 -1       501 1.19978E+06 3.46848E+02-3.04168E+02 7.65362E+03-6.40632E+02-2.96675E+04
 -1       502-1.04974E+06 1.06946E+03-2.96962E+02 6.74184E+03-8.56117E+02-3.01746E+04
 -1       503 7.10892E-07 2.87781E-07 1.76462E-08 5.70299E-08-3.41816E+02-1.94605E+05
 -1       504 1.04974E+06-1.06946E+03 2.96962E+02-6.74184E+03-8.56117E+02-3.01746E+04
 -1       505-1.04999E+06-1.72074E+02 1.53900E+02 1.14016E-06 7.42604E-08-2.03423E+04
 -1       506 4.63216E-07 4.62592E-07 4.13975E-07 1.02447E-07-3.70347E-07-1.54862E+05
 -1       507 1.04999E+06 1.72074E+02-1.53900E+02-7.95528E-07 2.85924E-07-2.03423E+04
 -1       508-1.04974E+06 1.06946E+03-2.96962E+02-6.74184E+03 8.56117E+02-3.01746E+04
 -1       509 2.03663E-07 2.18889E-07 6.58051E-07-1.25179E-07 3.41816E+02-1.94605E+05
 -1       510 1.04974E+06-1.06946E+03 2.96962E+02 6.74184E+03 8.56117E+02-3.01746E+04
 -1       511-9.00807E+05 1.05420E+03-2.82041E+03 7.07769E+03-2.58004E+03-2.97626E+04
 -1       512-4.49838E+05 6.21280E+02-1.08442E+03 2.11891E+03-1.82313E+03-1.12508E+05
 -1       513 8.61184E-07 5.85498E-07 9.27632E-07-8.09192E-08-1.06622E+03-1.95253E+05
 -1       514 4.49838E+05-6.21280E+02 1.08442E+03-2.11891E+03-1.82313E+03-1.12508E+05
 -1       515 9.00807E+05-1.05420E+03 2.82041E+03-7.07769E+03-2.58004E+03-2.97626E+04
 -1       516-9.00393E+05-2.93896E+02-1.84111E+03 7.95488E+03 2.25293E+02-2.47857E+04
 -1       517 5.37565E-07 6.91005E-07 6.44605E-07-8.47524E-09-1.64902E+02-1.75206E+05
 -1       518 9.00393E+05 2.93896E+02 1.84111E+03-7.95488E+03 2.25293E+02-2.47857E+04
 -1       519-8.99978E+05-1.64200E+03-8.61810E+02 1.09644E-06-1.90688E-07-1.98088E+04
 -1       520-4.49712E+05-9.24153E+02-4.74229E+02 6.78405E-07-3.81474E-07-8.74840E+04
 -1       521 3.06026E-07 6.08905E-07 8.21117E-07 3.11865E-07-3.36923E-07-1.55159E+05
 -1       522 4.49712E+05 9.24153E+02 4.74229E+02-2.35325E-07 3.79644E-08-8.74840E+04
 -1       523 8.99978E+05 1.64200E+03 8.61810E+02-8.34012E-07 1.77515E-07-1.98088E+04
 -1       524-9.00393E+05-2.93896E+02-1.84111E+03-7.95488E+03-2.25293E+02-2.47857E+04
 -1       525 6.48781E-08-2.07245E-08 1.20391E-07 2.26175E-07 1.64902E+02-1.75206E+05
 -1       526 9.00393E+05 2.93896E+02 1.84111E+03 7.95488E+03-2.25293E+02-2.47857E+04
 -1       527-9.00807E+05 1.05420E+03-2.82041E+03-7.07769E+03 2.58004E+03-2.97626E+04
 -1       528-4.49838E+05 6.21280E+02-1.08442E+03-2.11891E+03 1.82313E+03-1.12508E+05
 -1       529-2.68350E-07-4.62747E-07-1.03987E-06-1.07412E-07 1.06622E+03-1.95253E+05
 -1       530 4.49838E+05-6.21280E+02 1.08442E+03 2.11891E+03 1.82313E+03-1.12508E+05
 -1       531 9.00807E+05-1.05420E+03 2.82041E+03 7.07769E+03 2.58004E+03-2.97626E+04
 -1       532-7.50772E+05-3.73436E+03 2.97472E+03 9.24134E+03 3.37547E+03-2.97678E+04
 -1       533 2.10865E-07 1.89979E-07 2.92389E-07 1.92503E-07 1.64700E+03-1.95369E+05
 -1       534 7.50772E+05 3.73436E+03-2.97472E+03-9.24134E+03 3.37547E+03-2.97678E+04
 -1       535-7.50900E+05 8.07435E+02-1.85065E+02 5.86183E-07 9.40490E-08-1.86778E+04
 -1       536 5.94280E-07 6.94322E-07 5.31627E-07 2.86513E-07-7.27283E-08-1.56170E+05
 -1       537 7.50900E+05-8.07435E+02 1.85065E+02-5.77179E-07 1.92022E-07-1.86778E+04
 -1       538-7.50772E+05-3.73436E+03 2.97472E+03-9.24134E+03-3.37547E+03-2.97678E+04
 -1       539 2.50292E-07-1.09894E-07 2.86981E-07 1.47094E-07-1.64700E+03-1.95369E+05
 -1       540 7.50772E+05 3.73436E+03-2.97472E+03 9.24134E+03-3.37547E+03-2.97678E+04
 -1       541-5.96332E+05-6.76471E+03 6.61728E+03 8.57240E+03 8.08750E+03-2.08491E+04
 -1       542-3.01720E+05-5.34280E+03-2.62626E+03 3.65321E+03 6.46990E+03-1.11166E+05
 -1       543 1.91371E-07-1.33532E-07-7.02790E-07 1.42341E-07 4.85230E+03-2.01482E+05
 -1       544 3.01720E+05 5.34280E+03 2.62626E+03-3.65321E+03 6.46990E+03-1.11166E+05
 -1       545 5.96332E+05 6.76471E+03-6.61728E+03-8.57240E+03 8.08750E+03-2.08491E+04
 -1       546-5.97318E+05-3.21510E+02 4.76711E+03 6.34827E+03-2.50961E+03-2.02449E+04
 -1       547 8.16443E-07 4.77003E-07 8.90132E-08 3.87045E-08 1.36105E+03-1.79747E+05
 -1       548 5.97318E+05 3.21510E+02-4.76711E+03-6.34827E+03-2.50961E+03-2.02449E+04
 -1       549-5.98304E+05 6.12169E+03 2.91694E+03 2.25640E-07 2.90782E-07-1.96407E+04
 -1       550-3.00924E+05 2.81918E+03-5.28914E+02 1.17693E-07 1.61677E-07-8.88264E+04
 -1       551 1.17626E-06 9.00089E-07 4.29210E-07 5.38195E-08 1.43643E-07-1.58012E+05
 -1       552 3.00924E+05-2.81918E+03 5.28914E+02-2.08698E-07 2.98639E-07-8.88264E+04
 -1       553 5.98304E+05-6.12169E+03-2.91694E+03-5.15289E-07 3.42562E-07-1.96407E+04
 -1       554-5.97318E+05-3.21510E+02 4.76711E+03-6.34827E+03 2.50961E+03-2.02449E+04
 -1       555 1.00040E-06 5.80265E-07 1.04042E-06 3.83172E-08-1.36105E+03-1.79747E+05
 -1       556 5.97318E+05 3.21510E+02-4.76711E+03 6.34827E+03 2.50961E+03-2.02449E+04
 -1       557-5.96332E+05-6.76471E+03 6.61728E+03-8.57240E+03-8.08750E+03-2.08491E+04
 -1       558-3.01720E+05-5.34280E+03-2.62626E+03-3.65321E+03-6.46990E+03-1.11166E+05
 -1       559 1.08980E-06 4.47890E-07 2.10323E-06-9.59366E-08-4.85230E+03-2.01482E+05
 -1       560 3.01720E+05 5.34280E+03 2.62626E+03 3.65321E+03-6.46990E+03-1.11166E+05
 -1       561 5.96332E+05 6.76471E+03-6.61728E+03 8.57240E+03-8.08750E+03-2.08491E+04
 -1       562-4.44322E+05 1.39440E+04-5.94665E+03 8.48158E+02-1.02939E+04-3.93979E+04
 -1       563-7.93707E-08-2.33507E-07-1.31710E-06 1.09792E-08-5.26513E+03-1.90546E+05
 -1       564 4.44322E+05-1.39440E+04 5.94665E+03-8.48158E+02-1.02939E+04-3.93979E+04
 -1       565-4.53265E+05-5.85074E+03 1.45792E+03-2.71331E-07-1.47158E-07-2.47194E+04
 -1       566 5.45767E-07 4.44254E-07 9.45173E-07-1.84850E-07 1.87461E-07-1.45321E+05
 -1       567 4.53265E+05 5.85074E+03-1.45792E+03 7.82620E-09 4.20428E-07-2.47194E+04
 -1       568-4.44322E+05 1.39440E+04-5.94665E+03-8.48158E+02 1.02939E+04-3.93979E+04
 -1       569 1.06710E-07-3.37262E-07 5.46912E-07-1.58366E-07 5.26513E+03-1.90546E+05
 -1       570 4.44322E+05-1.39440E+04 5.94665E+03 8.48158E+02 1.02939E+04-3.93979E+04
 -1       571-3.07360E+05 7.88161E+03-8.45063E+04 1.73241E+04-3.85271E+04-4.94880E+03
 -1       572-1.38679E+05 4.33311E+03-4.34487E+04 3.52873E+03-2.69671E+04-1.14966E+05
 -1       573-7.16011E-07-5.16967E-07-1.97471E-06 4.73119E-09-1.54071E+04-2.24984E+05
 -1       574 1.38679E+05-4.33311E+03 4.34487E+04-3.52873E+03-2.69671E+04-1.14966E+05
 -1       575 3.07360E+05-7.88161E+03 8.45063E+04-1.73241E+04-3.85271E+04-4.94880E+03
 -1       576-3.08807E+05-1.13546E+04-5.84227E+04 1.42448E+04 1.32056E+03-5.18848E+03
 -1       577-2.83129E-07-2.76473E-07-3.70479E-07-6.43595E-08-2.07883E+03-1.94804E+05
 -1       578 3.08807E+05 1.13546E+04 5.84227E+04-1.42448E+04 1.32056E+03-5.18848E+03
 -1       579-3.10253E+05-3.05909E+04-3.23390E+04-5.64366E-07-3.88143E-07-5.42816E+03
 -1       580-1.52496E+05-1.89326E+04-1.84253E+04-3.73048E-07-9.86138E-08-8.50256E+04
 -1       581 1.46314E-07-3.02225E-08 1.08552E-06-2.35576E-07 3.05899E-07-1.64623E+05
 -1       582 1.52496E+05 1.89326E+04 1.84253E+04 1.85874E-07 3.47452E-07-8.50256E+04
 -1       583 3.10253E+05 3.05909E+04 3.23390E+04 6.61169E-07 2.74021E-07-5.42816E+03
 -1       584-3.08807E+05-1.13546E+04-5.84227E+04-1.42448E+04-1.32056E+03-5.18848E+03
 -1       585-5.56149E-07-6.10749E-07-1.55873E-07 4.27876E-08 2.07883E+03-1.94804E+05
 -1       586 3.08807E+05 1.13546E+04 5.84227E+04 1.42448E+04-1.32056E+03-5.18848E+03
 -1       587-3.07360E+05 7.88161E+03-8.45063E+04-1.73241E+04 3.85271E+04-4.94880E+03
 -1       588-1.38679E+05 4.33311E+03-4.34487E+04-3.52873E+03 2.69671E+04-1.14966E+05
 -1       589-1.25517E-06-1.19703E-06-1.24903E-06 4.23279E-07 1.54071E+04-2.24984E+05
 -1       590 1.38679E+05-4.33311E+03 4.34487E+04 3.52873E+03 2.69671E+04-1.14966E+05
 -1       591 3.07360E+05-7.88161E+03 8.45063E+04 1.73241E+04 3.85271E+04-4.94880E+03
 -1       592-1.89766E+05-4.45124E+04 9.06630E+04 3.73220E+04 4.84464E+04-3.90700E+04
 -1       593-1.79934E-08-2.77094E-07-1.20466E-06-6.15873E-08 3.98694E+04-2.28520E+05
 -1       594 1.89766E+05 4.45124E+04-9.06630E+04-3.73220E+04 4.84464E+04-3.90700E+04
 -1       595-1.59212E+05-4.18683E+04 1.70871E+04-6.44504E-08 4.45631E-07 2.11698E+03
 -1       596-2.61341E-07-2.80085E-07 2.97263E-07 3.94934E-08-2.02625E-07-1.34511E+05
 -1       597 1.59212E+05 4.18683E+04-1.70871E+04 4.24683E-07 1.91732E-07 2.11698E+03
 -1       598-1.89766E+05-4.45124E+04 9.06630E+04-3.73220E+04-4.84464E+04-3.90700E+04
 -1       599-9.11743E-07-1.54563E-07-4.50459E-07 3.88532E-07-3.98694E+04-2.28520E+05
 -1       600 1.89766E+05 4.45124E+04-9.06630E+04 3.73220E+04-4.84464E+04-3.90700E+04
 -1       601-6.06449E+04-7.06344E+04 3.35926E+05 3.48823E+04 1.46772E+05-1.36300E+05
 -1       602 2.06628E+04 6.07908E+03 1.83711E+05-1.88513E+03 1.20740E+05-1.57897E+05
 -1       603 4.32803E-07-3.41606E-08-2.93336E-07-2.85327E-07 9.47079E+04-1.79495E+05
 -1       604-2.06628E+04-6.07908E+03-1.83711E+05 1.88513E+03 1.20740E+05-1.57897E+05
 -1       605 6.06449E+04 7.06344E+04-3.35926E+05-3.48823E+04 1.46772E+05-1.36300E+05
 -1       606-3.51785E+04-5.66074E+04 2.16623E+05 3.60925E+04-1.89361E+03-7.47736E+04
 -1       607-3.54717E-07-5.57193E-07-3.88526E-07-3.24126E-08 4.50149E+04-1.25218E+05
 -1       608 3.51785E+04 5.66074E+04-2.16623E+05-3.60925E+04-1.89361E+03-7.47736E+04
 -1       609-9.71207E+03-4.25804E+04 9.73199E+04 2.17231E-07 1.14879E-06-1.32472E+04
 -1       610 1.45216E+04 5.43738E+03 4.71196E+04 3.94574E-07 5.00011E-07-4.20947E+04
 -1       611-8.59918E-07-6.00852E-07-4.72542E-07 3.42030E-07-7.57965E-07-7.09422E+04
 -1       612-1.45216E+04-5.43738E+03-4.71196E+04 1.56960E-07-5.47749E-07-4.20947E+04
 -1       613 9.71207E+03 4.25804E+04-9.73199E+04 2.01777E-07 2.71670E-07-1.32472E+04
 -1       614-3.51785E+04-5.66074E+04 2.16623E+05-3.60925E+04 1.89361E+03-7.47736E+04
 -1       615-3.73358E-07 4.59760E-07 1.21529E-07 2.14019E-07-4.50149E+04-1.25218E+05
 -1       616 3.51785E+04 5.66074E+04-2.16623E+05 3.60925E+04 1.89361E+03-7.47736E+04
 -1       617-6.06449E+04-7.06344E+04 3.35926E+05-3.48823E+04-1.46772E+05-1.36300E+05
 -1       618 2.06628E+04 6.07908E+03 1.83711E+05 1.88513E+03-1.20740E+05-1.57897E+05
 -1       619-1.69115E-07 1.04101E-06 7.04427E-07-3.55212E-08-9.47079E+04-1.79495E+05
 -1       620-2.06628E+04-6.07908E+03-1.83711E+05-1.88513E+03-1.20740E+05-1.57897E+05
 -1       621 6.06449E+04 7.06344E+04-3.35926E+05 3.48823E+04-1.46772E+05-1.36300E+05
 -3
    1PSTEP                         3           1           1          
  100CL  101 1.000000000         621                     0    1           1
 -4  ERROR       1    1
 -5  STR(%)      1    1    0    0
 -1         1 4.87937E+01
 -1         2 4.87937E+01
 -1         3 4.87937E+01
 -1         4 4.87937E+01
 -1         5 4.87937E+01
 -1         6 4.87937E+01
 -1         7 4.87937E+01
 -1         8 4.87937E+01
 -1         9 4.87937E+01
 -1        10 4.87937E+01
 -1        11 4.87937E+01
 -1        12 4.87937E+01
 -1        13 4.87937E+01
 -1        14 4.87937E+01
 -1        15 4.87937E+01
 -1        16 4.87937E+01
 -1        17 4.87937E+01
 -1        18 4.87937E+01
 -1        19 4.87937E+01
 -1        20 4.87937E+01
 -1        21 4.87937E+01
 -1        22 4.87937E+01
 -1        23 4.87937E+01
 -1        24 4.87937E+01
 -1        25 4.87937E+01
 -1        26 4.87937E+01
 -1        27 4.87937E+01
 -1        28 4.87937E+01
 -1        29 4.87937E+01
 -1        30 4.87937E+01
 -1        31 4.87937E+01
 -1        32 4.87937E+01
 -1        33 4.87937E+01
 -1        34 4.87937E+01
 -1        35 4.87937E+01
 -1        36 4.87937E+01
 -1        37 4.87937E+01
 -1        38 4.87937E+01
 -1        39 4.87937E+01
 -1        40 4.87937E+01
 -1        41 4.87937E+01
 -1        42 4.87937E+01
 -1        43 4.87937E+01
 -1        44 4.87937E+01
 -1        45 4.87937E+01
 -1        46 4.87937E+01
 -1        47 4.87937E+01
 -1        48 4.87937E+01
 -1        49 4.87937E+01
 -1        50 4.87937E+01
 -1        51 4.87937E+01
 -1        52 4.71928E+01
 -1        53 4.71928E+01
 -1        54 4.71928E+01
 -1        55 4.71928E+01
 -1        56 4.71928E+01
 -1        57 4.71928E+01
 -1        58 4.71928E+01
 -1        59 4.71928E+01
 -1        60 4.71928E+01
 -1        61 4.55920E+01
 -1        62 4.55920E+01
 -1        63 4.55920E+01
 -1        64 4.55920E+01
 -1        65 4.55920E+01
 -1        66 4.55920E+01
 -1        67 4.55920E+01
 -1        68 4.55920E+01
 -1        69 4.55920E+01
 -1        70 4.55920E+01
 -1        71 4.55920E+01
 -1        72 4.55920E+01
 -1        73 4.55920E+01
 -1        74 4.55920E+01
 -1        75 4.55920E+01
 -1        76 4.55920E+01
 -1        77 4.55920E+01
 -1        78 4.55920E+01
 -1        79 4.55920E+01
 -1        80 4.55920E+01
 -1        81 4.55920E+01
 -1        82 4.53355E+01
 -1        83 4.53355E+01
 -1        84 4.53355E+01
 -1        85 4.53355E+01
 -1        86 4.53355E+01
 -1        87 4.53355E+01
 -1        88 4.53355E+01
 -1        89 4.53355E+01
 -1        90 4.53355E+01
 -1        91 4.50791E+01
 -1        92 4.50791E+01
 -1        93 4.50791E+01
 -1        94 4.50791E+01
 -1        95 4.50791E+01
 -1        96 4.50791E+01
 -1        97 4.50791E+01
 -1        98 4.50791E+01
 -1        99 4.50791E+01
 -1       100 4.50791E+01
 -1       101 4.50791E+01
 -1       102 4.50791E+01
 -1       103 4.50791E+01
 -1       104 4.50791E+01
 -1       105 4.50791E+01
 -1       106 4.50791E+01
 -1       107 4.50791E+01
 -1       108 4.50791E+01
 -1       109 4.50791E+01
 -1       110 4.50791E+01
 -1       111 4.50791E+01
 -1       112 4.50791E+01
 -1       113 4.50791E+01
 -1       114 4.50791E+01
 -1       115 4.50791E+01
 -1       116 4.50791E+01
 -1       117 4.50791E+01
 -1       118 4.50791E+01
 -1       119 4.50791E+01
 -1       120 4.50791E+01
 -1       121 4.50791E+01
 -1       122 4.50791E+01
 -1       123 4.50791E+01
 -1       124 4.50791E+01
 -1       125 4.50791E+01
 -1       126 4.50791E+01
 -1       127 4.50791E+01
 -1       128 4.50791E+01
 -1       129 4.50791E+01
 -1       130 4.50791E+01
 -1       131 4.50791E+01
 -1       132 4.50791E+01
 -1       133 4.50791E+01
 -1       134 4.50791E+01
 -1       135 4.50791E+01
 -1       136 4.50791E+01
 -1       137 4.50791E+01
 -1       138 4.50791E+01
 -1       139 4.50791E+01
 -1       140 4.50791E+01
 -1       141 4.50791E+01
 -1       142 4.50659E+01
 -1       143 4.50659E+01
 -1       144 4.50659E+01
 -1       145 4.50659E+01
 -1       146 4.50659E+01
 -1       147 4.50659E+01
 -1       148 4.50659E+01
 -1       149 4.50659E+01
 -1       150 4.50659E+01
 -1       151 4.50527E+01
 -1       152 4.50527E+01
 -1       153 4.50527E+01
 -1       154 4.50527E+01
 -1       155 4.50527E+01
 -1       156 4.50527E+01
 -1       157 4.50527E+01
 -1       158 4.50527E+01
 -1       159 4.50527E+01
 -1       160 4.50527E+01
 -1       161 4.50527E+01
 -1       162 4.50527E+01
 -1       163 4.50527E+01
 -1       164 4.50527E+01
 -1       165 4.50527E+01
 -1       166 4.50527E+01
 -1       167 4.50527E+01
 -1       168 4.50527E+01
 -1       169 4.50527E+01
 -1       170 4.50527E+01
 -1       171 4.50527E+01
 -1       172 4.50527E+01
 -1       173 4.50527E+01
 -1       174 4.50527E+01
 -1       175 4.50527E+01
 -1       176 4.50527E+01
 -1       177 4.50527E+01
 -1       178 4.50527E+01
 -1       179 4.50527E+01
 -1       180 4.50527E+01
 -1       181 4.50527E+01
 -1       182 4.50527E+01
 -1       183 4.50527E+01
 -1       184 4.50527E+01
 -1       185 4.50527E+01
 -1       186 4.50527E+01
 -1       187 4.50527E+01
 -1       188 4.50527E+01
 -1       189 4.50527E+01
 -1       190 4.50527E+01
 -1       191 4.50527E+01
 -1       192 4.50527E+01
 -1       193 4.50527E+01
 -1       194 4.50527E+01
 -1       195 4.50527E+01
 -1       196 4.50527E+01
 -1       197 4.50527E+01
 -1       198 4.50527E+01
 -1       199 4.50527E+01
 -1       200 4.50527E+01
 -1       201 4.50527E+01
 -1       202 4.50477E+01
 -1       203 4.50477E+01
 -1       204 4.50477E+01
 -1       205 4.50477E+01
 -1       206 4.50477E+01
 -1       207 4.50477E+01
 -1       208 4.50477E+01
 -1       209 4.50477E+01
 -1       210 4.50477E+01
 -1       211 4.50428E+01
 -1       212 4.50428E+01
 -1       213 4.50428E+01
 -1       214 4.50428E+01
 -1       215 4.50428E+01
 -1       216 4.50428E+01
 -1       217 4.50428E+01
 -1       218 4.50428E+01
 -1       219 4.50428E+01
 -1       220 4.50428E+01
 -1       221 4.50428E+01
 -1       222 4.50428E+01
 -1       223 4.50428E+01
 -1       224 4.50428E+01
 -1       225 4.50428E+01
 -1       226 4.50428E+01
 -1       227 4.50428E+01
 -1       228 4.50428E+01
 -1       229 4.50428E+01
 -1       230 4.50428E+01
 -1       231 4.50428E+01
 -1       232 4.50383E+01
 -1       233 4.50383E+01
 -1       234 4.50383E+01
 -1       235 4.50383E+01
 -1       236 4.50383E+01
 -1       237 4.50383E+01
 -1       238 4.50383E+01
 -1       239 4.50383E+01
 -1       240 4.50383E+01
 -1       241 4.50339E+01
 -1       242 4.50339E+01
 -1       243 4.50339E+01
 -1       244 4.50339E+01
 -1       245 4.50339E+01
 -1       246 4.50339E+01
 -1       247 4.50339E+01
 -1       248 4.50339E+01
 -1       249 4.50339E+01
 -1       250 4.50339E+01
 -1       251 4.50339E+01
 -1       252 4.50339E+01
 -1       253 4.50339E+01
 -1       254 4.50339E+01
 -1       255 4.50339E+01
 -1       256 4.50339E+01
 -1       257 4.50339E+01
 -1       258 4.50339E+01
 -1       259 4.50339E+01
 -1       260 4.50339E+01
 -1       261 4.50339E+01
 -1       262 4.50242E+01
 -1       263 4.50242E+01
 -1       264 4.50242E+01
 -1       265 4.50242E+01
 -1       266 4.50242E+01
 -1       267 4.50242E+01
 -1       268 4.50242E+01
 -1       269 4.50242E+01
 -1       270 4.50242E+01
 -1       271 4.50144E+01
 -1       272 4.50144E+01
 -1       273 4.50144E+01
 -1       274 4.50144E+01
 -1       275 4.50144E+01
 -1       276 4.50144E+01
 -1       277 4.50144E+01
 -1       278 4.50144E+01
 -1       279 4.50144E+01
 -1       280 4.50144E+01
 -1       281 4.50144E+01
 -1       282 4.50144E+01
 -1       283 4.50144E+01
 -1       284 4.50144E+01
 -1       285 4.50144E+01
 -1       286 4.50144E+01
 -1       287 4.50144E+01
 -1       288 4.50144E+01
 -1       289 4.50144E+01
 -1       290 4.50144E+01
 -1       291 4.50144E+01
 -1       292 4.49984E+01
 -1       293 4.49984E+01
 -1       294 4.49984E+01
 -1       295 4.49984E+01
 -1       296 4.49984E+01
 -1       297 4.49984E+01
 -1       298 4.49984E+01
 -1       299 4.49984E+01
 -1       300 4.49984E+01
 -1       301 4.49825E+01
 -1       302 4.49825E+01
 -1       303 4.49825E+01
 -1       304 4.49825E+01
 -1       305 4.49825E+01
 -1       306 4.49825E+01
 -1       307 4.49825E+01
 -1       308 4.49825E+01
 -1       309 4.49825E+01
 -1       310 4.49825E+01
 -1       311 4.49825E+01
 -1       312 4.49825E+01
 -1       313 4.49825E+01
 -1       314 4.49825E+01
 -1       315 4.49825E+01
 -1       316 4.49825E+01
 -1       317 4.49825E+01
 -1       318 4.49825E+01
 -1       319 4.49825E+01
 -1       320 4.49825E+01
 -1       321 4.49825E+01
 -1       322 4.49565E+01
 -1       323 4.49565E+01
 -1       324 4.49565E+01
 -1       325 4.49565E+01
 -1       326 4.49565E+01
 -1       327 4.49565E+01
 -1       328 4.49565E+01
 -1       329 4.49565E+01
 -1       330 4.49565E+01
 -1       331 4.49305E+01
 -1       332 4.49305E+01
 -1       333 4.49305E+01
 -1       334 4.49305E+01
 -1       335 4.49305E+01
 -1       336 4.49305E+01
 -1       337 4.49305E+01
 -1       338 4.49305E+01
 -1       339 4.49305E+01
 -1       340 4.49305E+01
 -1       341 4.49305E+01
 -1       342 4.49305E+01
 -1       343 4.49305E+01
 -1       344 4.49305E+01
 -1       345 4.49305E+01
 -1       346 4.49305E+01
 -1       347 4.49305E+01
 -1       348 4.49305E+01
 -1       349 4.49305E+01
 -1       350 4.49305E+01
 -1       351 4.49305E+01
 -1       352 4.48891E+01
 -1       353 4.48891E+01
 -1       354 4.48891E+01
 -1       355 4.48891E+01
 -1       356 4.48891E+01
 -1       357 4.48891E+01
 -1       358 4.48891E+01
 -1       359 4.48891E+01
 -1       360 4.48891E+01
 -1       361 4.48477E+01
 -1       362 4.48477E+01
 -1       363 4.48477E+01
 -1       364 4.48477E+01
 -1       365 4.48477E+01
 -1       366 4.48477E+01
 -1       367 4.48477E+01
 -1       368 4.48477E+01
 -1       369 4.48477E+01
 -1       370 4.48477E+01
 -1       371 4.48477E+01
 -1       372 4.48477E+01
 -1       373 4.48477E+01
 -1       374 4.48477E+01
 -1       375 4.48477E+01
 -1       376 4.48477E+01
 -1       377 4.48477E+01
 -1       378 4.48477E+01
 -1       379 4.48477E+01
 -1       380 4.48477E+01
 -1       381 4.48477E+01
 -1       382 4.47813E+01
 -1       383 4.47813E+01
 -1       384 4.47813E+01
 -1       385 4.47813E+01
 -1       386 4.47813E+01
 -1       387 4.47813E+01
 -1       388 4.47813E+01
 -1       389 4.47813E+01
 -1       390 4.47813E+01
 -1       391 4.47149E+01
 -1       392 4.47149E+01
 -1       393 4.47149E+01
 -1       394 4.47149E+01
 -1       395 4.47149E+01
 -1       396 4.47149E+01
 -1       397 4.47149E+01
 -1       398 4.47149E+01
 -1       399 4.47149E+01
 -1       400 4.47149E+01
 -1       401 4.47149E+01
 -1       402 4.47149E+01
 -1       403 4.47149E+01
 -1       404 4.47149E+01
 -1       405 4.47149E+01
 -1       406 4.47149E+01
 -1       407 4.47149E+01
 -1       408 4.47149E+01
 -1       409 4.47149E+01
 -1       410 4.47149E+01
 -1       411 4.47149E+01
 -1       412 4.46070E+01
 -1       413 4.46070E+01
 -1       414 4.46070E+01
 -1       415 4.46070E+01
 -1       416 4.46070E+01
 -1       417 4.46070E+01
 -1       418 4.46070E+01
 -1       419 4.46070E+01
 -1       420 4.46070E+01
 -1       421 4.44991E+01
 -1       422 4.44991E+01
 -1       423 4.44991E+01
 -1       424 4.44991E+01
 -1       425 4.44991E+01
 -1       426 4.44991E+01
 -1       427 4.44991E+01
 -1       428 4.44991E+01
 -1       429 4.44991E+01
 -1       430 4.44991E+01
 -1       431 4.44991E+01
 -1       432 4.44991E+01
 -1       433 4.44991E+01
 -1       434 4.44991E+01
 -1       435 4.44991E+01
 -1       436 4.44991E+01
 -1       437 4.44991E+01
 -1       438 4.44991E+01
 -1       439 4.44991E+01
 -1       440 4.44991E+01
 -1       441 4.44991E+01
 -1       442 4.43179E+01
 -1       443 4.43179E+01
 -1       444 4.43179E+01
 -1       445 4.43179E+01
 -1       446 4.43179E+01
 -1       447 4.43179E+01
 -1       448 4.43179E+01
 -1       449 4.43179E+01
 -1       450 4.43179E+01
 -1       451 4.41367E+01
 -1       452 4.41367E+01
 -1       453 4.41367E+01
 -1       454 4.41367E+01
 -1       455 4.41367E+01
 -1       456 4.41367E+01
 -1       457 4.41367E+01
 -1       458 4.41367E+01
 -1       459 4.41367E+01
 -1       460 4.41367E+01
 -1       461 4.41367E+01
 -1       462 4.41367E+01
 -1       463 4.41367E+01
 -1       464 4.41367E+01
 -1       465 4.41367E+01
 -1       466 4.41367E+01
 -1       467 4.41367E+01
 -1       468 4.41367E+01
 -1       469 4.41367E+01
 -1       470 4.41367E+01
 -1       471 4.41367E+01
 -1       472 4.38214E+01
 -1       473 4.38214E+01
 -1       474 4.38214E+01
 -1       475 4.38214E+01
 -1       476 4.38214E+01
 -1       477 4.38214E+01
 -1       478 4.38214E+01
 -1       479 4.38214E+01
 -1       480 4.38214E+01
 -1       481 4.35060E+01
 -1       482 4.35060E+01
 -1       483 4.35060E+01
 -1       484 4.35060E+01
 -1       485 4.35060E+01
 -1       486 4.35060E+01
 -1       487 4.35060E+01
 -1       488 4.35060E+01
 -1       489 4.35060E+01
 -1       490 4.35060E+01
 -1       491 4.35060E+01
 -1       492 4.35060E+01
 -1       493 4.35060E+01
 -1       494 4.35060E+01
 -1       495 4.35060E+01
 -1       496 4.35060E+01
 -1       497 4.35060E+01
 -1       498 4.35060E+01
 -1       499 4.35060E+01
 -1       500 4.35060E+01
 -1       501 4.35060E+01
 -1       502 4.29205E+01
 -1       503 4.29205E+01
 -1       504 4.29205E+01
 -1       505 4.29205E+01
 -1       506 4.29205E+01
 -1       507 4.29205E+01
 -1       508 4.29205E+01
 -1       509 4.29205E+01
 -1       510 4.29205E+01
 -1       511 4.23350E+01
 -1       512 4.23350E+01
 -1       513 4.23350E+01
 -1       514 4.23350E+01
 -1       515 4.23350E+01
 -1       516 4.23350E+01
 -1       517 4.23350E+01
 -1       518 4.23350E+01
 -1       519 4.23350E+01
 -1       520 4.23350E+01
 -1       521 4.23350E+01
 -1       522 4.23350E+01
 -1       523 4.23350E+01
 -1       524 4.23350E+01
 -1       525 4.23350E+01
 -1       526 4.23350E+01
 -1       527 4.23350E+01
 -1       528 4.23350E+01
 -1       529 4.23350E+01
 -1       530 4.23350E+01
 -1       531 4.23350E+01
 -1       532 4.11390E+01
 -1       533 4.11390E+01
 -1       534 4.11390E+01
 -1       535 4.11390E+01
 -1       536 4.11390E+01
 -1       537 4.11390E+01
 -1       538 4.11390E+01
 -1       539 4.11390E+01
 -1       540 4.11390E+01
 -1       541 3.99431E+01
 -1       542 3.99431E+01
 -1       543 3.99431E+01
 -1       544 3.99431E+01
 -1       545 3.99431E+01
 -1       546 3.99431E+01
 -1       547 3.99431E+01
 -1       548 3.99431E+01
 -1       549 3.99431E+01
 -1       550 3.99431E+01
 -1       551 3.99431E+01
 -1       552 3.99431E+01
 -1       553 3.99431E+01
 -1       554 3.99431E+01
 -1       555 3.99431E+01
 -1       556 3.99431E+01
 -1       557 3.99431E+01
 -1       558 3.99431E+01
 -1       559 3.99431E+01
 -1       560 3.99431E+01
 -1       561 3.99431E+01
 -1       562 5.60471E+01
 -1       563 5.60471E+01
 -1       564 5.60471E+01
 -1       565 5.60471E+01
 -1       566 5.60471E+01
 -1       567 5.60471E+01
 -1       568 5.60471E+01
 -1       569 5.60471E+01
 -1       570 5.60471E+01
 -1       571 7.21511E+01
 -1       572 7.21511E+01
 -1       573 7.21511E+01
 -1       574 7.21511E+01
 -1       575 7.21511E+01
 -1       576 7.21511E+01
 -1       577 7.21511E+01
 -1       578 7.21511E+01
 -1       579 7.21511E+01
 -1       580 7.21511E+01
 -1       581 7.21511E+01
 -1       582 7.21511E+01
 -1       583 7.21511E+01
 -1       584 7.21511E+01
 -1       585 7.21511E+01
 -1       586 7.21511E+01
 -1       587 7.21511E+01
 -1       588 7.21511E+01
 -1       589 7.21511E+01
 -1       590 7.21511E+01
 -1       591 7.21511E+01
 -1       592 7.21511E+01
 -1       593 7.21511E+01
 -1       594 7.21511E+01
 -1       595 7.21511E+01
 -1       596 7.21511E+01
 -1       597 7.21511E+01
 -1       598 7.21511E+01
 -1       599 7.21511E+01
 -1       600 7.21511E+01
 -1       601 7.21511E+01
 -1       602 7.21511E+01
 -1       603 7.21511E+01
 -1       604 7.21511E+01
 -1       605 7.21511E+01
 -1       606 7.21511E+01
 -1       607 7.21511E+01
 -1       608 7.21511E+01
 -1       609 7.21511E+01
 -1       610 7.21511E+01
 -1       611 7.21511E+01
 -1       612 7.21511E+01
 -1       613 7.21511E+01
 -1       614 7.21511E+01
 -1       615 7.21511E+01
 -1       616 7.21511E+01
 -1       617 7.21511E+01
 -1       618 7.21511E+01
 -1       619 7.21511E+01
 -1       620 7.21511E+01
 -1       621 7.21511E+01
 -3
 9999
