# PINN prediction (PINNeAPPle PINNFactory, h learned = 14.90 W/m2K from 8 thermocouples)
# 2D heat-spreader plate (examples/use_cases/fin_convection_inverse, PINNeAPPle): 100 x 60 mm aluminium, 8 W device, h = 15 W/m2K
x [m],y [m],T [degC]
0.0005,0.0005,73.8993
0.0015,0.0005,73.8783
0.0025,0.0005,73.8591
0.0035,0.0005,73.842
0.0045,0.0005,73.8269
0.0055,0.0005,73.814
0.0065,0.0005,73.8033
0.0075,0.0005,73.7947
0.0085,0.0005,73.7882
0.0095,0.0005,73.7836
0.0105,0.0005,73.7806
0.0115,0.0005,73.7789
0.0125,0.0005,73.778
0.0135,0.0005,73.7772
0.0145,0.0005,73.7758
0.0155,0.0005,73.773
0.0165,0.0005,73.7678
0.0175,0.0005,73.7592
0.0185,0.0005,73.746
0.0195,0.0005,73.7268
0.0205,0.0005,73.7003
0.0215,0.0005,73.6654
0.0225,0.0005,73.6211
0.0235,0.0005,73.567
0.0245,0.0005,73.5032
0.0255,0.0005,73.4301
0.0265,0.0005,73.3484
0.0275,0.0005,73.2586
0.0285,0.0005,73.161
0.0295,0.0005,73.0556
0.0305,0.0005,72.9424
0.0315,0.0005,72.8211
0.0325,0.0005,72.6916
0.0335,0.0005,72.554
0.0345,0.0005,72.4086
0.0355,0.0005,72.2555
0.0365,0.0005,72.0953
0.0375,0.0005,71.9284
0.0385,0.0005,71.7549
0.0395,0.0005,71.5752
0.0405,0.0005,71.3893
0.0415,0.0005,71.1976
0.0425,0.0005,71.0002
0.0435,0.0005,70.7977
0.0445,0.0005,70.5908
0.0455,0.0005,70.3801
0.0465,0.0005,70.1665
0.0475,0.0005,69.9507
0.0485,0.0005,69.7336
0.0495,0.0005,69.5157
0.0505,0.0005,69.2975
0.0515,0.0005,69.0796
0.0525,0.0005,68.8623
0.0535,0.0005,68.646
0.0545,0.0005,68.4312
0.0555,0.0005,68.2183
0.0565,0.0005,68.0076
0.0575,0.0005,67.7995
0.0585,0.0005,67.5944
0.0595,0.0005,67.3926
0.0605,0.0005,67.1945
0.0615,0.0005,67.0003
0.0625,0.0005,66.8102
0.0635,0.0005,66.6245
0.0645,0.0005,66.4433
0.0655,0.0005,66.2668
0.0665,0.0005,66.095
0.0675,0.0005,65.928
0.0685,0.0005,65.766
0.0695,0.0005,65.6089
0.0705,0.0005,65.4567
0.0715,0.0005,65.3095
0.0725,0.0005,65.1673
0.0735,0.0005,65.0301
0.0745,0.0005,64.8979
0.0755,0.0005,64.7706
0.0765,0.0005,64.6483
0.0775,0.0005,64.5308
0.0785,0.0005,64.4183
0.0795,0.0005,64.3106
0.0805,0.0005,64.2077
0.0815,0.0005,64.1095
0.0825,0.0005,64.0161
0.0835,0.0005,63.9273
0.0845,0.0005,63.8432
0.0855,0.0005,63.7637
0.0865,0.0005,63.6887
0.0875,0.0005,63.6181
0.0885,0.0005,63.5519
0.0895,0.0005,63.4901
0.0905,0.0005,63.4326
0.0915,0.0005,63.3794
0.0925,0.0005,63.3303
0.0935,0.0005,63.2853
0.0945,0.0005,63.2443
0.0955,0.0005,63.2074
0.0965,0.0005,63.1743
0.0975,0.0005,63.1451
0.0985,0.0005,63.1196
0.0995,0.0005,63.0978
0.0005,0.0015,73.8835
0.0015,0.0015,73.8646
0.0025,0.0015,73.8476
0.0035,0.0015,73.8326
0.0045,0.0015,73.8197
0.0055,0.0015,73.8089
0.0065,0.0015,73.8001
0.0075,0.0015,73.7935
0.0085,0.0015,73.7888
0.0095,0.0015,73.7858
0.0105,0.0015,73.7843
0.0115,0.0015,73.784
0.0125,0.0015,73.7841
0.0135,0.0015,73.7843
0.0145,0.0015,73.7837
0.0155,0.0015,73.7815
0.0165,0.0015,73.7767
0.0175,0.0015,73.7684
0.0185,0.0015,73.7555
0.0195,0.0015,73.7367
0.0205,0.0015,73.7107
0.0215,0.0015,73.6765
0.0225,0.0015,73.6331
0.0235,0.0015,73.5802
0.0245,0.0015,73.518
0.0255,0.0015,73.4469
0.0265,0.0015,73.3673
0.0275,0.0015,73.2797
0.0285,0.0015,73.1841
0.0295,0.0015,73.0804
0.0305,0.0015,72.9683
0.0315,0.0015,72.8476
0.0325,0.0015,72.7181
0.0335,0.0015,72.5801
0.0345,0.0015,72.4338
0.0355,0.0015,72.2796
0.0365,0.0015,72.1182
0.0375,0.0015,71.95
0.0385,0.0015,71.7752
0.0395,0.0015,71.5941
0.0405,0.0015,71.4069
0.0415,0.0015,71.2138
0.0425,0.0015,71.015
0.0435,0.0015,70.8111
0.0445,0.0015,70.6028
0.0455,0.0015,70.3908
0.0465,0.0015,70.1759
0.0475,0.0015,69.9591
0.0485,0.0015,69.7409
0.0495,0.0015,69.522
0.0505,0.0015,69.3028
0.0515,0.0015,69.0839
0.0525,0.0015,68.8656
0.0535,0.0015,68.6484
0.0545,0.0015,68.4326
0.0555,0.0015,68.2187
0.0565,0.0015,68.007
0.0575,0.0015,67.7979
0.0585,0.0015,67.5918
0.0595,0.0015,67.3891
0.0605,0.0015,67.19
0.0615,0.0015,66.9949
0.0625,0.0015,66.8038
0.0635,0.0015,66.6172
0.0645,0.0015,66.435
0.0655,0.0015,66.2575
0.0665,0.0015,66.0848
0.0675,0.0015,65.9169
0.0685,0.0015,65.7538
0.0695,0.0015,65.5958
0.0705,0.0015,65.4427
0.0715,0.0015,65.2946
0.0725,0.0015,65.1515
0.0735,0.0015,65.0134
0.0745,0.0015,64.8803
0.0755,0.0015,64.7521
0.0765,0.0015,64.629
0.0775,0.0015,64.5107
0.0785,0.0015,64.3974
0.0795,0.0015,64.2889
0.0805,0.0015,64.1853
0.0815,0.0015,64.0864
0.0825,0.0015,63.9923
0.0835,0.0015,63.9029
0.0845,0.0015,63.8181
0.0855,0.0015,63.7379
0.0865,0.0015,63.6623
0.0875,0.0015,63.5911
0.0885,0.0015,63.5245
0.0895,0.0015,63.4621
0.0905,0.0015,63.4042
0.0915,0.0015,63.3504
0.0925,0.0015,63.3009
0.0935,0.0015,63.2555
0.0945,0.0015,63.2142
0.0955,0.0015,63.1769
0.0965,0.0015,63.1435
0.0975,0.0015,63.1141
0.0985,0.0015,63.0884
0.0995,0.0015,63.0664
0.0005,0.0025,73.8719
0.0015,0.0025,73.8552
0.0025,0.0025,73.8405
0.0035,0.0025,73.8279
0.0045,0.0025,73.8174
0.0055,0.0025,73.8089
0.0065,0.0025,73.8026
0.0075,0.0025,73.7982
0.0085,0.0025,73.7957
0.0095,0.0025,73.7949
0.0105,0.0025,73.7953
0.0115,0.0025,73.7968
0.0125,0.0025,73.7986
0.0135,0.0025,73.8002
0.0145,0.0025,73.8009
0.0155,0.0025,73.7998
0.0165,0.0025,73.796
0.0175,0.0025,73.7886
0.0185,0.0025,73.7765
0.0195,0.0025,73.7586
0.0205,0.0025,73.7337
0.0215,0.0025,73.7006
0.0225,0.0025,73.6588
0.0235,0.0025,73.6078
0.0245,0.0025,73.5477
0.0255,0.0025,73.479
0.0265,0.0025,73.402
0.0275,0.0025,73.3169
0.0285,0.0025,73.2235
0.0295,0.0025,73.1215
0.0305,0.0025,73.0106
0.0315,0.0025,72.8903
0.0325,0.0025,72.7607
0.0335,0.0025,72.6219
0.0345,0.0025,72.4744
0.0355,0.0025,72.3188
0.0365,0.0025,72.1557
0.0375,0.0025,71.9856
0.0385,0.0025,71.809
0.0395,0.0025,71.6261
0.0405,0.0025,71.4369
0.0415,0.0025,71.2418
0.0425,0.0025,71.041
0.0435,0.0025,70.8351
0.0445,0.0025,70.6248
0.0455,0.0025,70.411
0.0465,0.0025,70.1945
0.0475,0.0025,69.976
0.0485,0.0025,69.7563
0.0495,0.0025,69.536
0.0505,0.0025,69.3154
0.0515,0.0025,69.0951
0.0525,0.0025,68.8755
0.0535,0.0025,68.6568
0.0545,0.0025,68.4397
0.0555,0.0025,68.2243
0.0565,0.0025,68.0113
0.0575,0.0025,67.8008
0.0585,0.0025,67.5934
0.0595,0.0025,67.3894
0.0605,0.0025,67.189
0.0615,0.0025,66.9925
0.0625,0.0025,66.8002
0.0635,0.0025,66.6123
0.0645,0.0025,66.4289
0.0655,0.0025,66.2502
0.0665,0.0025,66.0763
0.0675,0.0025,65.9072
0.0685,0.0025,65.7431
0.0695,0.0025,65.5839
0.0705,0.0025,65.4298
0.0715,0.0025,65.2807
0.0725,0.0025,65.1366
0.0735,0.0025,64.9975
0.0745,0.0025,64.8635
0.0755,0.0025,64.7345
0.0765,0.0025,64.6104
0.0775,0.0025,64.4913
0.0785,0.0025,64.3772
0.0795,0.0025,64.2679
0.0805,0.0025,64.1635
0.0815,0.0025,64.0638
0.0825,0.0025,63.969
0.0835,0.0025,63.8789
0.0845,0.0025,63.7934
0.0855,0.0025,63.7126
0.0865,0.0025,63.6363
0.0875,0.0025,63.5646
0.0885,0.0025,63.4973
0.0895,0.0025,63.4345
0.0905,0.0025,63.376
0.0915,0.0025,63.3218
0.0925,0.0025,63.2718
0.0935,0.0025,63.226
0.0945,0.0025,63.1843
0.0955,0.0025,63.1467
0.0965,0.0025,63.113
0.0975,0.0025,63.0833
0.0985,0.0025,63.0574
0.0995,0.0025,63.0352
0.0005,0.0035,73.8649
0.0015,0.0035,73.8504
0.0025,0.0035,73.8382
0.0035,0.0035,73.8281
0.0045,0.0035,73.8202
0.0055,0.0035,73.8144
0.0065,0.0035,73.8107
0.0075,0.0035,73.8091
0.0085,0.0035,73.8092
0.0095,0.0035,73.8109
0.0105,0.0035,73.8138
0.0115,0.0035,73.8176
0.0125,0.0035,73.8216
0.0135,0.0035,73.8252
0.0145,0.0035,73.8277
0.0155,0.0035,73.8282
0.0165,0.0035,73.826
0.0175,0.0035,73.8201
0.0185,0.0035,73.8095
0.0195,0.0035,73.7931
0.0205,0.0035,73.7699
0.0215,0.0035,73.7388
0.0225,0.0035,73.699
0.0235,0.0035,73.6504
0.0245,0.0035,73.593
0.0255,0.0035,73.5272
0.0265,0.0035,73.4532
0.0275,0.0035,73.3708
0.0285,0.0035,73.2799
0.0295,0.0035,73.1798
0.0305,0.0035,73.0699
0.0315,0.0035,72.95
0.0325,0.0035,72.82
0.0335,0.0035,72.6801
0.0345,0.0035,72.5311
0.0355,0.0035,72.3735
0.0365,0.0035,72.2083
0.0375,0.0035,72.036
0.0385,0.0035,71.857
0.0395,0.0035,71.6716
0.0405,0.0035,71.4799
0.0415,0.0035,71.2821
0.0425,0.0035,71.0787
0.0435,0.0035,70.8702
0.0445,0.0035,70.6575
0.0455,0.0035,70.4412
0.0465,0.0035,70.2225
0.0475,0.0035,70.0019
0.0485,0.0035,69.7802
0.0495,0.0035,69.558
0.0505,0.0035,69.3355
0.0515,0.0035,69.1134
0.0525,0.0035,68.8918
0.0535,0.0035,68.6714
0.0545,0.0035,68.4523
0.0555,0.0035,68.2352
0.0565,0.0035,68.0203
0.0575,0.0035,67.8081
0.0585,0.0035,67.599
0.0595,0.0035,67.3932
0.0605,0.0035,67.1911
0.0615,0.0035,66.9931
0.0625,0.0035,66.7992
0.0635,0.0035,66.6098
0.0645,0.0035,66.425
0.0655,0.0035,66.2449
0.0665,0.0035,66.0696
0.0675,0.0035,65.8993
0.0685,0.0035,65.7339
0.0695,0.0035,65.5735
0.0705,0.0035,65.4183
0.0715,0.0035,65.268
0.0725,0.0035,65.1229
0.0735,0.0035,64.9828
0.0745,0.0035,64.8478
0.0755,0.0035,64.7178
0.0765,0.0035,64.5929
0.0775,0.0035,64.4729
0.0785,0.0035,64.3578
0.0795,0.0035,64.2477
0.0805,0.0035,64.1425
0.0815,0.0035,64.0421
0.0825,0.0035,63.9465
0.0835,0.0035,63.8556
0.0845,0.0035,63.7695
0.0855,0.0035,63.6879
0.0865,0.0035,63.611
0.0875,0.0035,63.5387
0.0885,0.0035,63.4708
0.0895,0.0035,63.4074
0.0905,0.0035,63.3484
0.0915,0.0035,63.2937
0.0925,0.0035,63.2433
0.0935,0.0035,63.1971
0.0945,0.0035,63.155
0.0955,0.0035,63.1171
0.0965,0.0035,63.0831
0.0975,0.0035,63.0531
0.0985,0.0035,63.0269
0.0995,0.0035,63.0046
0.0005,0.0045,73.8629
0.0015,0.0045,73.8507
0.0025,0.0045,73.8409
0.0035,0.0045,73.8334
0.0045,0.0045,73.8283
0.0055,0.0045,73.8254
0.0065,0.0045,73.8247
0.0075,0.0045,73.826
0.0085,0.0045,73.8291
0.0095,0.0045,73.8338
0.0105,0.0045,73.8397
0.0115,0.0045,73.8463
0.0125,0.0045,73.853
0.0135,0.0045,73.8593
0.0145,0.0045,73.8642
0.0155,0.0045,73.8671
0.0165,0.0045,73.867
0.0175,0.0045,73.8633
0.0185,0.0045,73.8549
0.0195,0.0045,73.8408
0.0205,0.0045,73.8199
0.0215,0.0045,73.7913
0.0225,0.0045,73.7543
0.0235,0.0045,73.7087
0.0245,0.0045,73.6545
0.0255,0.0045,73.592
0.0265,0.0045,73.5213
0.0275,0.0045,73.4421
0.0285,0.0045,73.3537
0.0295,0.0045,73.2555
0.0305,0.0045,73.1468
0.0315,0.0045,73.0271
0.0325,0.0045,72.8964
0.0335,0.0045,72.7552
0.0345,0.0045,72.6042
0.0355,0.0045,72.4444
0.0365,0.0045,72.2766
0.0375,0.0045,72.1015
0.0385,0.0045,71.9196
0.0395,0.0045,71.7311
0.0405,0.0045,71.5362
0.0415,0.0045,71.3351
0.0425,0.0045,71.1284
0.0435,0.0045,70.9166
0.0445,0.0045,70.7007
0.0455,0.0045,70.4815
0.0465,0.0045,70.26
0.0475,0.0045,70.0368
0.0485,0.0045,69.8126
0.0495,0.0045,69.5879
0.0505,0.0045,69.363
0.0515,0.0045,69.1385
0.0525,0.0045,68.9146
0.0535,0.0045,68.6918
0.0545,0.0045,68.4704
0.0555,0.0045,68.251
0.0565,0.0045,68.0338
0.0575,0.0045,67.8194
0.0585,0.0045,67.6081
0.0595,0.0045,67.4003
0.0605,0.0045,67.1963
0.0615,0.0045,66.9963
0.0625,0.0045,66.8007
0.0635,0.0045,66.6095
0.0645,0.0045,66.4231
0.0655,0.0045,66.2414
0.0665,0.0045,66.0647
0.0675,0.0045,65.8929
0.0685,0.0045,65.7262
0.0695,0.0045,65.5646
0.0705,0.0045,65.4082
0.0715,0.0045,65.2568
0.0725,0.0045,65.1105
0.0735,0.0045,64.9694
0.0745,0.0045,64.8334
0.0755,0.0045,64.7024
0.0765,0.0045,64.5765
0.0775,0.0045,64.4556
0.0785,0.0045,64.3396
0.0795,0.0045,64.2286
0.0805,0.0045,64.1226
0.0815,0.0045,64.0213
0.0825,0.0045,63.9249
0.0835,0.0045,63.8333
0.0845,0.0045,63.7464
0.0855,0.0045,63.6642
0.0865,0.0045,63.5866
0.0875,0.0045,63.5136
0.0885,0.0045,63.4452
0.0895,0.0045,63.3812
0.0905,0.0045,63.3217
0.0915,0.0045,63.2665
0.0925,0.0045,63.2156
0.0935,0.0045,63.169
0.0945,0.0045,63.1265
0.0955,0.0045,63.0882
0.0965,0.0045,63.054
0.0975,0.0045,63.0237
0.0985,0.0045,62.9973
0.0995,0.0045,62.9748
0.0005,0.0055,73.8661
0.0015,0.0055,73.8561
0.0025,0.0055,73.8487
0.0035,0.0055,73.8439
0.0045,0.0055,73.8416
0.0055,0.0055,73.8418
0.0065,0.0055,73.8443
0.0075,0.0055,73.8489
0.0085,0.0055,73.8554
0.0095,0.0055,73.8635
0.0105,0.0055,73.8727
0.0115,0.0055,73.8827
0.0125,0.0055,73.8927
0.0135,0.0055,73.9021
0.0145,0.0055,73.9102
0.0155,0.0055,73.9161
0.0165,0.0055,73.919
0.0175,0.0055,73.9182
0.0185,0.0055,73.9127
0.0195,0.0055,73.9016
0.0205,0.0055,73.8838
0.0215,0.0055,73.8585
0.0225,0.0055,73.8249
0.0235,0.0055,73.7829
0.0245,0.0055,73.7325
0.0255,0.0055,73.6738
0.0265,0.0055,73.6067
0.0275,0.0055,73.5308
0.0285,0.0055,73.4452
0.0295,0.0055,73.3489
0.0305,0.0055,73.2412
0.0315,0.0055,73.1216
0.0325,0.0055,72.9901
0.0335,0.0055,72.8473
0.0345,0.0055,72.6941
0.0355,0.0055,72.5316
0.0365,0.0055,72.3607
0.0375,0.0055,72.1823
0.0385,0.0055,71.9969
0.0395,0.0055,71.8046
0.0405,0.0055,71.6058
0.0415,0.0055,71.4007
0.0425,0.0055,71.1899
0.0435,0.0055,70.9742
0.0445,0.0055,70.7545
0.0455,0.0055,70.5318
0.0465,0.0055,70.3068
0.0475,0.0055,70.0804
0.0485,0.0055,69.8531
0.0495,0.0055,69.6254
0.0505,0.0055,69.3976
0.0515,0.0055,69.1701
0.0525,0.0055,68.9433
0.0535,0.0055,68.7176
0.0545,0.0055,68.4934
0.0555,0.0055,68.2711
0.0565,0.0055,68.0513
0.0575,0.0055,67.8343
0.0585,0.0055,67.6205
0.0595,0.0055,67.4103
0.0605,0.0055,67.204
0.0615,0.0055,67.002
0.0625,0.0055,66.8043
0.0635,0.0055,66.6113
0.0645,0.0055,66.4231
0.0655,0.0055,66.2398
0.0665,0.0055,66.0615
0.0675,0.0055,65.8883
0.0685,0.0055,65.7202
0.0695,0.0055,65.5573
0.0705,0.0055,65.3995
0.0715,0.0055,65.247
0.0725,0.0055,65.0996
0.0735,0.0055,64.9574
0.0745,0.0055,64.8203
0.0755,0.0055,64.6883
0.0765,0.0055,64.5614
0.0775,0.0055,64.4395
0.0785,0.0055,64.3226
0.0795,0.0055,64.2107
0.0805,0.0055,64.1038
0.0815,0.0055,64.0017
0.0825,0.0055,63.9045
0.0835,0.0055,63.8121
0.0845,0.0055,63.7244
0.0855,0.0055,63.6415
0.0865,0.0055,63.5632
0.0875,0.0055,63.4896
0.0885,0.0055,63.4205
0.0895,0.0055,63.356
0.0905,0.0055,63.2959
0.0915,0.0055,63.2402
0.0925,0.0055,63.1889
0.0935,0.0055,63.1419
0.0945,0.0055,63.099
0.0955,0.0055,63.0604
0.0965,0.0055,63.0258
0.0975,0.0055,62.9953
0.0985,0.0055,62.9687
0.0995,0.0055,62.946
0.0005,0.0065,73.8745
0.0015,0.0065,73.8666
0.0025,0.0065,73.8616
0.0035,0.0065,73.8595
0.0045,0.0065,73.8602
0.0055,0.0065,73.8635
0.0065,0.0065,73.8693
0.0075,0.0065,73.8774
0.0085,0.0065,73.8876
0.0095,0.0065,73.8995
0.0105,0.0065,73.9126
0.0115,0.0065,73.9264
0.0125,0.0065,73.9403
0.0135,0.0065,73.9536
0.0145,0.0065,73.9654
0.0155,0.0065,73.9751
0.0165,0.0065,73.9818
0.0175,0.0065,73.9846
0.0185,0.0065,73.9829
0.0195,0.0065,73.9757
0.0205,0.0065,73.9619
0.0215,0.0065,73.9406
0.0225,0.0065,73.9111
0.0235,0.0065,73.8733
0.0245,0.0065,73.8271
0.0255,0.0065,73.7725
0.0265,0.0065,73.7094
0.0275,0.0065,73.637
0.0285,0.0065,73.5543
0.0295,0.0065,73.46
0.0305,0.0065,73.3533
0.0315,0.0065,73.2336
0.0325,0.0065,73.1011
0.0335,0.0065,72.9564
0.0345,0.0065,72.8006
0.0355,0.0065,72.635
0.0365,0.0065,72.4607
0.0375,0.0065,72.2784
0.0385,0.0065,72.0888
0.0395,0.0065,71.8922
0.0405,0.0065,71.6887
0.0415,0.0065,71.4789
0.0425,0.0065,71.2633
0.0435,0.0065,71.0429
0.0445,0.0065,70.8187
0.0455,0.0065,70.5917
0.0465,0.0065,70.3627
0.0475,0.0065,70.1325
0.0485,0.0065,69.9015
0.0495,0.0065,69.6701
0.0505,0.0065,69.4387
0.0515,0.0065,69.2077
0.0525,0.0065,68.9774
0.0535,0.0065,68.7482
0.0545,0.0065,68.5207
0.0555,0.0065,68.2952
0.0565,0.0065,68.0722
0.0575,0.0065,67.8523
0.0585,0.0065,67.6357
0.0595,0.0065,67.4228
0.0605,0.0065,67.2141
0.0615,0.0065,67.0097
0.0625,0.0065,66.8099
0.0635,0.0065,66.6149
0.0645,0.0065,66.4248
0.0655,0.0065,66.2398
0.0665,0.0065,66.0599
0.0675,0.0065,65.8852
0.0685,0.0065,65.7157
0.0695,0.0065,65.5514
0.0705,0.0065,65.3924
0.0715,0.0065,65.2386
0.0725,0.0065,65.0901
0.0735,0.0065,64.9467
0.0745,0.0065,64.8085
0.0755,0.0065,64.6755
0.0765,0.0065,64.5475
0.0775,0.0065,64.4246
0.0785,0.0065,64.3068
0.0795,0.0065,64.194
0.0805,0.0065,64.0861
0.0815,0.0065,63.9832
0.0825,0.0065,63.8851
0.0835,0.0065,63.7919
0.0845,0.0065,63.7035
0.0855,0.0065,63.6198
0.0865,0.0065,63.5409
0.0875,0.0065,63.4666
0.0885,0.0065,63.3969
0.0895,0.0065,63.3318
0.0905,0.0065,63.2712
0.0915,0.0065,63.2151
0.0925,0.0065,63.1633
0.0935,0.0065,63.1159
0.0945,0.0065,63.0727
0.0955,0.0065,63.0337
0.0965,0.0065,62.9989
0.0975,0.0065,62.9681
0.0985,0.0065,62.9413
0.0995,0.0065,62.9185
0.0005,0.0075,73.8882
0.0015,0.0075,73.8823
0.0025,0.0075,73.8796
0.0035,0.0075,73.8801
0.0045,0.0075,73.8837
0.0055,0.0075,73.8902
0.0065,0.0075,73.8996
0.0075,0.0075,73.9114
0.0085,0.0075,73.9255
0.0095,0.0075,73.9415
0.0105,0.0075,73.9589
0.0115,0.0075,73.9771
0.0125,0.0075,73.9954
0.0135,0.0075,74.0132
0.0145,0.0075,74.0295
0.0155,0.0075,74.0437
0.0165,0.0075,74.0549
0.0175,0.0075,74.0624
0.0185,0.0075,74.0655
0.0195,0.0075,74.063
0.0205,0.0075,74.0541
0.0215,0.0075,74.0376
0.0225,0.0075,74.013
0.0235,0.0075,73.98
0.0245,0.0075,73.9385
0.0255,0.0075,73.8885
0.0265,0.0075,73.8296
0.0275,0.0075,73.7609
0.0285,0.0075,73.6811
0.0295,0.0075,73.5888
0.0305,0.0075,73.483
0.0315,0.0075,73.3631
0.0325,0.0075,73.2293
0.0335,0.0075,73.0825
0.0345,0.0075,72.9238
0.0355,0.0075,72.7547
0.0365,0.0075,72.5764
0.0375,0.0075,72.3898
0.0385,0.0075,72.1954
0.0395,0.0075,71.9936
0.0405,0.0075,71.7847
0.0415,0.0075,71.5693
0.0425,0.0075,71.3481
0.0435,0.0075,71.1223
0.0445,0.0075,70.8928
0.0455,0.0075,70.6609
0.0465,0.0075,70.4272
0.0475,0.0075,70.1924
0.0485,0.0075,69.957
0.0495,0.0075,69.7213
0.0505,0.0075,69.4857
0.0515,0.0075,69.2505
0.0525,0.0075,69.0161
0.0535,0.0075,68.783
0.0545,0.0075,68.5516
0.0555,0.0075,68.3224
0.0565,0.0075,68.096
0.0575,0.0075,67.8728
0.0585,0.0075,67.6531
0.0595,0.0075,67.4375
0.0605,0.0075,67.2261
0.0615,0.0075,67.0193
0.0625,0.0075,66.8173
0.0635,0.0075,66.6202
0.0645,0.0075,66.4282
0.0655,0.0075,66.2415
0.0665,0.0075,66.0599
0.0675,0.0075,65.8837
0.0685,0.0075,65.7127
0.0695,0.0075,65.5471
0.0705,0.0075,65.3867
0.0715,0.0075,65.2317
0.0725,0.0075,65.0819
0.0735,0.0075,64.9374
0.0745,0.0075,64.798
0.0755,0.0075,64.6639
0.0765,0.0075,64.5349
0.0775,0.0075,64.411
0.0785,0.0075,64.2921
0.0795,0.0075,64.1784
0.0805,0.0075,64.0696
0.0815,0.0075,63.9658
0.0825,0.0075,63.8669
0.0835,0.0075,63.7728
0.0845,0.0075,63.6837
0.0855,0.0075,63.5993
0.0865,0.0075,63.5197
0.0875,0.0075,63.4447
0.0885,0.0075,63.3745
0.0895,0.0075,63.3088
0.0905,0.0075,63.2477
0.0915,0.0075,63.1911
0.0925,0.0075,63.1389
0.0935,0.0075,63.0911
0.0945,0.0075,63.0475
0.0955,0.0075,63.0083
0.0965,0.0075,62.9732
0.0975,0.0075,62.9422
0.0985,0.0075,62.9152
0.0995,0.0075,62.8922
0.0005,0.0085,73.9068
0.0015,0.0085,73.9028
0.0025,0.0085,73.9023
0.0035,0.0085,73.9054
0.0045,0.0085,73.9119
0.0055,0.0085,73.9218
0.0065,0.0085,73.9347
0.0075,0.0085,73.9504
0.0085,0.0085,73.9687
0.0095,0.0085,73.9891
0.0105,0.0085,74.0111
0.0115,0.0085,74.0341
0.0125,0.0085,74.0575
0.0135,0.0085,74.0804
0.0145,0.0085,74.102
0.0155,0.0085,74.1215
0.0165,0.0085,74.1382
0.0175,0.0085,74.1513
0.0185,0.0085,74.16
0.0195,0.0085,74.1634
0.0205,0.0085,74.1604
0.0215,0.0085,74.1497
0.0225,0.0085,74.1307
0.0235,0.0085,74.1031
0.0245,0.0085,74.0668
0.0255,0.0085,74.0217
0.0265,0.0085,73.9673
0.0275,0.0085,73.9024
0.0285,0.0085,73.8255
0.0295,0.0085,73.7352
0.0305,0.0085,73.6302
0.0315,0.0085,73.5099
0.0325,0.0085,73.3747
0.0335,0.0085,73.2255
0.0345,0.0085,73.0636
0.0355,0.0085,72.8907
0.0365,0.0085,72.7079
0.0375,0.0085,72.5163
0.0385,0.0085,72.3165
0.0395,0.0085,72.1087
0.0405,0.0085,71.8935
0.0415,0.0085,71.6717
0.0425,0.0085,71.444
0.0435,0.0085,71.2119
0.0445,0.0085,70.9765
0.0455,0.0085,70.7387
0.0465,0.0085,70.4995
0.0475,0.0085,70.2595
0.0485,0.0085,70.0189
0.0495,0.0085,69.7782
0.0505,0.0085,69.5377
0.0515,0.0085,69.2977
0.0525,0.0085,69.0586
0.0535,0.0085,68.821
0.0545,0.0085,68.5854
0.0555,0.0085,68.3522
0.0565,0.0085,68.1221
0.0575,0.0085,67.8953
0.0585,0.0085,67.6724
0.0595,0.0085,67.4538
0.0605,0.0085,67.2397
0.0615,0.0085,67.0305
0.0625,0.0085,66.8262
0.0635,0.0085,66.627
0.0645,0.0085,66.4332
0.0655,0.0085,66.2446
0.0665,0.0085,66.0614
0.0675,0.0085,65.8835
0.0685,0.0085,65.7111
0.0695,0.0085,65.544
0.0705,0.0085,65.3823
0.0715,0.0085,65.226
0.0725,0.0085,65.075
0.0735,0.0085,64.9292
0.0745,0.0085,64.7887
0.0755,0.0085,64.6534
0.0765,0.0085,64.5233
0.0775,0.0085,64.3984
0.0785,0.0085,64.2785
0.0795,0.0085,64.1638
0.0805,0.0085,64.0541
0.0815,0.0085,63.9494
0.0825,0.0085,63.8496
0.0835,0.0085,63.7548
0.0845,0.0085,63.6649
0.0855,0.0085,63.5798
0.0865,0.0085,63.4995
0.0875,0.0085,63.424
0.0885,0.0085,63.3532
0.0895,0.0085,63.287
0.0905,0.0085,63.2254
0.0915,0.0085,63.1683
0.0925,0.0085,63.1157
0.0935,0.0085,63.0675
0.0945,0.0085,63.0237
0.0955,0.0085,62.9841
0.0965,0.0085,62.9488
0.0975,0.0085,62.9176
0.0985,0.0085,62.8904
0.0995,0.0085,62.8673
0.0005,0.0095,73.9301
0.0015,0.0095,73.9278
0.0025,0.0095,73.9295
0.0035,0.0095,73.9351
0.0045,0.0095,73.9445
0.0055,0.0095,73.9577
0.0065,0.0095,73.9743
0.0075,0.0095,73.9941
0.0085,0.0095,74.0167
0.0095,0.0095,74.0418
0.0105,0.0095,74.0689
0.0115,0.0095,74.0972
0.0125,0.0095,74.1261
0.0135,0.0095,74.1547
0.0145,0.0095,74.1823
0.0155,0.0095,74.2081
0.0165,0.0095,74.2312
0.0175,0.0095,74.251
0.0185,0.0095,74.2666
0.0195,0.0095,74.2769
0.0205,0.0095,74.2808
0.0215,0.0095,74.277
0.0225,0.0095,74.2645
0.0235,0.0095,74.2431
0.0245,0.0095,74.2125
0.0255,0.0095,74.1726
0.0265,0.0095,74.1228
0.0275,0.0095,74.0618
0.0285,0.0095,73.9879
0.0295,0.0095,73.8994
0.0305,0.0095,73.7951
0.0315,0.0095,73.6743
0.0325,0.0095,73.5374
0.0335,0.0095,73.3856
0.0345,0.0095,73.2202
0.0355,0.0095,73.043
0.0365,0.0095,72.8553
0.0375,0.0095,72.6582
0.0385,0.0095,72.4521
0.0395,0.0095,72.2375
0.0405,0.0095,72.0152
0.0415,0.0095,71.7858
0.0425,0.0095,71.5508
0.0435,0.0095,71.3114
0.0445,0.0095,71.0691
0.0455,0.0095,70.8247
0.0465,0.0095,70.5792
0.0475,0.0095,70.333
0.0485,0.0095,70.0866
0.0495,0.0095,69.8401
0.0505,0.0095,69.594
0.0515,0.0095,69.3486
0.0525,0.0095,69.1044
0.0535,0.0095,68.8618
0.0545,0.0095,68.6216
0.0555,0.0095,68.3841
0.0565,0.0095,68.15
0.0575,0.0095,67.9196
0.0585,0.0095,67.6934
0.0595,0.0095,67.4717
0.0605,0.0095,67.2549
0.0615,0.0095,67.0431
0.0625,0.0095,66.8365
0.0635,0.0095,66.6353
0.0645,0.0095,66.4394
0.0655,0.0095,66.249
0.0665,0.0095,66.0641
0.0675,0.0095,65.8846
0.0685,0.0095,65.7106
0.0695,0.0095,65.5421
0.0705,0.0095,65.379
0.0715,0.0095,65.2213
0.0725,0.0095,65.069
0.0735,0.0095,64.922
0.0745,0.0095,64.7803
0.0755,0.0095,64.6439
0.0765,0.0095,64.5127
0.0775,0.0095,64.3867
0.0785,0.0095,64.2658
0.0795,0.0095,64.1501
0.0805,0.0095,64.0395
0.0815,0.0095,63.9339
0.0825,0.0095,63.8334
0.0835,0.0095,63.7378
0.0845,0.0095,63.6472
0.0855,0.0095,63.5614
0.0865,0.0095,63.4805
0.0875,0.0095,63.4044
0.0885,0.0095,63.333
0.0895,0.0095,63.2663
0.0905,0.0095,63.2043
0.0915,0.0095,63.1468
0.0925,0.0095,63.0938
0.0935,0.0095,63.0453
0.0945,0.0095,63.0012
0.0955,0.0095,62.9613
0.0965,0.0095,62.9258
0.0975,0.0095,62.8944
0.0985,0.0095,62.867
0.0995,0.0095,62.8437
0.0005,0.0105,73.9575
0.0015,0.0105,73.9569
0.0025,0.0105,73.9606
0.0035,0.0105,73.9687
0.0045,0.0105,73.981
0.0055,0.0105,73.9975
0.0065,0.0105,74.0179
0.0075,0.0105,74.0419
0.0085,0.0105,74.0691
0.0095,0.0105,74.0992
0.0105,0.0105,74.1317
0.0115,0.0105,74.1657
0.0125,0.0105,74.2007
0.0135,0.0105,74.2358
0.0145,0.0105,74.2702
0.0155,0.0105,74.3031
0.0165,0.0105,74.3336
0.0175,0.0105,74.3612
0.0185,0.0105,74.3849
0.0195,0.0105,74.4035
0.0205,0.0105,74.4156
0.0215,0.0105,74.4197
0.0225,0.0105,74.4148
0.0235,0.0105,74.4003
0.0245,0.0105,74.376
0.0255,0.0105,74.3417
0.0265,0.0105,74.2967
0.0275,0.0105,74.2396
0.0285,0.0105,74.1686
0.0295,0.0105,74.0819
0.0305,0.0105,73.9781
0.0315,0.0105,73.8566
0.0325,0.0105,73.7179
0.0335,0.0105,73.5631
0.0345,0.0105,73.394
0.0355,0.0105,73.2122
0.0365,0.0105,73.019
0.0375,0.0105,72.8156
0.0385,0.0105,72.6024
0.0395,0.0105,72.3802
0.0405,0.0105,72.1495
0.0415,0.0105,71.9117
0.0425,0.0105,71.6682
0.0435,0.0105,71.4205
0.0445,0.0105,71.1702
0.0455,0.0105,70.9183
0.0465,0.0105,70.6655
0.0475,0.0105,70.4123
0.0485,0.0105,70.1591
0.0495,0.0105,69.9062
0.0505,0.0105,69.6538
0.0515,0.0105,69.4024
0.0525,0.0105,69.1526
0.0535,0.0105,68.9048
0.0545,0.0105,68.6597
0.0555,0.0105,68.4177
0.0565,0.0105,68.1794
0.0575,0.0105,67.9453
0.0585,0.0105,67.7157
0.0595,0.0105,67.491
0.0605,0.0105,67.2714
0.0615,0.0105,67.057
0.0625,0.0105,66.8481
0.0635,0.0105,66.6447
0.0645,0.0105,66.4468
0.0655,0.0105,66.2545
0.0665,0.0105,66.0678
0.0675,0.0105,65.8867
0.0685,0.0105,65.7112
0.0695,0.0105,65.5411
0.0705,0.0105,65.3766
0.0715,0.0105,65.2175
0.0725,0.0105,65.0639
0.0735,0.0105,64.9156
0.0745,0.0105,64.7727
0.0755,0.0105,64.6351
0.0765,0.0105,64.5028
0.0775,0.0105,64.3758
0.0785,0.0105,64.254
0.0795,0.0105,64.1373
0.0805,0.0105,64.0258
0.0815,0.0105,63.9194
0.0825,0.0105,63.8181
0.0835,0.0105,63.7218
0.0845,0.0105,63.6304
0.0855,0.0105,63.5441
0.0865,0.0105,63.4625
0.0875,0.0105,63.3859
0.0885,0.0105,63.314
0.0895,0.0105,63.2468
0.0905,0.0105,63.1844
0.0915,0.0105,63.1265
0.0925,0.0105,63.0732
0.0935,0.0105,63.0243
0.0945,0.0105,62.9799
0.0955,0.0105,62.9399
0.0965,0.0105,62.9041
0.0975,0.0105,62.8725
0.0985,0.0105,62.845
0.0995,0.0105,62.8216
0.0005,0.0115,73.9887
0.0015,0.0115,73.9895
0.0025,0.0115,73.9952
0.0035,0.0115,74.0057
0.0045,0.0115,74.0209
0.0055,0.0115,74.0407
0.0065,0.0115,74.0649
0.0075,0.0115,74.0933
0.0085,0.0115,74.1254
0.0095,0.0115,74.1608
0.0105,0.0115,74.199
0.0115,0.0115,74.2393
0.0125,0.0115,74.281
0.0135,0.0115,74.3232
0.0145,0.0115,74.3652
0.0155,0.0115,74.4061
0.0165,0.0115,74.4453
0.0175,0.0115,74.4819
0.0185,0.0115,74.515
0.0195,0.0115,74.5433
0.0205,0.0115,74.5651
0.0215,0.0115,74.5785
0.0225,0.0115,74.5823
0.0235,0.0115,74.5756
0.0245,0.0115,74.5583
0.0255,0.0115,74.53
0.0265,0.0115,74.49
0.0275,0.0115,74.4369
0.0285,0.0115,74.3687
0.0295,0.0115,74.2836
0.0305,0.0115,74.1801
0.0315,0.0115,74.0578
0.0325,0.0115,73.917
0.0335,0.0115,73.7591
0.0345,0.0115,73.5859
0.0355,0.0115,73.399
0.0365,0.0115,73.1999
0.0375,0.0115,72.9894
0.0385,0.0115,72.7682
0.0395,0.0115,72.537
0.0405,0.0115,72.2969
0.0415,0.0115,72.0493
0.0425,0.0115,71.796
0.0435,0.0115,71.5389
0.0445,0.0115,71.2794
0.0455,0.0115,71.0188
0.0465,0.0115,70.7578
0.0475,0.0115,70.4967
0.0485,0.0115,70.2359
0.0495,0.0115,69.9758
0.0505,0.0115,69.7165
0.0515,0.0115,69.4587
0.0525,0.0115,69.2029
0.0535,0.0115,68.9496
0.0545,0.0115,68.6993
0.0555,0.0115,68.4527
0.0565,0.0115,68.2102
0.0575,0.0115,67.9723
0.0585,0.0115,67.7393
0.0595,0.0115,67.5115
0.0605,0.0115,67.289
0.0615,0.0115,67.0721
0.0625,0.0115,66.8607
0.0635,0.0115,66.6551
0.0645,0.0115,66.4552
0.0655,0.0115,66.2609
0.0665,0.0115,66.0724
0.0675,0.0115,65.8896
0.0685,0.0115,65.7123
0.0695,0.0115,65.5408
0.0705,0.0115,65.3747
0.0715,0.0115,65.2143
0.0725,0.0115,65.0593
0.0735,0.0115,64.9098
0.0745,0.0115,64.7657
0.0755,0.0115,64.627
0.0765,0.0115,64.4936
0.0775,0.0115,64.3656
0.0785,0.0115,64.2428
0.0795,0.0115,64.1252
0.0805,0.0115,64.0129
0.0815,0.0115,63.9057
0.0825,0.0115,63.8036
0.0835,0.0115,63.7066
0.0845,0.0115,63.6147
0.0855,0.0115,63.5277
0.0865,0.0115,63.4456
0.0875,0.0115,63.3685
0.0885,0.0115,63.2961
0.0895,0.0115,63.2285
0.0905,0.0115,63.1656
0.0915,0.0115,63.1074
0.0925,0.0115,63.0538
0.0935,0.0115,63.0047
0.0945,0.0115,62.96
0.0955,0.0115,62.9197
0.0965,0.0115,62.8837
0.0975,0.0115,62.852
0.0985,0.0115,62.8244
0.0995,0.0115,62.8008
0.0005,0.0125,74.0229
0.0015,0.0125,74.0251
0.0025,0.0125,74.0327
0.0035,0.0125,74.0455
0.0045,0.0125,74.0635
0.0055,0.0125,74.0868
0.0065,0.0125,74.1149
0.0075,0.0125,74.1478
0.0085,0.0125,74.1849
0.0095,0.0125,74.226
0.0105,0.0125,74.2703
0.0115,0.0125,74.3174
0.0125,0.0125,74.3664
0.0135,0.0125,74.4165
0.0145,0.0125,74.467
0.0155,0.0125,74.5171
0.0165,0.0125,74.566
0.0175,0.0125,74.613
0.0185,0.0125,74.6571
0.0195,0.0125,74.6967
0.0205,0.0125,74.7298
0.0215,0.0125,74.7542
0.0225,0.0125,74.768
0.0235,0.0125,74.7702
0.0245,0.0125,74.7606
0.0255,0.0125,74.7388
0.0265,0.0125,74.7042
0.0275,0.0125,74.6551
0.0285,0.0125,74.5897
0.0295,0.0125,74.506
0.0305,0.0125,74.4027
0.0315,0.0125,74.2793
0.0325,0.0125,74.1363
0.0335,0.0125,73.9751
0.0345,0.0125,73.7974
0.0355,0.0125,73.6049
0.0365,0.0125,73.3991
0.0375,0.0125,73.1807
0.0385,0.0125,72.9503
0.0395,0.0125,72.7089
0.0405,0.0125,72.4578
0.0415,0.0125,72.1989
0.0425,0.0125,71.9344
0.0435,0.0125,71.6663
0.0445,0.0125,71.3965
0.0455,0.0125,71.126
0.0465,0.0125,70.8556
0.0475,0.0125,70.5856
0.0485,0.0125,70.3165
0.0495,0.0125,70.0484
0.0505,0.0125,69.7818
0.0515,0.0125,69.5172
0.0525,0.0125,69.255
0.0535,0.0125,68.9959
0.0545,0.0125,68.7404
0.0555,0.0125,68.4891
0.0565,0.0125,68.2424
0.0575,0.0125,68.0006
0.0585,0.0125,67.764
0.0595,0.0125,67.533
0.0605,0.0125,67.3076
0.0615,0.0125,67.088
0.0625,0.0125,66.8742
0.0635,0.0125,66.6662
0.0645,0.0125,66.4641
0.0655,0.0125,66.2679
0.0665,0.0125,66.0775
0.0675,0.0125,65.8929
0.0685,0.0125,65.714
0.0695,0.0125,65.5408
0.0705,0.0125,65.3733
0.0715,0.0125,65.2114
0.0725,0.0125,65.0551
0.0735,0.0125,64.9044
0.0745,0.0125,64.7591
0.0755,0.0125,64.6193
0.0765,0.0125,64.4849
0.0775,0.0125,64.3559
0.0785,0.0125,64.2322
0.0795,0.0125,64.1138
0.0805,0.0125,64.0007
0.0815,0.0125,63.8928
0.0825,0.0125,63.79
0.0835,0.0125,63.6924
0.0845,0.0125,63.5998
0.0855,0.0125,63.5123
0.0865,0.0125,63.4297
0.0875,0.0125,63.3521
0.0885,0.0125,63.2793
0.0895,0.0125,63.2113
0.0905,0.0125,63.1481
0.0915,0.0125,63.0896
0.0925,0.0125,63.0356
0.0935,0.0125,62.9862
0.0945,0.0125,62.9413
0.0955,0.0125,62.9008
0.0965,0.0125,62.8647
0.0975,0.0125,62.8327
0.0985,0.0125,62.805
0.0995,0.0125,62.7813
0.0005,0.0135,74.0596
0.0015,0.0135,74.0631
0.0025,0.0135,74.0723
0.0035,0.0135,74.0874
0.0045,0.0135,74.1083
0.0055,0.0135,74.1349
0.0065,0.0135,74.1671
0.0075,0.0135,74.2046
0.0085,0.0135,74.2471
0.0095,0.0135,74.2941
0.0105,0.0135,74.3451
0.0115,0.0135,74.3995
0.0125,0.0135,74.4565
0.0135,0.0135,74.5153
0.0145,0.0135,74.5753
0.0155,0.0135,74.6356
0.0165,0.0135,74.6956
0.0175,0.0135,74.7546
0.0185,0.0135,74.8114
0.0195,0.0135,74.8642
0.0205,0.0135,74.9105
0.0215,0.0135,74.9476
0.0225,0.0135,74.9731
0.0235,0.0135,74.9856
0.0245,0.0135,74.9847
0.0255,0.0135,74.9701
0.0265,0.0135,74.9411
0.0275,0.0135,74.8963
0.0285,0.0135,74.8336
0.0295,0.0135,74.7514
0.0305,0.0135,74.6481
0.0315,0.0135,74.5234
0.0325,0.0135,74.378
0.0335,0.0135,74.213
0.0345,0.0135,74.0305
0.0355,0.0135,73.8319
0.0365,0.0135,73.6185
0.0375,0.0135,73.391
0.0385,0.0135,73.1501
0.0395,0.0135,72.8968
0.0405,0.0135,72.633
0.0415,0.0135,72.361
0.0425,0.0135,72.0835
0.0435,0.0135,71.8029
0.0445,0.0135,71.5211
0.0455,0.0135,71.2394
0.0465,0.0135,70.9585
0.0475,0.0135,70.6787
0.0485,0.0135,70.4005
0.0495,0.0135,70.1239
0.0505,0.0135,69.8495
0.0515,0.0135,69.5776
0.0525,0.0135,69.3089
0.0535,0.0135,69.0439
0.0545,0.0135,68.783
0.0555,0.0135,68.5268
0.0565,0.0135,68.2757
0.0575,0.0135,68.0299
0.0585,0.0135,67.7897
0.0595,0.0135,67.5554
0.0605,0.0135,67.327
0.0615,0.0135,67.1045
0.0625,0.0135,66.8882
0.0635,0.0135,66.6778
0.0645,0.0135,66.4735
0.0655,0.0135,66.2752
0.0665,0.0135,66.0828
0.0675,0.0135,65.8964
0.0685,0.0135,65.7158
0.0695,0.0135,65.5411
0.0705,0.0135,65.3721
0.0715,0.0135,65.2089
0.0725,0.0135,65.0513
0.0735,0.0135,64.8993
0.0745,0.0135,64.7529
0.0755,0.0135,64.6121
0.0765,0.0135,64.4767
0.0775,0.0135,64.3468
0.0785,0.0135,64.2222
0.0795,0.0135,64.1031
0.0805,0.0135,63.9892
0.0815,0.0135,63.8806
0.0825,0.0135,63.7772
0.0835,0.0135,63.679
0.0845,0.0135,63.5859
0.0855,0.0135,63.4978
0.0865,0.0135,63.4148
0.0875,0.0135,63.3367
0.0885,0.0135,63.2635
0.0895,0.0135,63.1952
0.0905,0.0135,63.1316
0.0915,0.0135,63.0728
0.0925,0.0135,63.0186
0.0935,0.0135,62.9689
0.0945,0.0135,62.9238
0.0955,0.0135,62.8831
0.0965,0.0135,62.8467
0.0975,0.0135,62.8146
0.0985,0.0135,62.7867
0.0995,0.0135,62.7629
0.0005,0.0145,74.098
0.0015,0.0145,74.1026
0.0025,0.0145,74.1135
0.0035,0.0145,74.1308
0.0045,0.0145,74.1544
0.0055,0.0145,74.1845
0.0065,0.0145,74.2208
0.0075,0.0145,74.2631
0.0085,0.0145,74.3112
0.0095,0.0145,74.3645
0.0105,0.0145,74.4226
0.0115,0.0145,74.4849
0.0125,0.0145,74.5506
0.0135,0.0145,74.619
0.0145,0.0145,74.6895
0.0155,0.0145,74.7613
0.0165,0.0145,74.834
0.0175,0.0145,74.9066
0.0185,0.0145,74.978
0.0195,0.0145,75.0461
0.0205,0.0145,75.1079
0.0215,0.0145,75.1598
0.0225,0.0145,75.1989
0.0235,0.0145,75.2234
0.0245,0.0145,75.2325
0.0255,0.0145,75.226
0.0265,0.0145,75.2032
0.0275,0.0145,75.1629
0.0285,0.0145,75.1032
0.0295,0.0145,75.0224
0.0305,0.0145,74.919
0.0315,0.0145,74.7929
0.0325,0.0145,74.6447
0.0335,0.0145,74.4758
0.0345,0.0145,74.2879
0.0355,0.0145,74.0824
0.0365,0.0145,73.8604
0.0375,0.0145,73.6223
0.0385,0.0145,73.3691
0.0395,0.0145,73.1019
0.0405,0.0145,72.8232
0.0415,0.0145,72.536
0.0425,0.0145,72.2435
0.0435,0.0145,71.9485
0.0445,0.0145,71.6533
0.0455,0.0145,71.359
0.0465,0.0145,71.0664
0.0475,0.0145,70.7759
0.0485,0.0145,70.4877
0.0495,0.0145,70.2021
0.0505,0.0145,69.9194
0.0515,0.0145,69.64
0.0525,0.0145,69.3645
0.0535,0.0145,69.0933
0.0545,0.0145,68.8269
0.0555,0.0145,68.5657
0.0565,0.0145,68.31
0.0575,0.0145,68.0601
0.0585,0.0145,67.8162
0.0595,0.0145,67.5784
0.0605,0.0145,67.3468
0.0615,0.0145,67.1214
0.0625,0.0145,66.9024
0.0635,0.0145,66.6895
0.0645,0.0145,66.4829
0.0655,0.0145,66.2825
0.0665,0.0145,66.0882
0.0675,0.0145,65.8999
0.0685,0.0145,65.7177
0.0695,0.0145,65.5414
0.0705,0.0145,65.371
0.0715,0.0145,65.2064
0.0725,0.0145,65.0476
0.0735,0.0145,64.8945
0.0745,0.0145,64.747
0.0755,0.0145,64.6052
0.0765,0.0145,64.4689
0.0775,0.0145,64.3381
0.0785,0.0145,64.2128
0.0795,0.0145,64.0929
0.0805,0.0145,63.9784
0.0815,0.0145,63.8691
0.0825,0.0145,63.7651
0.0835,0.0145,63.6664
0.0845,0.0145,63.5728
0.0855,0.0145,63.4843
0.0865,0.0145,63.4008
0.0875,0.0145,63.3223
0.0885,0.0145,63.2488
0.0895,0.0145,63.1801
0.0905,0.0145,63.1162
0.0915,0.0145,63.057
0.0925,0.0145,63.0026
0.0935,0.0145,62.9527
0.0945,0.0145,62.9073
0.0955,0.0145,62.8664
0.0965,0.0145,62.8299
0.0975,0.0145,62.7976
0.0985,0.0145,62.7695
0.0995,0.0145,62.7456
0.0005,0.0155,74.1376
0.0015,0.0155,74.1432
0.0025,0.0155,74.1556
0.0035,0.0155,74.175
0.0045,0.0155,74.2014
0.0055,0.0155,74.2348
0.0065,0.0155,74.2753
0.0075,0.0155,74.3225
0.0085,0.0155,74.3764
0.0095,0.0155,74.4364
0.0105,0.0155,74.502
0.0115,0.0155,74.5728
0.0125,0.0155,74.648
0.0135,0.0155,74.727
0.0145,0.0155,74.8091
0.0155,0.0155,74.8938
0.0165,0.0155,74.9806
0.0175,0.0155,75.0688
0.0185,0.0155,75.157
0.0195,0.0155,75.2428
0.0205,0.0155,75.3224
0.0215,0.0155,75.3917
0.0225,0.0155,75.4467
0.0235,0.0155,75.4851
0.0245,0.0155,75.5058
0.0255,0.0155,75.5086
0.0265,0.0155,75.4929
0.0275,0.0155,75.4577
0.0285,0.0155,75.4012
0.0295,0.0155,75.3218
0.0305,0.0155,75.2184
0.0315,0.0155,75.0906
0.0325,0.0155,74.9394
0.0335,0.0155,74.7661
0.0345,0.0155,74.5721
0.0355,0.0155,74.3588
0.0365,0.0155,74.1267
0.0375,0.0155,73.8764
0.0385,0.0155,73.6087
0.0395,0.0155,73.3253
0.0405,0.0155,73.0293
0.0415,0.0155,72.7244
0.0425,0.0155,72.4146
0.0435,0.0155,72.1032
0.0445,0.0155,71.7927
0.0455,0.0155,71.4844
0.0465,0.0155,71.179
0.0475,0.0155,70.8769
0.0485,0.0155,70.5781
0.0495,0.0155,70.2829
0.0505,0.0155,69.9916
0.0515,0.0155,69.7044
0.0525,0.0155,69.4218
0.0535,0.0155,69.1442
0.0545,0.0155,68.872
0.0555,0.0155,68.6055
0.0565,0.0155,68.3451
0.0575,0.0155,68.0908
0.0585,0.0155,67.8429
0.0595,0.0155,67.6015
0.0605,0.0155,67.3667
0.0615,0.0155,67.1383
0.0625,0.0155,66.9165
0.0635,0.0155,66.7011
0.0645,0.0155,66.4922
0.0655,0.0155,66.2897
0.0665,0.0155,66.0934
0.0675,0.0155,65.9034
0.0685,0.0155,65.7195
0.0695,0.0155,65.5417
0.0705,0.0155,65.3699
0.0715,0.0155,65.2041
0.0725,0.0155,65.0441
0.0735,0.0155,64.8899
0.0745,0.0155,64.7415
0.0755,0.0155,64.5987
0.0765,0.0155,64.4615
0.0775,0.0155,64.33
0.0785,0.0155,64.2039
0.0795,0.0155,64.0833
0.0805,0.0155,63.9682
0.0815,0.0155,63.8583
0.0825,0.0155,63.7538
0.0835,0.0155,63.6545
0.0845,0.0155,63.5604
0.0855,0.0155,63.4715
0.0865,0.0155,63.3876
0.0875,0.0155,63.3088
0.0885,0.0155,63.2349
0.0895,0.0155,63.1658
0.0905,0.0155,63.1017
0.0915,0.0155,63.0422
0.0925,0.0155,62.9875
0.0935,0.0155,62.9374
0.0945,0.0155,62.8918
0.0955,0.0155,62.8506
0.0965,0.0155,62.8139
0.0975,0.0155,62.7815
0.0985,0.0155,62.7533
0.0995,0.0155,62.7292
0.0005,0.0165,74.1776
0.0015,0.0165,74.1841
0.0025,0.0165,74.198
0.0035,0.0165,74.2193
0.0045,0.0165,74.2483
0.0055,0.0165,74.2852
0.0065,0.0165,74.3298
0.0075,0.0165,74.3821
0.0085,0.0165,74.4419
0.0095,0.0165,74.5089
0.0105,0.0165,74.5826
0.0115,0.0165,74.6624
0.0125,0.0165,74.7479
0.0135,0.0165,74.8383
0.0145,0.0165,74.9333
0.0155,0.0165,75.0323
0.0165,0.0165,75.1349
0.0175,0.0165,75.2405
0.0185,0.0165,75.3478
0.0195,0.0165,75.4538
0.0205,0.0165,75.5541
0.0215,0.0165,75.6434
0.0225,0.0165,75.7169
0.0235,0.0165,75.7715
0.0245,0.0165,75.8057
0.0255,0.0165,75.8193
0.0265,0.0165,75.8118
0.0275,0.0165,75.7824
0.0285,0.0165,75.7297
0.0295,0.0165,75.652
0.0305,0.0165,75.5486
0.0315,0.0165,75.4191
0.0325,0.0165,75.2646
0.0335,0.0165,75.0862
0.0345,0.0165,74.8854
0.0355,0.0165,74.6629
0.0365,0.0165,74.4192
0.0375,0.0165,74.1545
0.0385,0.0165,73.8698
0.0395,0.0165,73.5674
0.0405,0.0165,73.2512
0.0415,0.0165,72.926
0.0425,0.0165,72.5965
0.0435,0.0165,72.2667
0.0445,0.0165,71.9391
0.0455,0.0165,71.6154
0.0465,0.0165,71.2961
0.0475,0.0165,70.9815
0.0485,0.0165,70.6715
0.0495,0.0165,70.3662
0.0505,0.0165,70.0657
0.0515,0.0165,69.7703
0.0525,0.0165,69.4803
0.0535,0.0165,69.1961
0.0545,0.0165,68.9178
0.0555,0.0165,68.6459
0.0565,0.0165,68.3804
0.0575,0.0165,68.1217
0.0585,0.0165,67.8697
0.0595,0.0165,67.6246
0.0605,0.0165,67.3864
0.0615,0.0165,67.155
0.0625,0.0165,66.9303
0.0635,0.0165,66.7125
0.0645,0.0165,66.5013
0.0655,0.0165,66.2966
0.0665,0.0165,66.0985
0.0675,0.0165,65.9067
0.0685,0.0165,65.7213
0.0695,0.0165,65.542
0.0705,0.0165,65.3689
0.0715,0.0165,65.2018
0.0725,0.0165,65.0407
0.0735,0.0165,64.8855
0.0745,0.0165,64.7361
0.0755,0.0165,64.5925
0.0765,0.0165,64.4546
0.0775,0.0165,64.3223
0.0785,0.0165,64.1955
0.0795,0.0165,64.0743
0.0805,0.0165,63.9585
0.0815,0.0165,63.8482
0.0825,0.0165,63.7431
0.0835,0.0165,63.6434
0.0845,0.0165,63.5488
0.0855,0.0165,63.4595
0.0865,0.0165,63.3752
0.0875,0.0165,63.296
0.0885,0.0165,63.2217
0.0895,0.0165,63.1524
0.0905,0.0165,63.0879
0.0915,0.0165,63.0282
0.0925,0.0165,62.9732
0.0935,0.0165,62.9228
0.0945,0.0165,62.877
0.0955,0.0165,62.8357
0.0965,0.0165,62.7988
0.0975,0.0165,62.7662
0.0985,0.0165,62.7378
0.0995,0.0165,62.7136
0.0005,0.0175,74.2174
0.0015,0.0175,74.2248
0.0025,0.0175,74.2399
0.0035,0.0175,74.2631
0.0045,0.0175,74.2947
0.0055,0.0175,74.3349
0.0065,0.0175,74.3837
0.0075,0.0175,74.4411
0.0085,0.0175,74.507
0.0095,0.0175,74.5812
0.0105,0.0175,74.6632
0.0115,0.0175,74.7527
0.0125,0.0175,74.8491
0.0135,0.0175,74.9519
0.0145,0.0175,75.0607
0.0155,0.0175,75.1752
0.0165,0.0175,75.2954
0.0175,0.0175,75.4205
0.0185,0.0175,75.5491
0.0195,0.0175,75.6779
0.0205,0.0175,75.8016
0.0215,0.0175,75.9138
0.0225,0.0175,76.0086
0.0235,0.0175,76.0818
0.0245,0.0175,76.1316
0.0255,0.0175,76.1577
0.0265,0.0175,76.1599
0.0275,0.0175,76.1373
0.0285,0.0175,76.089
0.0295,0.0175,76.0135
0.0305,0.0175,75.9102
0.0315,0.0175,75.779
0.0325,0.0175,75.6207
0.0335,0.0175,75.4367
0.0345,0.0175,75.2279
0.0355,0.0175,74.9948
0.0365,0.0175,74.7375
0.0375,0.0175,74.4561
0.0385,0.0175,74.1517
0.0395,0.0175,73.8275
0.0405,0.0175,73.4882
0.0415,0.0175,73.1398
0.0425,0.0175,72.7882
0.0435,0.0175,72.4378
0.0445,0.0175,72.0916
0.0455,0.0175,71.7511
0.0465,0.0175,71.4169
0.0475,0.0175,71.089
0.0485,0.0175,70.7671
0.0495,0.0175,70.4512
0.0505,0.0175,70.1412
0.0515,0.0175,69.8373
0.0525,0.0175,69.5396
0.0535,0.0175,69.2484
0.0545,0.0175,68.9638
0.0555,0.0175,68.6862
0.0565,0.0175,68.4156
0.0575,0.0175,68.1523
0.0585,0.0175,67.8961
0.0595,0.0175,67.6472
0.0605,0.0175,67.4056
0.0615,0.0175,67.1711
0.0625,0.0175,66.9437
0.0635,0.0175,66.7234
0.0645,0.0175,66.5099
0.0655,0.0175,66.3033
0.0665,0.0175,66.1033
0.0675,0.0175,65.9099
0.0685,0.0175,65.7229
0.0695,0.0175,65.5423
0.0705,0.0175,65.3679
0.0715,0.0175,65.1997
0.0725,0.0175,65.0376
0.0735,0.0175,64.8814
0.0745,0.0175,64.7311
0.0755,0.0175,64.5867
0.0765,0.0175,64.448
0.0775,0.0175,64.315
0.0785,0.0175,64.1876
0.0795,0.0175,64.0658
0.0805,0.0175,63.9495
0.0815,0.0175,63.8386
0.0825,0.0175,63.733
0.0835,0.0175,63.6328
0.0845,0.0175,63.5378
0.0855,0.0175,63.4481
0.0865,0.0175,63.3634
0.0875,0.0175,63.2838
0.0885,0.0175,63.2092
0.0895,0.0175,63.1396
0.0905,0.0175,63.0748
0.0915,0.0175,63.0148
0.0925,0.0175,62.9596
0.0935,0.0175,62.909
0.0945,0.0175,62.8629
0.0955,0.0175,62.8214
0.0965,0.0175,62.7843
0.0975,0.0175,62.7515
0.0985,0.0175,62.723
0.0995,0.0175,62.6987
0.0005,0.0185,74.2564
0.0015,0.0185,74.2645
0.0025,0.0185,74.2809
0.0035,0.0185,74.3059
0.0045,0.0185,74.3399
0.0055,0.0185,74.3833
0.0065,0.0185,74.4362
0.0075,0.0185,74.4987
0.0085,0.0185,74.5708
0.0095,0.0185,74.6523
0.0105,0.0185,74.743
0.0115,0.0185,74.8424
0.0125,0.0185,74.9502
0.0135,0.0185,75.0661
0.0145,0.0185,75.1897
0.0155,0.0185,75.321
0.0165,0.0185,75.46
0.0175,0.0185,75.6063
0.0185,0.0185,75.7583
0.0195,0.0185,75.9124
0.0205,0.0185,76.0622
0.0215,0.0185,76.2
0.0225,0.0185,76.3186
0.0235,0.0185,76.4127
0.0245,0.0185,76.4802
0.0255,0.0185,76.5206
0.0265,0.0185,76.5337
0.0275,0.0185,76.5192
0.0285,0.0185,76.4761
0.0295,0.0185,76.4033
0.0305,0.0185,76.3004
0.0315,0.0185,76.1673
0.0325,0.0185,76.0049
0.0335,0.0185,75.8144
0.0345,0.0185,75.5965
0.0355,0.0185,75.3514
0.0365,0.0185,75.0786
0.0375,0.0185,74.7782
0.0385,0.0185,74.4515
0.0395,0.0185,74.1025
0.0405,0.0185,73.7373
0.0415,0.0185,73.3633
0.0425,0.0185,72.9873
0.0435,0.0185,72.6146
0.0445,0.0185,72.2483
0.0455,0.0185,71.89
0.0465,0.0185,71.54
0.0475,0.0185,71.1981
0.0485,0.0185,70.8639
0.0495,0.0185,70.5369
0.0505,0.0185,70.2171
0.0515,0.0185,69.9043
0.0525,0.0185,69.5986
0.0535,0.0185,69.3003
0.0545,0.0185,69.0093
0.0555,0.0185,68.7259
0.0565,0.0185,68.4502
0.0575,0.0185,68.1821
0.0585,0.0185,67.9218
0.0595,0.0185,67.6692
0.0605,0.0185,67.4242
0.0615,0.0185,67.1867
0.0625,0.0185,66.9566
0.0635,0.0185,66.7338
0.0645,0.0185,66.5182
0.0655,0.0185,66.3096
0.0665,0.0185,66.1078
0.0675,0.0185,65.9128
0.0685,0.0185,65.7244
0.0695,0.0185,65.5425
0.0705,0.0185,65.367
0.0715,0.0185,65.1977
0.0725,0.0185,65.0345
0.0735,0.0185,64.8775
0.0745,0.0185,64.7264
0.0755,0.0185,64.5812
0.0765,0.0185,64.4417
0.0775,0.0185,64.3081
0.0785,0.0185,64.1801
0.0795,0.0185,64.0577
0.0805,0.0185,63.9408
0.0815,0.0185,63.8294
0.0825,0.0185,63.7234
0.0835,0.0185,63.6227
0.0845,0.0185,63.5273
0.0855,0.0185,63.4372
0.0865,0.0185,63.3521
0.0875,0.0185,63.2722
0.0885,0.0185,63.1973
0.0895,0.0185,63.1274
0.0905,0.0185,63.0623
0.0915,0.0185,63.002
0.0925,0.0185,62.9465
0.0935,0.0185,62.8957
0.0945,0.0185,62.8494
0.0955,0.0185,62.8077
0.0965,0.0185,62.7704
0.0975,0.0185,62.7375
0.0985,0.0185,62.7088
0.0995,0.0185,62.6844
0.0005,0.0195,74.2939
0.0015,0.0195,74.3028
0.0025,0.0195,74.3203
0.0035,0.0195,74.3471
0.0045,0.0195,74.3835
0.0055,0.0195,74.43
0.0065,0.0195,74.4869
0.0075,0.0195,74.5544
0.0085,0.0195,74.6326
0.0095,0.0195,74.7214
0.0105,0.0195,74.8208
0.0115,0.0195,74.9304
0.0125,0.0195,75.0499
0.0135,0.0195,75.1793
0.0145,0.0195,75.3183
0.0155,0.0195,75.4671
0.0165,0.0195,75.626
0.0175,0.0195,75.7948
0.0185,0.0195,75.9718
0.0195,0.0195,76.1529
0.0205,0.0195,76.3309
0.0215,0.0195,76.4964
0.0225,0.0195,76.6407
0.0235,0.0195,76.7576
0.0245,0.0195,76.8443
0.0255,0.0195,76.9002
0.0265,0.0195,76.9254
0.0275,0.0195,76.9199
0.0285,0.0195,76.8828
0.0295,0.0195,76.8132
0.0305,0.0195,76.7108
0.0315,0.0195,76.5758
0.0325,0.0195,76.409
0.0335,0.0195,76.2114
0.0345,0.0195,75.9835
0.0355,0.0195,75.7251
0.0365,0.0195,75.4352
0.0375,0.0195,75.1138
0.0385,0.0195,74.7627
0.0395,0.0195,74.3868
0.0405,0.0195,73.9936
0.0415,0.0195,73.5921
0.0425,0.0195,73.1901
0.0435,0.0195,72.7936
0.0445,0.0195,72.4063
0.0455,0.0195,72.0294
0.0465,0.0195,71.6632
0.0475,0.0195,71.3069
0.0485,0.0195,70.96
0.0495,0.0195,70.6218
0.0505,0.0195,70.2919
0.0515,0.0195,69.9702
0.0525,0.0195,69.6566
0.0535,0.0195,69.351
0.0545,0.0195,69.0537
0.0555,0.0195,68.7645
0.0565,0.0195,68.4836
0.0575,0.0195,68.211
0.0585,0.0195,67.9466
0.0595,0.0195,67.6903
0.0605,0.0195,67.442
0.0615,0.0195,67.2016
0.0625,0.0195,66.9689
0.0635,0.0195,66.7438
0.0645,0.0195,66.5261
0.0655,0.0195,66.3156
0.0665,0.0195,66.1122
0.0675,0.0195,65.9157
0.0685,0.0195,65.7259
0.0695,0.0195,65.5427
0.0705,0.0195,65.3661
0.0715,0.0195,65.1957
0.0725,0.0195,65.0317
0.0735,0.0195,64.8737
0.0745,0.0195,64.7218
0.0755,0.0195,64.5759
0.0765,0.0195,64.4358
0.0775,0.0195,64.3015
0.0785,0.0195,64.1729
0.0795,0.0195,64.0499
0.0805,0.0195,63.9325
0.0815,0.0195,63.8206
0.0825,0.0195,63.7141
0.0835,0.0195,63.613
0.0845,0.0195,63.5172
0.0855,0.0195,63.4267
0.0865,0.0195,63.3413
0.0875,0.0195,63.261
0.0885,0.0195,63.1858
0.0895,0.0195,63.1155
0.0905,0.0195,63.0502
0.0915,0.0195,62.9897
0.0925,0.0195,62.9339
0.0935,0.0195,62.8828
0.0945,0.0195,62.8364
0.0955,0.0195,62.7945
0.0965,0.0195,62.757
0.0975,0.0195,62.7239
0.0985,0.0195,62.6951
0.0995,0.0195,62.6705
0.0005,0.0205,74.3292
0.0015,0.0205,74.339
0.0025,0.0205,74.3577
0.0035,0.0205,74.3862
0.0045,0.0205,74.4249
0.0055,0.0205,74.4744
0.0065,0.0205,74.5352
0.0075,0.0205,74.6076
0.0085,0.0205,74.6917
0.0095,0.0205,74.7878
0.0105,0.0205,74.8957
0.0115,0.0205,75.0154
0.0125,0.0205,75.1467
0.0135,0.0205,75.2895
0.0145,0.0205,75.444
0.0155,0.0205,75.6106
0.0165,0.0205,75.7898
0.0175,0.0205,75.9815
0.0185,0.0205,76.1843
0.0195,0.0205,76.3933
0.0205,0.0205,76.6004
0.0215,0.0205,76.7946
0.0225,0.0205,76.9655
0.0235,0.0205,77.1058
0.0245,0.0205,77.2123
0.0255,0.0205,77.2843
0.0265,0.0205,77.3221
0.0275,0.0205,77.3259
0.0285,0.0205,77.2952
0.0295,0.0205,77.2291
0.0305,0.0205,77.1275
0.0315,0.0205,76.9905
0.0325,0.0205,76.8191
0.0335,0.0205,76.6141
0.0345,0.0205,76.3757
0.0355,0.0205,76.1033
0.0365,0.0205,75.7956
0.0375,0.0205,75.4523
0.0385,0.0205,75.0757
0.0395,0.0205,74.6718
0.0405,0.0205,74.2497
0.0415,0.0205,73.8197
0.0425,0.0205,73.391
0.0435,0.0205,72.9705
0.0445,0.0205,72.5617
0.0455,0.0205,72.1662
0.0465,0.0205,71.7836
0.0475,0.0205,71.413
0.0485,0.0205,71.0535
0.0495,0.0205,70.7042
0.0505,0.0205,70.3644
0.0515,0.0205,70.0339
0.0525,0.0205,69.7124
0.0535,0.0205,69.3998
0.0545,0.0205,69.0962
0.0555,0.0205,68.8015
0.0565,0.0205,68.5156
0.0575,0.0205,68.2386
0.0585,0.0205,67.9702
0.0595,0.0205,67.7104
0.0605,0.0205,67.459
0.0615,0.0205,67.2158
0.0625,0.0205,66.9807
0.0635,0.0205,66.7533
0.0645,0.0205,66.5336
0.0655,0.0205,66.3214
0.0665,0.0205,66.1163
0.0675,0.0205,65.9184
0.0685,0.0205,65.7273
0.0695,0.0205,65.5429
0.0705,0.0205,65.3652
0.0715,0.0205,65.1938
0.0725,0.0205,65.0288
0.0735,0.0205,64.8701
0.0745,0.0205,64.7174
0.0755,0.0205,64.5707
0.0765,0.0205,64.4299
0.0775,0.0205,64.295
0.0785,0.0205,64.1658
0.0795,0.0205,64.0423
0.0805,0.0205,63.9244
0.0815,0.0205,63.812
0.0825,0.0205,63.7051
0.0835,0.0205,63.6035
0.0845,0.0205,63.5074
0.0855,0.0205,63.4164
0.0865,0.0205,63.3307
0.0875,0.0205,63.2501
0.0885,0.0205,63.1746
0.0895,0.0205,63.104
0.0905,0.0205,63.0384
0.0915,0.0205,62.9776
0.0925,0.0205,62.9217
0.0935,0.0205,62.8704
0.0945,0.0205,62.8238
0.0955,0.0205,62.7817
0.0965,0.0205,62.7441
0.0975,0.0205,62.7108
0.0985,0.0205,62.6819
0.0995,0.0205,62.6572
0.0005,0.0215,74.3618
0.0015,0.0215,74.3725
0.0025,0.0215,74.3925
0.0035,0.0215,74.4227
0.0045,0.0215,74.4638
0.0055,0.0215,74.5163
0.0065,0.0215,74.5808
0.0075,0.0215,74.6579
0.0085,0.0215,74.7478
0.0095,0.0215,74.8508
0.0105,0.0215,74.967
0.0115,0.0215,75.0964
0.0125,0.0215,75.239
0.0135,0.0215,75.3949
0.0145,0.0215,75.5644
0.0155,0.0215,75.7483
0.0165,0.0215,75.9472
0.0175,0.0215,76.1614
0.0185,0.0215,76.3895
0.0195,0.0215,76.6261
0.0205,0.0215,76.8618
0.0215,0.0215,77.0842
0.0225,0.0215,77.2811
0.0235,0.0215,77.4441
0.0245,0.0215,77.5696
0.0255,0.0215,77.6569
0.0265,0.0215,77.7069
0.0275,0.0215,77.7198
0.0285,0.0215,77.6953
0.0295,0.0215,77.6328
0.0305,0.0215,77.5319
0.0315,0.0215,77.3931
0.0325,0.0215,77.2172
0.0335,0.0215,77.005
0.0345,0.0215,76.7563
0.0355,0.0215,76.4702
0.0365,0.0215,76.1451
0.0375,0.0215,75.7804
0.0385,0.0215,75.3788
0.0395,0.0215,74.9474
0.0405,0.0215,74.4967
0.0415,0.0215,74.0387
0.0425,0.0215,73.5839
0.0435,0.0215,73.1398
0.0445,0.0215,72.7103
0.0455,0.0215,72.2966
0.0465,0.0215,71.8982
0.0475,0.0215,71.5139
0.0485,0.0215,71.1423
0.0495,0.0215,70.7824
0.0505,0.0215,70.4332
0.0515,0.0215,70.0943
0.0525,0.0215,69.7653
0.0535,0.0215,69.4461
0.0545,0.0215,69.1365
0.0555,0.0215,68.8365
0.0565,0.0215,68.5459
0.0575,0.0215,68.2647
0.0585,0.0215,67.9926
0.0595,0.0215,67.7294
0.0605,0.0215,67.4751
0.0615,0.0215,67.2292
0.0625,0.0215,66.9917
0.0635,0.0215,66.7623
0.0645,0.0215,66.5407
0.0655,0.0215,66.3267
0.0665,0.0215,66.1202
0.0675,0.0215,65.9208
0.0685,0.0215,65.7285
0.0695,0.0215,65.5429
0.0705,0.0215,65.3641
0.0715,0.0215,65.1918
0.0725,0.0215,65.026
0.0735,0.0215,64.8664
0.0745,0.0215,64.7129
0.0755,0.0215,64.5656
0.0765,0.0215,64.4241
0.0775,0.0215,64.2886
0.0785,0.0215,64.1588
0.0795,0.0215,64.0348
0.0805,0.0215,63.9164
0.0815,0.0215,63.8035
0.0825,0.0215,63.6962
0.0835,0.0215,63.5942
0.0845,0.0215,63.4977
0.0855,0.0215,63.4064
0.0865,0.0215,63.3203
0.0875,0.0215,63.2394
0.0885,0.0215,63.1636
0.0895,0.0215,63.0928
0.0905,0.0215,63.0269
0.0915,0.0215,62.9659
0.0925,0.0215,62.9098
0.0935,0.0215,62.8583
0.0945,0.0215,62.8115
0.0955,0.0215,62.7693
0.0965,0.0215,62.7315
0.0975,0.0215,62.6982
0.0985,0.0215,62.6692
0.0995,0.0215,62.6444
0.0005,0.0225,74.3908
0.0015,0.0225,74.4027
0.0025,0.0225,74.4242
0.0035,0.0225,74.4563
0.0045,0.0225,74.4997
0.0055,0.0225,74.5551
0.0065,0.0225,74.6233
0.0075,0.0225,74.7048
0.0085,0.0225,74.8002
0.0095,0.0225,74.9097
0.0105,0.0225,75.0337
0.0115,0.0225,75.1722
0.0125,0.0225,75.3254
0.0135,0.0225,75.4935
0.0145,0.0225,75.677
0.0155,0.0225,75.8769
0.0165,0.0225,76.0941
0.0175,0.0225,76.3294
0.0185,0.0225,76.581
0.0195,0.0225,76.8435
0.0205,0.0225,77.106
0.0215,0.0225,77.3544
0.0225,0.0225,77.5751
0.0235,0.0225,77.7586
0.0245,0.0225,77.901
0.0255,0.0225,78.002
0.0265,0.0225,78.0627
0.0275,0.0225,78.0838
0.0285,0.0225,78.0649
0.0295,0.0225,78.0057
0.0305,0.0225,77.9057
0.0315,0.0225,77.7653
0.0325,0.0225,77.5854
0.0335,0.0225,77.3666
0.0345,0.0225,77.1087
0.0355,0.0225,76.8102
0.0365,0.0225,76.4691
0.0375,0.0225,76.0849
0.0385,0.0225,75.6604
0.0395,0.0225,75.2035
0.0405,0.0225,74.7262
0.0415,0.0225,74.2421
0.0425,0.0225,73.7629
0.0435,0.0225,73.2968
0.0445,0.0225,72.848
0.0455,0.0225,72.4175
0.0465,0.0225,72.0046
0.0475,0.0225,71.6075
0.0485,0.0225,71.2248
0.0495,0.0225,70.855
0.0505,0.0225,70.4971
0.0515,0.0225,70.1505
0.0525,0.0225,69.8146
0.0535,0.0225,69.4892
0.0545,0.0225,69.1741
0.0555,0.0225,68.8692
0.0565,0.0225,68.5743
0.0575,0.0225,68.2891
0.0585,0.0225,68.0135
0.0595,0.0225,67.7473
0.0605,0.0225,67.4901
0.0615,0.0225,67.2418
0.0625,0.0225,67.0021
0.0635,0.0225,66.7706
0.0645,0.0225,66.5472
0.0655,0.0225,66.3316
0.0665,0.0225,66.1236
0.0675,0.0225,65.9229
0.0685,0.0225,65.7293
0.0695,0.0225,65.5427
0.0705,0.0225,65.3629
0.0715,0.0225,65.1897
0.0725,0.0225,65.0229
0.0735,0.0225,64.8625
0.0745,0.0225,64.7084
0.0755,0.0225,64.5603
0.0765,0.0225,64.4183
0.0775,0.0225,64.2821
0.0785,0.0225,64.1518
0.0795,0.0225,64.0273
0.0805,0.0225,63.9084
0.0815,0.0225,63.7951
0.0825,0.0225,63.6873
0.0835,0.0225,63.585
0.0845,0.0225,63.4881
0.0855,0.0225,63.3965
0.0865,0.0225,63.3101
0.0875,0.0225,63.2289
0.0885,0.0225,63.1528
0.0895,0.0225,63.0818
0.0905,0.0225,63.0157
0.0915,0.0225,62.9545
0.0925,0.0225,62.8982
0.0935,0.0225,62.8465
0.0945,0.0225,62.7996
0.0955,0.0225,62.7573
0.0965,0.0225,62.7194
0.0975,0.0225,62.686
0.0985,0.0225,62.6569
0.0995,0.0225,62.6321
0.0005,0.0235,74.4156
0.0015,0.0235,74.429
0.0025,0.0235,74.4522
0.0035,0.0235,74.4863
0.0045,0.0235,74.5322
0.0055,0.0235,74.5905
0.0065,0.0235,74.6623
0.0075,0.0235,74.7482
0.0085,0.0235,74.8487
0.0095,0.0235,74.9643
0.0105,0.0235,75.0953
0.0115,0.0235,75.2421
0.0125,0.0235,75.4048
0.0135,0.0235,75.5838
0.0145,0.0235,75.7797
0.0155,0.0235,75.9936
0.0165,0.0235,76.2271
0.0175,0.0235,76.4809
0.0185,0.0235,76.7535
0.0195,0.0235,77.0389
0.0205,0.0235,77.325
0.0215,0.0235,77.5962
0.0225,0.0235,77.8373
0.0235,0.0235,78.0381
0.0245,0.0235,78.1946
0.0255,0.0235,78.307
0.0265,0.0235,78.3767
0.0275,0.0235,78.4047
0.0285,0.0235,78.3908
0.0295,0.0235,78.3345
0.0305,0.0235,78.2354
0.0315,0.0235,78.0938
0.0325,0.0235,77.9105
0.0335,0.0235,77.6862
0.0345,0.0235,77.4204
0.0355,0.0235,77.1114
0.0365,0.0235,76.7568
0.0375,0.0235,76.3557
0.0385,0.0235,75.9113
0.0395,0.0235,75.4322
0.0405,0.0235,74.9315
0.0415,0.0235,74.4243
0.0425,0.0235,73.9234
0.0435,0.0235,73.4378
0.0445,0.0235,72.9718
0.0455,0.0235,72.5264
0.0465,0.0235,72.1004
0.0475,0.0235,71.6922
0.0485,0.0235,71.2996
0.0495,0.0235,70.921
0.0505,0.0235,70.5554
0.0515,0.0235,70.2018
0.0525,0.0235,69.8597
0.0535,0.0235,69.5288
0.0545,0.0235,69.2088
0.0555,0.0235,68.8994
0.0565,0.0235,68.6004
0.0575,0.0235,68.3117
0.0585,0.0235,68.0329
0.0595,0.0235,67.7637
0.0605,0.0235,67.504
0.0615,0.0235,67.2533
0.0625,0.0235,67.0115
0.0635,0.0235,66.7782
0.0645,0.0235,66.5531
0.0655,0.0235,66.3359
0.0665,0.0235,66.1265
0.0675,0.0235,65.9245
0.0685,0.0235,65.7298
0.0695,0.0235,65.5421
0.0705,0.0235,65.3613
0.0715,0.0235,65.1872
0.0725,0.0235,65.0196
0.0735,0.0235,64.8584
0.0745,0.0235,64.7036
0.0755,0.0235,64.5549
0.0765,0.0235,64.4122
0.0775,0.0235,64.2755
0.0785,0.0235,64.1447
0.0795,0.0235,64.0197
0.0805,0.0235,63.9003
0.0815,0.0235,63.7866
0.0825,0.0235,63.6785
0.0835,0.0235,63.5758
0.0845,0.0235,63.4785
0.0855,0.0235,63.3866
0.0865,0.0235,63.3
0.0875,0.0235,63.2185
0.0885,0.0235,63.1422
0.0895,0.0235,63.071
0.0905,0.0235,63.0047
0.0915,0.0235,62.9434
0.0925,0.0235,62.8869
0.0935,0.0235,62.8352
0.0945,0.0235,62.7881
0.0955,0.0235,62.7457
0.0965,0.0235,62.7078
0.0975,0.0235,62.6743
0.0985,0.0235,62.6452
0.0995,0.0235,62.6204
0.0005,0.0245,74.4357
0.0015,0.0245,74.4507
0.0025,0.0245,74.476
0.0035,0.0245,74.5123
0.0045,0.0245,74.5607
0.0055,0.0245,74.6222
0.0065,0.0245,74.6974
0.0075,0.0245,74.7874
0.0085,0.0245,74.8927
0.0095,0.0245,75.0138
0.0105,0.0245,75.1512
0.0115,0.0245,75.3052
0.0125,0.0245,75.4761
0.0135,0.0245,75.6643
0.0145,0.0245,75.8707
0.0155,0.0245,76.0965
0.0165,0.0245,76.3436
0.0175,0.0245,76.6129
0.0185,0.0245,76.9032
0.0195,0.0245,77.2079
0.0205,0.0245,77.5139
0.0215,0.0245,77.8041
0.0225,0.0245,78.0619
0.0235,0.0245,78.2766
0.0245,0.0245,78.4445
0.0255,0.0245,78.566
0.0265,0.0245,78.643
0.0275,0.0245,78.6767
0.0285,0.0245,78.6671
0.0295,0.0245,78.6134
0.0305,0.0245,78.5152
0.0315,0.0245,78.3728
0.0325,0.0245,78.1867
0.0335,0.0245,77.9578
0.0345,0.0245,77.6855
0.0355,0.0245,77.3678
0.0365,0.0245,77.0022
0.0375,0.0245,76.5874
0.0385,0.0245,76.1267
0.0395,0.0245,75.629
0.0405,0.0245,75.1088
0.0415,0.0245,74.582
0.0425,0.0245,74.0627
0.0435,0.0245,73.5604
0.0445,0.0245,73.0797
0.0455,0.0245,72.6216
0.0465,0.0245,72.1846
0.0475,0.0245,71.7667
0.0485,0.0245,71.3656
0.0495,0.0245,70.9796
0.0505,0.0245,70.6072
0.0515,0.0245,70.2476
0.0525,0.0245,69.9001
0.0535,0.0245,69.5644
0.0545,0.0245,69.2399
0.0555,0.0245,68.9265
0.0565,0.0245,68.624
0.0575,0.0245,68.332
0.0585,0.0245,68.0503
0.0595,0.0245,67.7785
0.0605,0.0245,67.5164
0.0615,0.0245,67.2635
0.0625,0.0245,67.0197
0.0635,0.0245,66.7847
0.0645,0.0245,66.5579
0.0655,0.0245,66.3393
0.0665,0.0245,66.1286
0.0675,0.0245,65.9254
0.0685,0.0245,65.7296
0.0695,0.0245,65.5409
0.0705,0.0245,65.3592
0.0715,0.0245,65.1842
0.0725,0.0245,65.0159
0.0735,0.0245,64.854
0.0745,0.0245,64.6984
0.0755,0.0245,64.5491
0.0765,0.0245,64.4059
0.0775,0.0245,64.2687
0.0785,0.0245,64.1374
0.0795,0.0245,64.0119
0.0805,0.0245,63.8922
0.0815,0.0245,63.7781
0.0825,0.0245,63.6696
0.0835,0.0245,63.5666
0.0845,0.0245,63.4691
0.0855,0.0245,63.3769
0.0865,0.0245,63.29
0.0875,0.0245,63.2084
0.0885,0.0245,63.1319
0.0895,0.0245,63.0605
0.0905,0.0245,62.9941
0.0915,0.0245,62.9326
0.0925,0.0245,62.876
0.0935,0.0245,62.8242
0.0945,0.0245,62.7771
0.0955,0.0245,62.7346
0.0965,0.0245,62.6967
0.0975,0.0245,62.6632
0.0985,0.0245,62.6341
0.0995,0.0245,62.6094
0.0005,0.0255,74.4503
0.0015,0.0255,74.4674
0.0025,0.0255,74.4949
0.0035,0.0255,74.5337
0.0045,0.0255,74.5849
0.0055,0.0255,74.6494
0.0065,0.0255,74.7281
0.0075,0.0255,74.8219
0.0085,0.0255,74.9316
0.0095,0.0255,75.0577
0.0105,0.0255,75.2006
0.0115,0.0255,75.3607
0.0125,0.0255,75.5384
0.0135,0.0255,75.7342
0.0145,0.0255,75.949
0.0155,0.0255,76.1843
0.0165,0.0255,76.4422
0.0175,0.0255,76.724
0.0185,0.0255,77.0286
0.0195,0.0255,77.349
0.0205,0.0255,77.6711
0.0215,0.0255,77.9765
0.0225,0.0255,78.2475
0.0235,0.0255,78.4733
0.0245,0.0255,78.6501
0.0255,0.0255,78.779
0.0265,0.0255,78.8621
0.0275,0.0255,78.9007
0.0285,0.0255,78.8947
0.0295,0.0255,78.8433
0.0305,0.0255,78.7459
0.0315,0.0255,78.6025
0.0325,0.0255,78.4141
0.0335,0.0255,78.1812
0.0345,0.0255,77.9034
0.0355,0.0255,77.5787
0.0365,0.0255,77.2043
0.0375,0.0255,76.7787
0.0385,0.0255,76.305
0.0395,0.0255,75.7927
0.0405,0.0255,75.2567
0.0415,0.0255,74.714
0.0425,0.0255,74.1796
0.0435,0.0255,73.6636
0.0445,0.0255,73.1709
0.0455,0.0255,72.7022
0.0465,0.0255,72.2561
0.0475,0.0255,71.8302
0.0485,0.0255,71.4222
0.0495,0.0255,71.0299
0.0505,0.0255,70.652
0.0515,0.0255,70.2874
0.0525,0.0255,69.9353
0.0535,0.0255,69.5953
0.0545,0.0255,69.2671
0.0555,0.0255,68.9503
0.0565,0.0255,68.6446
0.0575,0.0255,68.3497
0.0585,0.0255,68.0654
0.0595,0.0255,67.7912
0.0605,0.0255,67.5269
0.0615,0.0255,67.2722
0.0625,0.0255,67.0266
0.0635,0.0255,66.7899
0.0645,0.0255,66.5617
0.0655,0.0255,66.3417
0.0665,0.0255,66.1297
0.0675,0.0255,65.9254
0.0685,0.0255,65.7286
0.0695,0.0255,65.539
0.0705,0.0255,65.3564
0.0715,0.0255,65.1806
0.0725,0.0255,65.0116
0.0735,0.0255,64.849
0.0745,0.0255,64.6929
0.0755,0.0255,64.543
0.0765,0.0255,64.3993
0.0775,0.0255,64.2616
0.0785,0.0255,64.1299
0.0795,0.0255,64.004
0.0805,0.0255,63.8839
0.0815,0.0255,63.7695
0.0825,0.0255,63.6607
0.0835,0.0255,63.5574
0.0845,0.0255,63.4597
0.0855,0.0255,63.3673
0.0865,0.0255,63.2802
0.0875,0.0255,63.1984
0.0885,0.0255,63.1218
0.0895,0.0255,63.0503
0.0905,0.0255,62.9838
0.0915,0.0255,62.9222
0.0925,0.0255,62.8656
0.0935,0.0255,62.8137
0.0945,0.0255,62.7666
0.0955,0.0255,62.7241
0.0965,0.0255,62.6862
0.0975,0.0255,62.6528
0.0985,0.0255,62.6237
0.0995,0.0255,62.599
0.0005,0.0265,74.459
0.0015,0.0265,74.4785
0.0025,0.0265,74.5085
0.0035,0.0265,74.55
0.0045,0.0265,74.604
0.0055,0.0265,74.6716
0.0065,0.0265,74.7537
0.0075,0.0265,74.8511
0.0085,0.0265,74.9647
0.0095,0.0265,75.095
0.0105,0.0265,75.2426
0.0115,0.0265,75.4077
0.0125,0.0265,75.5908
0.0135,0.0265,75.7925
0.0145,0.0265,76.0137
0.0155,0.0265,76.2562
0.0165,0.0265,76.5224
0.0175,0.0265,76.8139
0.0185,0.0265,77.1297
0.0195,0.0265,77.4624
0.0205,0.0265,77.7972
0.0215,0.0265,78.1144
0.0225,0.0265,78.3959
0.0235,0.0265,78.6304
0.0245,0.0265,78.8144
0.0255,0.0265,78.9493
0.0265,0.0265,79.0375
0.0275,0.0265,79.0802
0.0285,0.0265,79.0772
0.0295,0.0265,79.0275
0.0305,0.0265,78.9305
0.0315,0.0265,78.7861
0.0325,0.0265,78.5952
0.0335,0.0265,78.3587
0.0345,0.0265,78.0762
0.0355,0.0265,77.7458
0.0365,0.0265,77.3645
0.0375,0.0265,76.9307
0.0385,0.0265,76.4472
0.0395,0.0265,75.9236
0.0405,0.0265,75.3754
0.0415,0.0265,74.8204
0.0425,0.0265,74.2741
0.0435,0.0265,73.7472
0.0445,0.0265,73.2448
0.0455,0.0265,72.7677
0.0465,0.0265,72.3144
0.0475,0.0265,71.8822
0.0485,0.0265,71.4686
0.0495,0.0265,71.0714
0.0505,0.0265,70.689
0.0515,0.0265,70.3203
0.0525,0.0265,69.9645
0.0535,0.0265,69.6212
0.0545,0.0265,69.2898
0.0555,0.0265,68.9701
0.0565,0.0265,68.6617
0.0575,0.0265,68.3644
0.0585,0.0265,68.0778
0.0595,0.0265,67.8016
0.0605,0.0265,67.5354
0.0615,0.0265,67.2789
0.0625,0.0265,67.0317
0.0635,0.0265,66.7936
0.0645,0.0265,66.564
0.0655,0.0265,66.3429
0.0665,0.0265,66.1298
0.0675,0.0265,65.9245
0.0685,0.0265,65.7267
0.0695,0.0265,65.5363
0.0705,0.0265,65.3529
0.0715,0.0265,65.1764
0.0725,0.0265,65.0067
0.0735,0.0265,64.8436
0.0745,0.0265,64.6869
0.0755,0.0265,64.5365
0.0765,0.0265,64.3923
0.0775,0.0265,64.2542
0.0785,0.0265,64.1221
0.0795,0.0265,63.9959
0.0805,0.0265,63.8755
0.0815,0.0265,63.7609
0.0825,0.0265,63.6518
0.0835,0.0265,63.5484
0.0845,0.0265,63.4504
0.0855,0.0265,63.3579
0.0865,0.0265,63.2707
0.0875,0.0265,63.1887
0.0885,0.0265,63.112
0.0895,0.0265,63.0404
0.0905,0.0265,62.9739
0.0915,0.0265,62.9123
0.0925,0.0265,62.8556
0.0935,0.0265,62.8038
0.0945,0.0265,62.7567
0.0955,0.0265,62.7143
0.0965,0.0265,62.6764
0.0975,0.0265,62.643
0.0985,0.0265,62.6141
0.0995,0.0265,62.5895
0.0005,0.0275,74.4617
0.0015,0.0275,74.4838
0.0025,0.0275,74.5164
0.0035,0.0275,74.5607
0.0045,0.0275,74.6176
0.0055,0.0275,74.6881
0.0065,0.0275,74.7733
0.0075,0.0275,74.874
0.0085,0.0275,74.991
0.0095,0.0275,75.1249
0.0105,0.0275,75.2761
0.0115,0.0275,75.4451
0.0125,0.0275,75.6322
0.0135,0.0275,75.8381
0.0145,0.0275,76.064
0.0155,0.0275,76.3118
0.0165,0.0275,76.584
0.0175,0.0275,76.8828
0.0185,0.0275,77.207
0.0195,0.0275,77.5491
0.0205,0.0275,77.8934
0.0215,0.0275,78.2196
0.0225,0.0275,78.509
0.0235,0.0275,78.7502
0.0245,0.0275,78.94
0.0255,0.0275,79.0799
0.0265,0.0275,79.1722
0.0275,0.0275,79.2181
0.0285,0.0275,79.2173
0.0295,0.0275,79.1686
0.0305,0.0275,79.0714
0.0315,0.0275,78.9257
0.0325,0.0275,78.7325
0.0335,0.0275,78.4928
0.0345,0.0275,78.2064
0.0355,0.0275,77.8714
0.0365,0.0275,77.4848
0.0375,0.0275,77.0449
0.0385,0.0275,76.5544
0.0395,0.0275,76.0228
0.0405,0.0275,75.4657
0.0415,0.0275,74.9014
0.0425,0.0275,74.3461
0.0435,0.0275,73.8109
0.0445,0.0275,73.3011
0.0455,0.0275,72.8176
0.0465,0.0275,72.3588
0.0475,0.0275,71.9219
0.0485,0.0275,71.5041
0.0495,0.0275,71.1032
0.0505,0.0275,70.7175
0.0515,0.0275,70.3458
0.0525,0.0275,69.9872
0.0535,0.0275,69.6412
0.0545,0.0275,69.3073
0.0555,0.0275,68.9853
0.0565,0.0275,68.6748
0.0575,0.0275,68.3755
0.0585,0.0275,68.0871
0.0595,0.0275,67.8091
0.0605,0.0275,67.5414
0.0615,0.0275,67.2834
0.0625,0.0275,67.0349
0.0635,0.0275,66.7955
0.0645,0.0275,66.5648
0.0655,0.0275,66.3426
0.0665,0.0275,66.1286
0.0675,0.0275,65.9224
0.0685,0.0275,65.7238
0.0695,0.0275,65.5326
0.0705,0.0275,65.3486
0.0715,0.0275,65.1715
0.0725,0.0275,65.0013
0.0735,0.0275,64.8376
0.0745,0.0275,64.6805
0.0755,0.0275,64.5297
0.0765,0.0275,64.3851
0.0775,0.0275,64.2467
0.0785,0.0275,64.1143
0.0795,0.0275,63.9878
0.0805,0.0275,63.8672
0.0815,0.0275,63.7523
0.0825,0.0275,63.6431
0.0835,0.0275,63.5394
0.0845,0.0275,63.4414
0.0855,0.0275,63.3487
0.0865,0.0275,63.2614
0.0875,0.0275,63.1794
0.0885,0.0275,63.1027
0.0895,0.0275,63.031
0.0905,0.0275,62.9645
0.0915,0.0275,62.9029
0.0925,0.0275,62.8463
0.0935,0.0275,62.7945
0.0945,0.0275,62.7475
0.0955,0.0275,62.7051
0.0965,0.0275,62.6673
0.0975,0.0275,62.6341
0.0985,0.0275,62.6052
0.0995,0.0275,62.5808
0.0005,0.0285,74.4583
0.0015,0.0285,74.483
0.0025,0.0285,74.5184
0.0035,0.0285,74.5654
0.0045,0.0285,74.6251
0.0055,0.0285,74.6984
0.0065,0.0285,74.7863
0.0075,0.0285,74.8898
0.0085,0.0285,75.0095
0.0095,0.0285,75.146
0.0105,0.0285,75.2999
0.0115,0.0285,75.4715
0.0125,0.0285,75.6613
0.0135,0.0285,75.8701
0.0145,0.0285,76.099
0.0155,0.0285,76.3503
0.0165,0.0285,76.6267
0.0175,0.0285,76.9306
0.0185,0.0285,77.2607
0.0195,0.0285,77.6092
0.0205,0.0285,77.9601
0.0215,0.0285,78.2924
0.0225,0.0285,78.5874
0.0235,0.0285,78.8336
0.0245,0.0285,79.0278
0.0255,0.0285,79.1714
0.0265,0.0285,79.2667
0.0275,0.0285,79.3148
0.0285,0.0285,79.3152
0.0295,0.0285,79.2669
0.0305,0.0285,79.169
0.0315,0.0285,79.0219
0.0325,0.0285,78.8267
0.0335,0.0285,78.5844
0.0345,0.0285,78.295
0.0355,0.0285,77.9568
0.0365,0.0285,77.5667
0.0375,0.0285,77.1228
0.0385,0.0285,76.6277
0.0395,0.0285,76.0908
0.0405,0.0285,75.5278
0.0415,0.0285,74.9572
0.0425,0.0285,74.3957
0.0435,0.0285,73.8546
0.0445,0.0285,73.3395
0.0455,0.0285,72.8515
0.0465,0.0285,72.3888
0.0475,0.0285,71.9486
0.0485,0.0285,71.528
0.0495,0.0285,71.1247
0.0505,0.0285,70.7368
0.0515,0.0285,70.363
0.0525,0.0285,70.0025
0.0535,0.0285,69.6547
0.0545,0.0285,69.3191
0.0555,0.0285,68.9955
0.0565,0.0285,68.6834
0.0575,0.0285,68.3826
0.0585,0.0285,68.0928
0.0595,0.0285,67.8135
0.0605,0.0285,67.5445
0.0615,0.0285,67.2854
0.0625,0.0285,67.0358
0.0635,0.0285,66.7954
0.0645,0.0285,66.5639
0.0655,0.0285,66.3408
0.0665,0.0285,66.126
0.0675,0.0285,65.9191
0.0685,0.0285,65.7198
0.0695,0.0285,65.5281
0.0705,0.0285,65.3435
0.0715,0.0285,65.1659
0.0725,0.0285,64.9952
0.0735,0.0285,64.8312
0.0745,0.0285,64.6737
0.0755,0.0285,64.5225
0.0765,0.0285,64.3777
0.0775,0.0285,64.239
0.0785,0.0285,64.1064
0.0795,0.0285,63.9797
0.0805,0.0285,63.8589
0.0815,0.0285,63.7438
0.0825,0.0285,63.6345
0.0835,0.0285,63.5308
0.0845,0.0285,63.4326
0.0855,0.0285,63.3399
0.0865,0.0285,63.2525
0.0875,0.0285,63.1705
0.0885,0.0285,63.0938
0.0895,0.0285,63.0222
0.0905,0.0285,62.9557
0.0915,0.0285,62.8942
0.0925,0.0285,62.8376
0.0935,0.0285,62.7859
0.0945,0.0285,62.7389
0.0955,0.0285,62.6967
0.0965,0.0285,62.6591
0.0975,0.0285,62.6259
0.0985,0.0285,62.5973
0.0995,0.0285,62.5729
0.0005,0.0295,74.4491
0.0015,0.0295,74.4765
0.0025,0.0295,74.5145
0.0035,0.0295,74.5641
0.0045,0.0295,74.6262
0.0055,0.0295,74.7019
0.0065,0.0295,74.792
0.0075,0.0295,74.8975
0.0085,0.0295,75.0191
0.0095,0.0295,75.1574
0.0105,0.0295,75.3128
0.0115,0.0295,75.4859
0.0125,0.0295,75.677
0.0135,0.0295,75.8871
0.0145,0.0295,76.1176
0.0155,0.0295,76.3708
0.0165,0.0295,76.6497
0.0175,0.0295,76.9565
0.0185,0.0295,77.29
0.0195,0.0295,77.6421
0.0205,0.0295,77.9966
0.0215,0.0295,78.3323
0.0225,0.0295,78.6305
0.0235,0.0295,78.8798
0.0245,0.0295,79.0769
0.0255,0.0295,79.2228
0.0265,0.0295,79.3199
0.0275,0.0295,79.369
0.0285,0.0295,79.3697
0.0295,0.0295,79.3211
0.0305,0.0295,79.2224
0.0315,0.0295,79.0742
0.0325,0.0295,78.8775
0.0335,0.0295,78.6336
0.0345,0.0295,78.3425
0.0355,0.0295,78.0024
0.0365,0.0295,77.6103
0.0375,0.0295,77.1644
0.0385,0.0295,76.6671
0.0395,0.0295,76.1277
0.0405,0.0295,75.5616
0.0415,0.0295,74.9876
0.0425,0.0295,74.4223
0.0435,0.0295,73.8776
0.0445,0.0295,73.3593
0.0455,0.0295,72.8686
0.0465,0.0295,72.4036
0.0475,0.0295,71.9616
0.0485,0.0295,71.5396
0.0495,0.0295,71.135
0.0505,0.0295,70.746
0.0515,0.0295,70.3713
0.0525,0.0295,70.0098
0.0535,0.0295,69.6611
0.0545,0.0295,69.3246
0.0555,0.0295,69
0.0565,0.0295,68.6871
0.0575,0.0295,68.3853
0.0585,0.0295,68.0946
0.0595,0.0295,67.8145
0.0605,0.0295,67.5446
0.0615,0.0295,67.2847
0.0625,0.0295,67.0344
0.0635,0.0295,66.7933
0.0645,0.0295,66.5611
0.0655,0.0295,66.3374
0.0665,0.0295,66.122
0.0675,0.0295,65.9146
0.0685,0.0295,65.7148
0.0695,0.0295,65.5226
0.0705,0.0295,65.3376
0.0715,0.0295,65.1597
0.0725,0.0295,64.9886
0.0735,0.0295,64.8243
0.0745,0.0295,64.6665
0.0755,0.0295,64.5152
0.0765,0.0295,64.3701
0.0775,0.0295,64.2312
0.0785,0.0295,64.0984
0.0795,0.0295,63.9716
0.0805,0.0295,63.8507
0.0815,0.0295,63.7356
0.0825,0.0295,63.6262
0.0835,0.0295,63.5224
0.0845,0.0295,63.4242
0.0855,0.0295,63.3315
0.0865,0.0295,63.2441
0.0875,0.0295,63.1622
0.0885,0.0295,63.0854
0.0895,0.0295,63.0139
0.0905,0.0295,62.9475
0.0915,0.0295,62.886
0.0925,0.0295,62.8296
0.0935,0.0295,62.778
0.0945,0.0295,62.7312
0.0955,0.0295,62.6891
0.0965,0.0295,62.6516
0.0975,0.0295,62.6187
0.0985,0.0295,62.5902
0.0995,0.0295,62.566
0.0005,0.0305,74.4346
0.0015,0.0305,74.4645
0.0025,0.0305,74.5049
0.0035,0.0305,74.5567
0.0045,0.0305,74.6209
0.0055,0.0305,74.6983
0.0065,0.0305,74.79
0.0075,0.0305,74.8968
0.0085,0.0305,75.0193
0.0095,0.0305,75.1582
0.0105,0.0305,75.314
0.0115,0.0305,75.4872
0.0125,0.0305,75.6784
0.0135,0.0305,75.8884
0.0145,0.0305,76.119
0.0155,0.0305,76.3725
0.0165,0.0305,76.652
0.0175,0.0305,76.9597
0.0185,0.0305,77.294
0.0195,0.0305,77.6468
0.0205,0.0305,78.0017
0.0215,0.0305,78.338
0.0225,0.0305,78.637
0.0235,0.0305,78.8874
0.0245,0.0305,79.0857
0.0255,0.0305,79.2326
0.0265,0.0305,79.3301
0.0275,0.0305,79.3791
0.0285,0.0305,79.3793
0.0295,0.0305,79.3298
0.0305,0.0305,79.2304
0.0315,0.0305,79.0814
0.0325,0.0305,78.8842
0.0335,0.0305,78.6399
0.0345,0.0305,78.3484
0.0355,0.0305,78.008
0.0365,0.0305,77.6157
0.0375,0.0305,77.1697
0.0385,0.0305,76.6724
0.0395,0.0305,76.1328
0.0405,0.0305,75.5665
0.0415,0.0305,74.9917
0.0425,0.0305,74.4254
0.0435,0.0305,73.8795
0.0445,0.0305,73.36
0.0455,0.0305,72.8683
0.0465,0.0305,72.4027
0.0475,0.0305,71.9604
0.0485,0.0305,71.5382
0.0495,0.0305,71.1337
0.0505,0.0305,70.7448
0.0515,0.0305,70.3701
0.0525,0.0305,70.0087
0.0535,0.0305,69.66
0.0545,0.0305,69.3234
0.0555,0.0305,68.9986
0.0565,0.0305,68.6854
0.0575,0.0305,68.3834
0.0585,0.0305,68.0923
0.0595,0.0305,67.8118
0.0605,0.0305,67.5416
0.0615,0.0305,67.2812
0.0625,0.0305,67.0305
0.0635,0.0305,66.789
0.0645,0.0305,66.5564
0.0655,0.0305,66.3323
0.0665,0.0305,66.1166
0.0675,0.0305,65.9088
0.0685,0.0305,65.7088
0.0695,0.0305,65.5163
0.0705,0.0305,65.331
0.0715,0.0305,65.1529
0.0725,0.0305,64.9816
0.0735,0.0305,64.8171
0.0745,0.0305,64.6591
0.0755,0.0305,64.5077
0.0765,0.0305,64.3625
0.0775,0.0305,64.2235
0.0785,0.0305,64.0906
0.0795,0.0305,63.9637
0.0805,0.0305,63.8428
0.0815,0.0305,63.7276
0.0825,0.0305,63.6182
0.0835,0.0305,63.5144
0.0845,0.0305,63.4162
0.0855,0.0305,63.3236
0.0865,0.0305,63.2363
0.0875,0.0305,63.1544
0.0885,0.0305,63.0777
0.0895,0.0305,63.0063
0.0905,0.0305,62.9399
0.0915,0.0305,62.8787
0.0925,0.0305,62.8223
0.0935,0.0305,62.7709
0.0945,0.0305,62.7242
0.0955,0.0305,62.6823
0.0965,0.0305,62.645
0.0975,0.0305,62.6122
0.0985,0.0305,62.5839
0.0995,0.0305,62.56
0.0005,0.0315,74.4158
0.0015,0.0315,74.4479
0.0025,0.0315,74.4903
0.0035,0.0315,74.5438
0.0045,0.0315,74.6094
0.0055,0.0315,74.6879
0.0065,0.0315,74.7803
0.0075,0.0315,74.8873
0.0085,0.0315,75.0097
0.0095,0.0315,75.148
0.0105,0.0315,75.303
0.0115,0.0315,75.475
0.0125,0.0315,75.6648
0.0135,0.0315,75.8735
0.0145,0.0315,76.1027
0.0155,0.0315,76.355
0.0165,0.0315,76.6333
0.0175,0.0315,76.9396
0.0185,0.0315,77.2722
0.0195,0.0315,77.6226
0.0205,0.0315,77.9749
0.0215,0.0315,78.3088
0.0225,0.0315,78.6063
0.0235,0.0315,78.8559
0.0245,0.0315,79.0536
0.0255,0.0315,79.2
0.0265,0.0315,79.2965
0.0275,0.0315,79.3443
0.0285,0.0315,79.3432
0.0295,0.0315,79.2926
0.0305,0.0315,79.1925
0.0315,0.0315,79.0434
0.0325,0.0315,78.8466
0.0335,0.0315,78.603
0.0345,0.0315,78.3126
0.0355,0.0315,77.9733
0.0365,0.0315,77.5824
0.0375,0.0315,77.138
0.0385,0.0315,76.6428
0.0395,0.0315,76.1057
0.0405,0.0315,75.5417
0.0415,0.0315,74.969
0.0425,0.0315,74.4043
0.0435,0.0315,73.8596
0.0445,0.0315,73.3411
0.0455,0.0315,72.8503
0.0465,0.0315,72.3857
0.0475,0.0315,71.9445
0.0485,0.0315,71.5236
0.0495,0.0315,71.1203
0.0505,0.0315,70.7327
0.0515,0.0315,70.3591
0.0525,0.0315,69.9988
0.0535,0.0315,69.651
0.0545,0.0315,69.3152
0.0555,0.0315,68.991
0.0565,0.0315,68.6782
0.0575,0.0315,68.3766
0.0585,0.0315,68.0857
0.0595,0.0315,67.8054
0.0605,0.0315,67.5352
0.0615,0.0315,67.2749
0.0625,0.0315,67.0241
0.0635,0.0315,66.7825
0.0645,0.0315,66.5498
0.0655,0.0315,66.3256
0.0665,0.0315,66.1098
0.0675,0.0315,65.9019
0.0685,0.0315,65.7018
0.0695,0.0315,65.5092
0.0705,0.0315,65.3238
0.0715,0.0315,65.1456
0.0725,0.0315,64.9743
0.0735,0.0315,64.8097
0.0745,0.0315,64.6517
0.0755,0.0315,64.5001
0.0765,0.0315,64.3549
0.0775,0.0315,64.2159
0.0785,0.0315,64.083
0.0795,0.0315,63.9561
0.0805,0.0315,63.8352
0.0815,0.0315,63.72
0.0825,0.0315,63.6107
0.0835,0.0315,63.507
0.0845,0.0315,63.4088
0.0855,0.0315,63.3162
0.0865,0.0315,63.229
0.0875,0.0315,63.1472
0.0885,0.0315,63.0707
0.0895,0.0315,62.9993
0.0905,0.0315,62.9331
0.0915,0.0315,62.872
0.0925,0.0315,62.8158
0.0935,0.0315,62.7645
0.0945,0.0315,62.718
0.0955,0.0315,62.6763
0.0965,0.0315,62.6392
0.0975,0.0315,62.6066
0.0985,0.0315,62.5786
0.0995,0.0315,62.5549
0.0005,0.0325,74.3936
0.0015,0.0325,74.4275
0.0025,0.0325,74.4713
0.0035,0.0325,74.5259
0.0045,0.0325,74.5922
0.0055,0.0325,74.6709
0.0065,0.0325,74.7631
0.0075,0.0325,74.8693
0.0085,0.0325,74.9904
0.0095,0.0325,75.1271
0.0105,0.0325,75.2799
0.0115,0.0325,75.4495
0.0125,0.0325,75.6367
0.0135,0.0325,75.8426
0.0145,0.0325,76.0691
0.0155,0.0325,76.3185
0.0165,0.0325,76.5938
0.0175,0.0325,76.8964
0.0185,0.0325,77.2246
0.0195,0.0325,77.5698
0.0205,0.0325,77.9165
0.0215,0.0325,78.2454
0.0225,0.0325,78.5387
0.0235,0.0325,78.7854
0.0245,0.0325,78.9809
0.0255,0.0325,79.1251
0.0265,0.0325,79.2194
0.0275,0.0325,79.265
0.0285,0.0325,79.2618
0.0295,0.0325,79.2099
0.0305,0.0325,79.1092
0.0315,0.0325,78.9606
0.0325,0.0325,78.7651
0.0335,0.0325,78.5235
0.0345,0.0325,78.2352
0.0355,0.0325,77.8984
0.0365,0.0325,77.5102
0.0375,0.0325,77.0692
0.0385,0.0325,76.5781
0.0395,0.0325,76.0457
0.0405,0.0325,75.4867
0.0415,0.0325,74.9189
0.0425,0.0325,74.3586
0.0435,0.0325,73.8176
0.0445,0.0325,73.3024
0.0455,0.0325,72.8145
0.0465,0.0325,72.3526
0.0475,0.0325,71.914
0.0485,0.0325,71.4957
0.0495,0.0325,71.095
0.0505,0.0325,70.7097
0.0515,0.0325,70.3384
0.0525,0.0325,69.9802
0.0535,0.0325,69.6341
0.0545,0.0325,69.2999
0.0555,0.0325,68.9772
0.0565,0.0325,68.6656
0.0575,0.0325,68.3649
0.0585,0.0325,68.0748
0.0595,0.0325,67.7952
0.0605,0.0325,67.5255
0.0615,0.0325,67.2656
0.0625,0.0325,67.0152
0.0635,0.0325,66.7739
0.0645,0.0325,66.5414
0.0655,0.0325,66.3175
0.0665,0.0325,66.1017
0.0675,0.0325,65.894
0.0685,0.0325,65.6939
0.0695,0.0325,65.5014
0.0705,0.0325,65.3161
0.0715,0.0325,65.1379
0.0725,0.0325,64.9667
0.0735,0.0325,64.8021
0.0745,0.0325,64.6441
0.0755,0.0325,64.4927
0.0765,0.0325,64.3475
0.0775,0.0325,64.2085
0.0785,0.0325,64.0757
0.0795,0.0325,63.9489
0.0805,0.0325,63.828
0.0815,0.0325,63.7129
0.0825,0.0325,63.6036
0.0835,0.0325,63.5
0.0845,0.0325,63.402
0.0855,0.0325,63.3095
0.0865,0.0325,63.2224
0.0875,0.0325,63.1407
0.0885,0.0325,63.0643
0.0895,0.0325,62.9931
0.0905,0.0325,62.927
0.0915,0.0325,62.866
0.0925,0.0325,62.81
0.0935,0.0325,62.7589
0.0945,0.0325,62.7126
0.0955,0.0325,62.671
0.0965,0.0325,62.6341
0.0975,0.0325,62.6018
0.0985,0.0325,62.5739
0.0995,0.0325,62.5505
0.0005,0.0335,74.3691
0.0015,0.0335,74.4042
0.0025,0.0335,74.4489
0.0035,0.0335,74.5039
0.0045,0.0335,74.57
0.0055,0.0335,74.6481
0.0065,0.0335,74.739
0.0075,0.0335,74.8435
0.0085,0.0335,74.9623
0.0095,0.0335,75.0961
0.0105,0.0335,75.2456
0.0115,0.0335,75.4116
0.0125,0.0335,75.595
0.0135,0.0335,75.7969
0.0145,0.0335,76.0191
0.0155,0.0335,76.2641
0.0165,0.0335,76.5344
0.0175,0.0335,76.8313
0.0185,0.0335,77.1523
0.0195,0.0335,77.4894
0.0205,0.0335,77.8276
0.0215,0.0335,78.1485
0.0225,0.0335,78.4354
0.0235,0.0335,78.6769
0.0245,0.0335,78.8682
0.0255,0.0335,79.0087
0.0265,0.0335,79.0996
0.0275,0.0335,79.1418
0.0285,0.0335,79.1361
0.0295,0.0335,79.0825
0.0305,0.0335,78.9816
0.0315,0.0335,78.8339
0.0325,0.0335,78.6405
0.0335,0.0335,78.4016
0.0345,0.0335,78.1167
0.0355,0.0335,77.7834
0.0365,0.0335,77.3994
0.0375,0.0335,76.9633
0.0385,0.0335,76.4782
0.0395,0.0335,75.9529
0.0405,0.0335,75.4016
0.0415,0.0335,74.8416
0.0425,0.0335,74.2885
0.0435,0.0335,73.7539
0.0445,0.0335,73.2442
0.0455,0.0335,72.7613
0.0465,0.0335,72.3039
0.0475,0.0335,71.8695
0.0485,0.0335,71.4551
0.0495,0.0335,71.0581
0.0505,0.0335,70.6763
0.0515,0.0335,70.3083
0.0525,0.0335,69.953
0.0535,0.0335,69.6097
0.0545,0.0335,69.2779
0.0555,0.0335,68.9573
0.0565,0.0335,68.6476
0.0575,0.0335,68.3485
0.0585,0.0335,68.0598
0.0595,0.0335,67.7813
0.0605,0.0335,67.5127
0.0615,0.0335,67.2537
0.0625,0.0335,67.004
0.0635,0.0335,66.7633
0.0645,0.0335,66.5313
0.0655,0.0335,66.3078
0.0665,0.0335,66.0925
0.0675,0.0335,65.8851
0.0685,0.0335,65.6853
0.0695,0.0335,65.493
0.0705,0.0335,65.308
0.0715,0.0335,65.13
0.0725,0.0335,64.9589
0.0735,0.0335,64.7945
0.0745,0.0335,64.6367
0.0755,0.0335,64.4854
0.0765,0.0335,64.3403
0.0775,0.0335,64.2015
0.0785,0.0335,64.0688
0.0795,0.0335,63.9421
0.0805,0.0335,63.8213
0.0815,0.0335,63.7064
0.0825,0.0335,63.5972
0.0835,0.0335,63.4937
0.0845,0.0335,63.3957
0.0855,0.0335,63.3033
0.0865,0.0335,63.2164
0.0875,0.0335,63.1348
0.0885,0.0335,63.0586
0.0895,0.0335,62.9875
0.0905,0.0335,62.9216
0.0915,0.0335,62.8608
0.0925,0.0335,62.8049
0.0935,0.0335,62.754
0.0945,0.0335,62.7079
0.0955,0.0335,62.6665
0.0965,0.0335,62.6298
0.0975,0.0335,62.5977
0.0985,0.0335,62.57
0.0995,0.0335,62.5468
0.0005,0.0345,74.3434
0.0015,0.0345,74.3792
0.0025,0.0345,74.424
0.0035,0.0345,74.4785
0.0045,0.0345,74.5437
0.0055,0.0345,74.6202
0.0065,0.0345,74.7089
0.0075,0.0345,74.8106
0.0085,0.0345,74.9261
0.0095,0.0345,75.056
0.0105,0.0345,75.2012
0.0115,0.0345,75.3625
0.0125,0.0345,75.5409
0.0135,0.0345,75.7375
0.0145,0.0345,75.9542
0.0155,0.0345,76.1931
0.0165,0.0345,76.4565
0.0175,0.0345,76.7451
0.0185,0.0345,77.0564
0.0195,0.0345,77.3824
0.0205,0.0345,77.709
0.0215,0.0345,78.0192
0.0225,0.0345,78.2968
0.0235,0.0345,78.5309
0.0245,0.0345,78.716
0.0255,0.0345,78.8511
0.0265,0.0345,78.9371
0.0275,0.0345,78.9752
0.0285,0.0345,78.9663
0.0295,0.0345,78.9109
0.0305,0.0345,78.8098
0.0315,0.0345,78.6636
0.0325,0.0345,78.4729
0.0335,0.0345,78.2377
0.0345,0.0345,77.9569
0.0355,0.0345,77.6284
0.0365,0.0345,77.2498
0.0375,0.0345,76.8203
0.0385,0.0345,76.3433
0.0395,0.0345,75.8276
0.0405,0.0345,75.287
0.0415,0.0345,74.7376
0.0425,0.0345,74.1947
0.0435,0.0345,73.6692
0.0445,0.0345,73.1676
0.0455,0.0345,72.6917
0.0465,0.0345,72.2406
0.0475,0.0345,71.8119
0.0485,0.0345,71.4027
0.0495,0.0345,71.0106
0.0505,0.0345,70.6334
0.0515,0.0345,70.2696
0.0525,0.0345,69.9182
0.0535,0.0345,69.5783
0.0545,0.0345,69.2497
0.0555,0.0345,68.9319
0.0565,0.0345,68.6246
0.0575,0.0345,68.3277
0.0585,0.0345,68.041
0.0595,0.0345,67.7641
0.0605,0.0345,67.497
0.0615,0.0345,67.2392
0.0625,0.0345,66.9906
0.0635,0.0345,66.7509
0.0645,0.0345,66.5197
0.0655,0.0345,66.2969
0.0665,0.0345,66.0822
0.0675,0.0345,65.8754
0.0685,0.0345,65.6761
0.0695,0.0345,65.4843
0.0705,0.0345,65.2996
0.0715,0.0345,65.1219
0.0725,0.0345,64.9511
0.0735,0.0345,64.787
0.0745,0.0345,64.6295
0.0755,0.0345,64.4783
0.0765,0.0345,64.3335
0.0775,0.0345,64.1948
0.0785,0.0345,64.0623
0.0795,0.0345,63.9358
0.0805,0.0345,63.8151
0.0815,0.0345,63.7003
0.0825,0.0345,63.5913
0.0835,0.0345,63.4879
0.0845,0.0345,63.3901
0.0855,0.0345,63.2979
0.0865,0.0345,63.2111
0.0875,0.0345,63.1296
0.0885,0.0345,63.0535
0.0895,0.0345,62.9826
0.0905,0.0345,62.9169
0.0915,0.0345,62.8562
0.0925,0.0345,62.8005
0.0935,0.0345,62.7497
0.0945,0.0345,62.7038
0.0955,0.0345,62.6626
0.0965,0.0345,62.6261
0.0975,0.0345,62.5942
0.0985,0.0345,62.5667
0.0995,0.0345,62.5437
0.0005,0.0355,74.3173
0.0015,0.0355,74.353
0.0025,0.0355,74.3972
0.0035,0.0355,74.4507
0.0045,0.0355,74.514
0.0055,0.0355,74.5881
0.0065,0.0355,74.6737
0.0075,0.0355,74.7717
0.0085,0.0355,74.8828
0.0095,0.0355,75.0079
0.0105,0.0355,75.1479
0.0115,0.0355,75.3035
0.0125,0.0355,75.4758
0.0135,0.0355,75.6659
0.0145,0.0355,75.8755
0.0155,0.0355,76.1066
0.0165,0.0355,76.3608
0.0175,0.0355,76.6387
0.0185,0.0355,76.9373
0.0195,0.0355,77.2491
0.0205,0.0355,77.561
0.0215,0.0355,77.8572
0.0225,0.0355,78.1226
0.0235,0.0355,78.3464
0.0245,0.0355,78.523
0.0255,0.0355,78.6509
0.0265,0.0355,78.7307
0.0275,0.0355,78.7637
0.0285,0.0355,78.7511
0.0295,0.0355,78.6939
0.0305,0.0355,78.5928
0.0315,0.0355,78.4484
0.0325,0.0355,78.2611
0.0335,0.0355,78.0303
0.0345,0.0355,77.7548
0.0355,0.0355,77.4323
0.0365,0.0355,77.0608
0.0375,0.0355,76.64
0.0385,0.0355,76.1736
0.0395,0.0355,75.6704
0.0405,0.0355,75.1434
0.0415,0.0355,74.608
0.0425,0.0355,74.0783
0.0435,0.0355,73.5649
0.0445,0.0355,73.0738
0.0455,0.0355,72.6071
0.0465,0.0355,72.1641
0.0475,0.0355,71.7425
0.0485,0.0355,71.3399
0.0495,0.0355,70.9537
0.0505,0.0355,70.582
0.0515,0.0355,70.2232
0.0525,0.0355,69.8764
0.0535,0.0355,69.5408
0.0545,0.0355,69.2159
0.0555,0.0355,68.9015
0.0565,0.0355,68.5973
0.0575,0.0355,68.3031
0.0585,0.0355,68.0187
0.0595,0.0355,67.7439
0.0605,0.0355,67.4786
0.0615,0.0355,67.2225
0.0625,0.0355,66.9753
0.0635,0.0355,66.7368
0.0645,0.0355,66.5067
0.0655,0.0355,66.2849
0.0665,0.0355,66.0711
0.0675,0.0355,65.8649
0.0685,0.0355,65.6664
0.0695,0.0355,65.4751
0.0705,0.0355,65.291
0.0715,0.0355,65.1138
0.0725,0.0355,64.9434
0.0735,0.0355,64.7797
0.0745,0.0355,64.6224
0.0755,0.0355,64.4716
0.0765,0.0355,64.327
0.0775,0.0355,64.1886
0.0785,0.0355,64.0563
0.0795,0.0355,63.93
0.0805,0.0355,63.8095
0.0815,0.0355,63.6949
0.0825,0.0355,63.586
0.0835,0.0355,63.4828
0.0845,0.0355,63.3852
0.0855,0.0355,63.2931
0.0865,0.0355,63.2064
0.0875,0.0355,63.1251
0.0885,0.0355,63.0491
0.0895,0.0355,62.9783
0.0905,0.0355,62.9127
0.0915,0.0355,62.8522
0.0925,0.0355,62.7967
0.0935,0.0355,62.746
0.0945,0.0355,62.7003
0.0955,0.0355,62.6593
0.0965,0.0355,62.6229
0.0975,0.0355,62.5912
0.0985,0.0355,62.5639
0.0995,0.0355,62.5411
0.0005,0.0365,74.2915
0.0015,0.0365,74.3265
0.0025,0.0365,74.3693
0.0035,0.0365,74.4207
0.0045,0.0365,74.4814
0.0055,0.0365,74.5523
0.0065,0.0365,74.634
0.0075,0.0365,74.7274
0.0085,0.0365,74.8335
0.0095,0.0365,74.9529
0.0105,0.0365,75.0867
0.0115,0.0365,75.2356
0.0125,0.0365,75.4007
0.0135,0.0365,75.5829
0.0145,0.0365,75.7839
0.0155,0.0365,76.0051
0.0165,0.0365,76.2478
0.0175,0.0365,76.5121
0.0185,0.0365,76.7949
0.0195,0.0365,77.0891
0.0205,0.0365,77.3827
0.0215,0.0365,77.6614
0.0225,0.0365,77.9112
0.0235,0.0365,78.1218
0.0245,0.0365,78.2873
0.0255,0.0365,78.4058
0.0265,0.0365,78.4779
0.0275,0.0365,78.5048
0.0285,0.0365,78.488
0.0295,0.0365,78.4288
0.0305,0.0365,78.3279
0.0315,0.0365,78.1858
0.0325,0.0365,78.0025
0.0335,0.0365,77.7772
0.0345,0.0365,77.5082
0.0355,0.0365,77.1934
0.0365,0.0365,76.8312
0.0375,0.0365,76.4217
0.0385,0.0365,75.9689
0.0395,0.0365,75.4814
0.0405,0.0365,74.9716
0.0415,0.0365,74.4536
0.0425,0.0365,73.9406
0.0435,0.0365,73.4423
0.0445,0.0365,72.9644
0.0455,0.0365,72.5091
0.0465,0.0365,72.0759
0.0475,0.0365,71.663
0.0485,0.0365,71.2681
0.0495,0.0365,70.8889
0.0505,0.0365,70.5235
0.0515,0.0365,70.1705
0.0525,0.0365,69.8289
0.0535,0.0365,69.498
0.0545,0.0365,69.1775
0.0555,0.0365,68.8669
0.0565,0.0365,68.5662
0.0575,0.0365,68.2751
0.0585,0.0365,67.9935
0.0595,0.0365,67.7211
0.0605,0.0365,67.458
0.0615,0.0365,67.2037
0.0625,0.0365,66.9582
0.0635,0.0365,66.7212
0.0645,0.0365,66.4925
0.0655,0.0365,66.2719
0.0665,0.0365,66.0591
0.0675,0.0365,65.8539
0.0685,0.0365,65.6562
0.0695,0.0365,65.4657
0.0705,0.0365,65.2822
0.0715,0.0365,65.1056
0.0725,0.0365,64.9357
0.0735,0.0365,64.7725
0.0745,0.0365,64.6157
0.0755,0.0365,64.4652
0.0765,0.0365,64.321
0.0775,0.0365,64.1829
0.0785,0.0365,64.0508
0.0795,0.0365,63.9247
0.0805,0.0365,63.8045
0.0815,0.0365,63.6901
0.0825,0.0365,63.5814
0.0835,0.0365,63.4783
0.0845,0.0365,63.3808
0.0855,0.0365,63.2889
0.0865,0.0365,63.2023
0.0875,0.0365,63.1212
0.0885,0.0365,63.0453
0.0895,0.0365,62.9747
0.0905,0.0365,62.9092
0.0915,0.0365,62.8488
0.0925,0.0365,62.7934
0.0935,0.0365,62.7429
0.0945,0.0365,62.6972
0.0955,0.0365,62.6564
0.0965,0.0365,62.6202
0.0975,0.0365,62.5886
0.0985,0.0365,62.5615
0.0995,0.0365,62.5388
0.0005,0.0375,74.2663
0.0015,0.0375,74.2998
0.0025,0.0375,74.3405
0.0035,0.0375,74.3891
0.0045,0.0375,74.4465
0.0055,0.0375,74.5133
0.0065,0.0375,74.5903
0.0075,0.0375,74.6785
0.0085,0.0375,74.7787
0.0095,0.0375,74.8918
0.0105,0.0375,75.0185
0.0115,0.0375,75.1598
0.0125,0.0375,75.3164
0.0135,0.0375,75.4893
0.0145,0.0375,75.6798
0.0155,0.0375,75.8889
0.0165,0.0375,76.1175
0.0175,0.0375,76.3652
0.0185,0.0375,76.6289
0.0195,0.0375,76.9019
0.0205,0.0375,77.1737
0.0215,0.0375,77.4312
0.0225,0.0375,77.6618
0.0235,0.0375,77.8558
0.0245,0.0375,78.0074
0.0255,0.0375,78.1144
0.0265,0.0375,78.1771
0.0275,0.0375,78.1969
0.0285,0.0375,78.1753
0.0295,0.0375,78.1137
0.0305,0.0375,78.013
0.0315,0.0375,77.8736
0.0325,0.0375,77.6949
0.0335,0.0375,77.476
0.0345,0.0375,77.2151
0.0355,0.0375,76.9101
0.0365,0.0375,76.5597
0.0375,0.0375,76.1646
0.0385,0.0375,75.729
0.0395,0.0375,75.261
0.0405,0.0375,74.7723
0.0415,0.0375,74.2755
0.0425,0.0375,73.7826
0.0435,0.0375,73.3025
0.0445,0.0375,72.8405
0.0455,0.0375,72.3989
0.0465,0.0375,71.9775
0.0475,0.0375,71.5747
0.0485,0.0375,71.1887
0.0495,0.0375,70.8174
0.0505,0.0375,70.4591
0.0515,0.0375,70.1125
0.0525,0.0375,69.7767
0.0535,0.0375,69.4511
0.0545,0.0375,69.1353
0.0555,0.0375,68.829
0.0565,0.0375,68.5321
0.0575,0.0375,68.2444
0.0585,0.0375,67.9658
0.0595,0.0375,67.6962
0.0605,0.0375,67.4354
0.0615,0.0375,67.1834
0.0625,0.0375,66.9398
0.0635,0.0375,66.7045
0.0645,0.0375,66.4773
0.0655,0.0375,66.2581
0.0665,0.0375,66.0465
0.0675,0.0375,65.8424
0.0685,0.0375,65.6456
0.0695,0.0375,65.456
0.0705,0.0375,65.2733
0.0715,0.0375,65.0975
0.0725,0.0375,64.9282
0.0735,0.0375,64.7655
0.0745,0.0375,64.6092
0.0755,0.0375,64.4592
0.0765,0.0375,64.3154
0.0775,0.0375,64.1776
0.0785,0.0375,64.0459
0.0795,0.0375,63.9201
0.0805,0.0375,63.8001
0.0815,0.0375,63.6859
0.0825,0.0375,63.5773
0.0835,0.0375,63.4745
0.0845,0.0375,63.3771
0.0855,0.0375,63.2853
0.0865,0.0375,63.1989
0.0875,0.0375,63.1178
0.0885,0.0375,63.0421
0.0895,0.0375,62.9715
0.0905,0.0375,62.9062
0.0915,0.0375,62.8458
0.0925,0.0375,62.7905
0.0935,0.0375,62.7402
0.0945,0.0375,62.6946
0.0955,0.0375,62.6539
0.0965,0.0375,62.6178
0.0975,0.0375,62.5863
0.0985,0.0375,62.5594
0.0995,0.0375,62.5368
0.0005,0.0385,74.2418
0.0015,0.0385,74.273
0.0025,0.0385,74.3109
0.0035,0.0385,74.3561
0.0045,0.0385,74.4094
0.0055,0.0385,74.4715
0.0065,0.0385,74.5433
0.0075,0.0385,74.6256
0.0085,0.0385,74.7193
0.0095,0.0385,74.8253
0.0105,0.0385,74.9442
0.0115,0.0385,75.0768
0.0125,0.0385,75.2238
0.0135,0.0385,75.386
0.0145,0.0385,75.5641
0.0155,0.0385,75.7589
0.0165,0.0385,75.9708
0.0175,0.0385,76.199
0.0185,0.0385,76.4405
0.0195,0.0385,76.6891
0.0205,0.0385,76.9355
0.0215,0.0385,77.1684
0.0225,0.0385,77.3764
0.0235,0.0385,77.5507
0.0245,0.0385,77.6857
0.0255,0.0385,77.7791
0.0265,0.0385,77.8309
0.0275,0.0385,77.8425
0.0285,0.0385,77.8154
0.0295,0.0385,77.7511
0.0305,0.0385,77.6504
0.0315,0.0385,77.5136
0.0325,0.0385,77.34
0.0335,0.0385,77.1284
0.0345,0.0385,76.877
0.0355,0.0385,76.5838
0.0365,0.0385,76.248
0.0375,0.0385,75.8706
0.0385,0.0385,75.4557
0.0395,0.0385,75.0111
0.0405,0.0385,74.5471
0.0415,0.0385,74.0751
0.0425,0.0385,73.6057
0.0435,0.0385,73.1467
0.0445,0.0385,72.7033
0.0455,0.0385,72.2776
0.0465,0.0385,71.8697
0.0475,0.0385,71.4786
0.0485,0.0385,71.1026
0.0495,0.0385,70.7402
0.0505,0.0385,70.3897
0.0515,0.0385,70.0502
0.0525,0.0385,69.7207
0.0535,0.0385,69.4008
0.0545,0.0385,69.0901
0.0555,0.0385,68.7884
0.0565,0.0385,68.4956
0.0575,0.0385,68.2116
0.0585,0.0385,67.9362
0.0595,0.0385,67.6696
0.0605,0.0385,67.4114
0.0615,0.0385,67.1617
0.0625,0.0385,66.9202
0.0635,0.0385,66.6868
0.0645,0.0385,66.4613
0.0655,0.0385,66.2435
0.0665,0.0385,66.0333
0.0675,0.0385,65.8305
0.0685,0.0385,65.6348
0.0695,0.0385,65.4462
0.0705,0.0385,65.2644
0.0715,0.0385,65.0893
0.0725,0.0385,64.9208
0.0735,0.0385,64.7588
0.0745,0.0385,64.603
0.0755,0.0385,64.4535
0.0765,0.0385,64.3102
0.0775,0.0385,64.1728
0.0785,0.0385,64.0414
0.0795,0.0385,63.9159
0.0805,0.0385,63.7962
0.0815,0.0385,63.6822
0.0825,0.0385,63.5739
0.0835,0.0385,63.4712
0.0845,0.0385,63.374
0.0855,0.0385,63.2823
0.0865,0.0385,63.196
0.0875,0.0385,63.115
0.0885,0.0385,63.0394
0.0895,0.0385,62.9689
0.0905,0.0385,62.9036
0.0915,0.0385,62.8434
0.0925,0.0385,62.7881
0.0935,0.0385,62.7378
0.0945,0.0385,62.6923
0.0955,0.0385,62.6517
0.0965,0.0385,62.6157
0.0975,0.0385,62.5843
0.0985,0.0385,62.5574
0.0995,0.0385,62.535
0.0005,0.0395,74.2177
0.0015,0.0395,74.246
0.0025,0.0395,74.2805
0.0035,0.0395,74.3217
0.0045,0.0395,74.3703
0.0055,0.0395,74.4273
0.0065,0.0395,74.4934
0.0075,0.0395,74.5694
0.0085,0.0395,74.6561
0.0095,0.0395,74.7544
0.0105,0.0395,74.8648
0.0115,0.0395,74.988
0.0125,0.0395,75.1244
0.0135,0.0395,75.2744
0.0145,0.0395,75.4386
0.0155,0.0395,75.6171
0.0165,0.0395,75.8101
0.0175,0.0395,76.0164
0.0185,0.0395,76.2332
0.0195,0.0395,76.4549
0.0205,0.0395,76.6735
0.0215,0.0395,76.8791
0.0225,0.0395,77.062
0.0235,0.0395,77.2142
0.0245,0.0395,77.3306
0.0255,0.0395,77.4087
0.0265,0.0395,77.4485
0.0275,0.0395,77.4511
0.0285,0.0395,77.4179
0.0295,0.0395,77.3504
0.0305,0.0395,77.2493
0.0315,0.0395,77.1149
0.0325,0.0395,76.9463
0.0335,0.0395,76.7424
0.0345,0.0395,76.5014
0.0355,0.0395,76.2218
0.0365,0.0395,75.9027
0.0375,0.0395,75.5457
0.0385,0.0395,75.1546
0.0395,0.0395,74.7363
0.0405,0.0395,74.3001
0.0415,0.0395,73.8557
0.0425,0.0395,73.4124
0.0435,0.0395,72.977
0.0445,0.0395,72.5543
0.0455,0.0395,72.1463
0.0465,0.0395,71.7536
0.0475,0.0395,71.3754
0.0485,0.0395,71.0106
0.0495,0.0395,70.6578
0.0505,0.0395,70.316
0.0515,0.0395,69.9841
0.0525,0.0395,69.6614
0.0535,0.0395,69.3476
0.0545,0.0395,69.0424
0.0555,0.0395,68.7456
0.0565,0.0395,68.4571
0.0575,0.0395,68.177
0.0585,0.0395,67.9052
0.0595,0.0395,67.6416
0.0605,0.0395,67.3862
0.0615,0.0395,67.1389
0.0625,0.0395,66.8996
0.0635,0.0395,66.6682
0.0645,0.0395,66.4445
0.0655,0.0395,66.2284
0.0665,0.0395,66.0197
0.0675,0.0395,65.8182
0.0685,0.0395,65.6237
0.0695,0.0395,65.4362
0.0705,0.0395,65.2554
0.0715,0.0395,65.0812
0.0725,0.0395,64.9135
0.0735,0.0395,64.7522
0.0745,0.0395,64.5971
0.0755,0.0395,64.4482
0.0765,0.0395,64.3053
0.0775,0.0395,64.1684
0.0785,0.0395,64.0374
0.0795,0.0395,63.9123
0.0805,0.0395,63.7928
0.0815,0.0395,63.6791
0.0825,0.0395,63.571
0.0835,0.0395,63.4685
0.0845,0.0395,63.3714
0.0855,0.0395,63.2799
0.0865,0.0395,63.1937
0.0875,0.0395,63.1128
0.0885,0.0395,63.0372
0.0895,0.0395,62.9668
0.0905,0.0395,62.9015
0.0915,0.0395,62.8413
0.0925,0.0395,62.7861
0.0935,0.0395,62.7358
0.0945,0.0395,62.6903
0.0955,0.0395,62.6497
0.0965,0.0395,62.6137
0.0975,0.0395,62.5824
0.0985,0.0395,62.5555
0.0995,0.0395,62.5332
0.0005,0.0405,74.194
0.0015,0.0405,74.2189
0.0025,0.0405,74.2493
0.0035,0.0405,74.2861
0.0045,0.0405,74.3298
0.0055,0.0405,74.3813
0.0065,0.0405,74.4413
0.0075,0.0405,74.5107
0.0085,0.0405,74.5903
0.0095,0.0405,74.6805
0.0105,0.0405,74.7821
0.0115,0.0405,74.8952
0.0125,0.0405,75.0202
0.0135,0.0405,75.1571
0.0145,0.0405,75.3061
0.0155,0.0405,75.4671
0.0165,0.0405,75.6397
0.0175,0.0405,75.8228
0.0185,0.0405,76.0135
0.0195,0.0405,76.207
0.0205,0.0405,76.3965
0.0215,0.0405,76.5737
0.0225,0.0405,76.7302
0.0235,0.0405,76.8592
0.0245,0.0405,76.956
0.0255,0.0405,77.0182
0.0265,0.0405,77.0454
0.0275,0.0405,77.0386
0.0285,0.0405,76.9991
0.0295,0.0405,76.928
0.0305,0.0405,76.8261
0.0315,0.0405,76.6936
0.0325,0.0405,76.5297
0.0335,0.0405,76.3334
0.0345,0.0405,76.1031
0.0355,0.0405,75.8376
0.0365,0.0405,75.5365
0.0375,0.0405,75.2013
0.0385,0.0405,74.8355
0.0395,0.0405,74.4452
0.0405,0.0405,74.0383
0.0415,0.0405,73.623
0.0425,0.0405,73.2071
0.0435,0.0405,72.7968
0.0445,0.0405,72.396
0.0455,0.0405,72.0069
0.0465,0.0405,71.6304
0.0475,0.0405,71.2661
0.0485,0.0405,70.9133
0.0495,0.0405,70.5709
0.0505,0.0405,70.2382
0.0515,0.0405,69.9145
0.0525,0.0405,69.5991
0.0535,0.0405,69.2918
0.0545,0.0405,68.9924
0.0555,0.0405,68.7007
0.0565,0.0405,68.4169
0.0575,0.0405,68.1409
0.0585,0.0405,67.8727
0.0595,0.0405,67.6124
0.0605,0.0405,67.3599
0.0615,0.0405,67.1152
0.0625,0.0405,66.8783
0.0635,0.0405,66.6489
0.0645,0.0405,66.4271
0.0655,0.0405,66.2127
0.0665,0.0405,66.0056
0.0675,0.0405,65.8055
0.0685,0.0405,65.6123
0.0695,0.0405,65.4259
0.0705,0.0405,65.2462
0.0715,0.0405,65.0731
0.0725,0.0405,64.9063
0.0735,0.0405,64.7457
0.0745,0.0405,64.5914
0.0755,0.0405,64.4431
0.0765,0.0405,64.3008
0.0775,0.0405,64.1644
0.0785,0.0405,64.0339
0.0795,0.0405,63.9091
0.0805,0.0405,63.79
0.0815,0.0405,63.6765
0.0825,0.0405,63.5686
0.0835,0.0405,63.4663
0.0845,0.0405,63.3694
0.0855,0.0405,63.2779
0.0865,0.0405,63.1918
0.0875,0.0405,63.111
0.0885,0.0405,63.0354
0.0895,0.0405,62.965
0.0905,0.0405,62.8998
0.0915,0.0405,62.8396
0.0925,0.0405,62.7843
0.0935,0.0405,62.734
0.0945,0.0405,62.6886
0.0955,0.0405,62.6479
0.0965,0.0405,62.6119
0.0975,0.0405,62.5806
0.0985,0.0405,62.5537
0.0995,0.0405,62.5313
0.0005,0.0415,74.1703
0.0015,0.0415,74.1914
0.0025,0.0415,74.2176
0.0035,0.0415,74.2496
0.0045,0.0415,74.2882
0.0055,0.0415,74.3341
0.0065,0.0415,74.388
0.0075,0.0415,74.4508
0.0085,0.0415,74.5231
0.0095,0.0415,74.6053
0.0105,0.0415,74.6977
0.0115,0.0415,74.8006
0.0125,0.0415,74.9137
0.0135,0.0415,75.0371
0.0145,0.0415,75.1704
0.0155,0.0415,75.3132
0.0165,0.0415,75.4651
0.0175,0.0415,75.6245
0.0185,0.0415,75.7891
0.0195,0.0415,75.9546
0.0205,0.0415,76.1153
0.0215,0.0415,76.2643
0.0225,0.0415,76.3948
0.0235,0.0415,76.5007
0.0245,0.0415,76.5781
0.0255,0.0415,76.6246
0.0265,0.0415,76.6396
0.0275,0.0415,76.6237
0.0285,0.0415,76.5779
0.0295,0.0415,76.5032
0.0305,0.0415,76.4003
0.0315,0.0415,76.2692
0.0325,0.0415,76.1095
0.0335,0.0415,75.9202
0.0345,0.0415,75.7003
0.0355,0.0415,75.4487
0.0365,0.0415,75.1654
0.0375,0.0415,74.8519
0.0385,0.0415,74.5114
0.0395,0.0415,74.149
0.0405,0.0415,73.7711
0.0415,0.0415,73.3847
0.0425,0.0415,72.9962
0.0435,0.0415,72.6108
0.0445,0.0415,72.2322
0.0455,0.0415,71.8624
0.0465,0.0415,71.5024
0.0475,0.0415,71.1523
0.0485,0.0415,70.8118
0.0495,0.0415,70.4802
0.0505,0.0415,70.157
0.0515,0.0415,69.8417
0.0525,0.0415,69.5339
0.0535,0.0415,69.2334
0.0545,0.0415,68.9401
0.0555,0.0415,68.6539
0.0565,0.0415,68.375
0.0575,0.0415,68.1033
0.0585,0.0415,67.839
0.0595,0.0415,67.5821
0.0605,0.0415,67.3326
0.0615,0.0415,67.0907
0.0625,0.0415,66.8561
0.0635,0.0415,66.629
0.0645,0.0415,66.4092
0.0655,0.0415,66.1965
0.0665,0.0415,65.991
0.0675,0.0415,65.7924
0.0685,0.0415,65.6006
0.0695,0.0415,65.4155
0.0705,0.0415,65.2369
0.0715,0.0415,65.0648
0.0725,0.0415,64.899
0.0735,0.0415,64.7393
0.0745,0.0415,64.5857
0.0755,0.0415,64.4382
0.0765,0.0415,64.2965
0.0775,0.0415,64.1607
0.0785,0.0415,64.0306
0.0795,0.0415,63.9062
0.0805,0.0415,63.7875
0.0815,0.0415,63.6743
0.0825,0.0415,63.5667
0.0835,0.0415,63.4645
0.0845,0.0415,63.3678
0.0855,0.0415,63.2765
0.0865,0.0415,63.1904
0.0875,0.0415,63.1097
0.0885,0.0415,63.0341
0.0895,0.0415,62.9637
0.0905,0.0415,62.8984
0.0915,0.0415,62.8382
0.0925,0.0415,62.7829
0.0935,0.0415,62.7326
0.0945,0.0415,62.687
0.0955,0.0415,62.6463
0.0965,0.0415,62.6102
0.0975,0.0415,62.5788
0.0985,0.0415,62.5519
0.0995,0.0415,62.5294
0.0005,0.0425,74.1466
0.0015,0.0425,74.1636
0.0025,0.0425,74.1854
0.0035,0.0425,74.2126
0.0045,0.0425,74.2461
0.0055,0.0425,74.2865
0.0065,0.0425,74.3345
0.0075,0.0425,74.3908
0.0085,0.0425,74.4559
0.0095,0.0425,74.5302
0.0105,0.0425,74.6136
0.0115,0.0425,74.7062
0.0125,0.0425,74.8076
0.0135,0.0425,74.9173
0.0145,0.0425,75.0349
0.0155,0.0425,75.1599
0.0165,0.0425,75.2913
0.0175,0.0425,75.4278
0.0185,0.0425,75.5673
0.0195,0.0425,75.7061
0.0205,0.0425,75.8396
0.0215,0.0425,75.9621
0.0225,0.0425,76.0679
0.0235,0.0425,76.1522
0.0245,0.0425,76.2113
0.0255,0.0425,76.243
0.0265,0.0425,76.2466
0.0275,0.0425,76.2223
0.0285,0.0425,76.1708
0.0295,0.0425,76.0928
0.0305,0.0425,75.9888
0.0315,0.0425,75.859
0.0325,0.0425,75.7029
0.0335,0.0425,75.5201
0.0345,0.0425,75.3096
0.0355,0.0425,75.071
0.0365,0.0425,74.8045
0.0375,0.0425,74.5115
0.0385,0.0425,74.1948
0.0395,0.0425,73.8585
0.0405,0.0425,73.508
0.0415,0.0425,73.1489
0.0425,0.0425,72.7864
0.0435,0.0425,72.4248
0.0445,0.0425,72.0674
0.0455,0.0425,71.7162
0.0465,0.0425,71.3723
0.0475,0.0425,71.0362
0.0485,0.0425,70.7079
0.0495,0.0425,70.387
0.0505,0.0425,70.0733
0.0515,0.0425,69.7666
0.0525,0.0425,69.4665
0.0535,0.0425,69.1729
0.0545,0.0425,68.8859
0.0555,0.0425,68.6054
0.0565,0.0425,68.3315
0.0575,0.0425,68.0643
0.0585,0.0425,67.8041
0.0595,0.0425,67.5507
0.0605,0.0425,67.3045
0.0615,0.0425,67.0653
0.0625,0.0425,66.8333
0.0635,0.0425,66.6084
0.0645,0.0425,66.3906
0.0655,0.0425,66.1798
0.0665,0.0425,65.9759
0.0675,0.0425,65.7789
0.0685,0.0425,65.5885
0.0695,0.0425,65.4047
0.0705,0.0425,65.2274
0.0715,0.0425,65.0563
0.0725,0.0425,64.8915
0.0735,0.0425,64.7328
0.0745,0.0425,64.5801
0.0755,0.0425,64.4333
0.0765,0.0425,64.2923
0.0775,0.0425,64.1571
0.0785,0.0425,64.0276
0.0795,0.0425,63.9037
0.0805,0.0425,63.7853
0.0815,0.0425,63.6725
0.0825,0.0425,63.5652
0.0835,0.0425,63.4632
0.0845,0.0425,63.3667
0.0855,0.0425,63.2754
0.0865,0.0425,63.1895
0.0875,0.0425,63.1088
0.0885,0.0425,63.0332
0.0895,0.0425,62.9628
0.0905,0.0425,62.8975
0.0915,0.0425,62.8371
0.0925,0.0425,62.7818
0.0935,0.0425,62.7313
0.0945,0.0425,62.6857
0.0955,0.0425,62.6448
0.0965,0.0425,62.6086
0.0975,0.0425,62.5771
0.0985,0.0425,62.55
0.0995,0.0425,62.5275
0.0005,0.0435,74.1227
0.0015,0.0435,74.1355
0.0025,0.0435,74.1529
0.0035,0.0435,74.1754
0.0045,0.0435,74.2039
0.0055,0.0435,74.239
0.0065,0.0435,74.2814
0.0075,0.0435,74.3316
0.0085,0.0435,74.3898
0.0095,0.0435,74.4564
0.0105,0.0435,74.5311
0.0115,0.0435,74.6137
0.0125,0.0435,74.7035
0.0135,0.0435,74.8
0.0145,0.0435,74.9024
0.0155,0.0435,75.0101
0.0165,0.0435,75.1221
0.0175,0.0435,75.2372
0.0185,0.0435,75.3534
0.0195,0.0435,75.4677
0.0205,0.0435,75.5763
0.0215,0.0435,75.6746
0.0225,0.0435,75.758
0.0235,0.0435,75.8225
0.0245,0.0435,75.8649
0.0255,0.0435,75.8833
0.0265,0.0435,75.8767
0.0275,0.0435,75.8449
0.0285,0.0435,75.7884
0.0295,0.0435,75.7076
0.0305,0.0435,75.6028
0.0315,0.0435,75.4741
0.0325,0.0435,75.3214
0.0335,0.0435,75.1442
0.0345,0.0435,74.9424
0.0355,0.0435,74.7155
0.0365,0.0435,74.4642
0.0375,0.0435,74.1898
0.0385,0.0435,73.8945
0.0395,0.0435,73.582
0.0405,0.0435,73.2562
0.0415,0.0435,72.9219
0.0425,0.0435,72.583
0.0435,0.0435,72.2434
0.0445,0.0435,71.9056
0.0455,0.0435,71.5718
0.0465,0.0435,71.2432
0.0475,0.0435,70.9203
0.0485,0.0435,70.6036
0.0495,0.0435,70.2931
0.0505,0.0435,69.9886
0.0515,0.0435,69.6901
0.0525,0.0435,69.3976
0.0535,0.0435,69.1109
0.0545,0.0435,68.8302
0.0555,0.0435,68.5554
0.0565,0.0435,68.2867
0.0575,0.0435,68.0242
0.0585,0.0435,67.7681
0.0595,0.0435,67.5184
0.0605,0.0435,67.2755
0.0615,0.0435,67.0393
0.0625,0.0435,66.8098
0.0635,0.0435,66.5873
0.0645,0.0435,66.3716
0.0655,0.0435,66.1626
0.0665,0.0435,65.9605
0.0675,0.0435,65.765
0.0685,0.0435,65.5761
0.0695,0.0435,65.3936
0.0705,0.0435,65.2175
0.0715,0.0435,65.0476
0.0725,0.0435,64.8839
0.0735,0.0435,64.7262
0.0745,0.0435,64.5744
0.0755,0.0435,64.4284
0.0765,0.0435,64.2882
0.0775,0.0435,64.1536
0.0785,0.0435,64.0247
0.0795,0.0435,63.9013
0.0805,0.0435,63.7835
0.0815,0.0435,63.671
0.0825,0.0435,63.564
0.0835,0.0435,63.4623
0.0845,0.0435,63.3659
0.0855,0.0435,63.2748
0.0865,0.0435,63.189
0.0875,0.0435,63.1083
0.0885,0.0435,63.0327
0.0895,0.0435,62.9623
0.0905,0.0435,62.8969
0.0915,0.0435,62.8364
0.0925,0.0435,62.781
0.0935,0.0435,62.7304
0.0945,0.0435,62.6846
0.0955,0.0435,62.6435
0.0965,0.0435,62.6072
0.0975,0.0435,62.5754
0.0985,0.0435,62.5482
0.0995,0.0435,62.5254
0.0005,0.0445,74.0985
0.0015,0.0445,74.1072
0.0025,0.0445,74.1202
0.0035,0.0445,74.1383
0.0045,0.0445,74.1621
0.0055,0.0445,74.1922
0.0065,0.0445,74.2292
0.0075,0.0445,74.2735
0.0085,0.0445,74.3253
0.0095,0.0445,74.3845
0.0105,0.0445,74.4508
0.0115,0.0445,74.5237
0.0125,0.0445,74.6025
0.0135,0.0445,74.6863
0.0145,0.0445,74.7743
0.0155,0.0445,74.8658
0.0165,0.0445,74.9599
0.0175,0.0445,75.0553
0.0185,0.0445,75.1503
0.0195,0.0445,75.2426
0.0205,0.0445,75.329
0.0215,0.0445,75.4057
0.0225,0.0445,75.4692
0.0235,0.0445,75.5161
0.0245,0.0445,75.5436
0.0255,0.0445,75.5501
0.0265,0.0445,75.5343
0.0275,0.0445,75.496
0.0285,0.0445,75.4352
0.0295,0.0445,75.352
0.0305,0.0445,75.2467
0.0315,0.0445,75.1192
0.0325,0.0445,74.9696
0.0335,0.0445,74.7977
0.0345,0.0445,74.6035
0.0355,0.0445,74.3872
0.0365,0.0445,74.1494
0.0375,0.0445,73.8913
0.0385,0.0445,73.615
0.0395,0.0445,73.3233
0.0405,0.0445,73.0195
0.0415,0.0445,72.7071
0.0425,0.0445,72.3894
0.0435,0.0445,72.0695
0.0445,0.0445,71.7496
0.0455,0.0445,71.4318
0.0465,0.0445,71.1172
0.0475,0.0445,70.8067
0.0485,0.0445,70.5009
0.0495,0.0445,70.2
0.0505,0.0445,69.9043
0.0515,0.0445,69.6137
0.0525,0.0445,69.3284
0.0535,0.0445,69.0484
0.0545,0.0445,68.7738
0.0555,0.0445,68.5046
0.0565,0.0445,68.241
0.0575,0.0445,67.9832
0.0585,0.0445,67.7313
0.0595,0.0445,67.4855
0.0605,0.0445,67.2459
0.0615,0.0445,67.0127
0.0625,0.0445,66.7859
0.0635,0.0445,66.5657
0.0645,0.0445,66.3521
0.0655,0.0445,66.1451
0.0665,0.0445,65.9447
0.0675,0.0445,65.7508
0.0685,0.0445,65.5633
0.0695,0.0445,65.3822
0.0705,0.0445,65.2073
0.0715,0.0445,65.0387
0.0725,0.0445,64.876
0.0735,0.0445,64.7193
0.0745,0.0445,64.5685
0.0755,0.0445,64.4234
0.0765,0.0445,64.284
0.0775,0.0445,64.1502
0.0785,0.0445,64.0219
0.0795,0.0445,63.8991
0.0805,0.0445,63.7818
0.0815,0.0445,63.6697
0.0825,0.0445,63.5631
0.0835,0.0445,63.4617
0.0845,0.0445,63.3655
0.0855,0.0445,63.2746
0.0865,0.0445,63.1888
0.0875,0.0445,63.1082
0.0885,0.0445,63.0326
0.0895,0.0445,62.9621
0.0905,0.0445,62.8966
0.0915,0.0445,62.8361
0.0925,0.0445,62.7805
0.0935,0.0445,62.7297
0.0945,0.0445,62.6837
0.0955,0.0445,62.6424
0.0965,0.0445,62.6058
0.0975,0.0445,62.5739
0.0985,0.0445,62.5464
0.0995,0.0445,62.5234
0.0005,0.0455,74.0736
0.0015,0.0455,74.0783
0.0025,0.0455,74.0872
0.0035,0.0455,74.1011
0.0045,0.0455,74.1205
0.0055,0.0455,74.146
0.0065,0.0455,74.1781
0.0075,0.0455,74.2169
0.0085,0.0455,74.2625
0.0095,0.0455,74.3147
0.0105,0.0455,74.373
0.0115,0.0455,74.4366
0.0125,0.0455,74.5048
0.0135,0.0455,74.5766
0.0145,0.0455,74.6512
0.0155,0.0455,74.7277
0.0165,0.0455,74.8053
0.0175,0.0455,74.8829
0.0185,0.0455,74.9591
0.0195,0.0455,75.0319
0.0205,0.0455,75.0986
0.0215,0.0455,75.1564
0.0225,0.0455,75.2024
0.0235,0.0455,75.2337
0.0245,0.0455,75.2481
0.0255,0.0455,75.244
0.0265,0.0455,75.2202
0.0275,0.0455,75.1761
0.0285,0.0455,75.1116
0.0295,0.0455,75.0264
0.0305,0.0455,74.9207
0.0315,0.0455,74.7945
0.0325,0.0455,74.6478
0.0335,0.0455,74.4808
0.0345,0.0455,74.2935
0.0355,0.0455,74.0865
0.0365,0.0455,73.8605
0.0375,0.0455,73.6168
0.0385,0.0455,73.357
0.0395,0.0455,73.0834
0.0405,0.0455,72.7987
0.0415,0.0455,72.5056
0.0425,0.0455,72.2066
0.0435,0.0455,71.9042
0.0445,0.0455,71.6005
0.0455,0.0455,71.2971
0.0465,0.0455,70.9955
0.0475,0.0455,70.6965
0.0485,0.0455,70.4008
0.0495,0.0455,70.109
0.0505,0.0455,69.8215
0.0515,0.0455,69.5384
0.0525,0.0455,69.26
0.0535,0.0455,68.9863
0.0545,0.0455,68.7176
0.0555,0.0455,68.4539
0.0565,0.0455,68.1953
0.0575,0.0455,67.9421
0.0585,0.0455,67.6944
0.0595,0.0455,67.4524
0.0605,0.0455,67.2162
0.0615,0.0455,66.986
0.0625,0.0455,66.7619
0.0635,0.0455,66.5441
0.0645,0.0455,66.3326
0.0655,0.0455,66.1275
0.0665,0.0455,65.9288
0.0675,0.0455,65.7365
0.0685,0.0455,65.5504
0.0695,0.0455,65.3707
0.0705,0.0455,65.1971
0.0715,0.0455,65.0295
0.0725,0.0455,64.868
0.0735,0.0455,64.7123
0.0745,0.0455,64.5625
0.0755,0.0455,64.4183
0.0765,0.0455,64.2798
0.0775,0.0455,64.1467
0.0785,0.0455,64.0192
0.0795,0.0455,63.897
0.0805,0.0455,63.7802
0.0815,0.0455,63.6687
0.0825,0.0455,63.5624
0.0835,0.0455,63.4613
0.0845,0.0455,63.3654
0.0855,0.0455,63.2747
0.0865,0.0455,63.189
0.0875,0.0455,63.1085
0.0885,0.0455,63.0329
0.0895,0.0455,62.9624
0.0905,0.0455,62.8968
0.0915,0.0455,62.8361
0.0925,0.0455,62.7803
0.0935,0.0455,62.7293
0.0945,0.0455,62.6831
0.0955,0.0455,62.6416
0.0965,0.0455,62.6047
0.0975,0.0455,62.5725
0.0985,0.0455,62.5447
0.0995,0.0455,62.5214
0.0005,0.0465,74.0479
0.0015,0.0465,74.0487
0.0025,0.0465,74.0539
0.0035,0.0465,74.0638
0.0045,0.0465,74.0792
0.0055,0.0465,74.1004
0.0065,0.0465,74.1278
0.0075,0.0465,74.1615
0.0085,0.0465,74.2012
0.0095,0.0465,74.2468
0.0105,0.0465,74.2974
0.0115,0.0465,74.3522
0.0125,0.0465,74.4104
0.0135,0.0465,74.471
0.0145,0.0465,74.533
0.0155,0.0465,74.5958
0.0165,0.0465,74.6585
0.0175,0.0465,74.7202
0.0185,0.0465,74.7797
0.0195,0.0465,74.8353
0.0205,0.0465,74.8849
0.0215,0.0465,74.9263
0.0225,0.0465,74.9569
0.0235,0.0465,74.9746
0.0245,0.0465,74.9775
0.0255,0.0465,74.9639
0.0265,0.0465,74.933
0.0275,0.0465,74.8838
0.0285,0.0465,74.8159
0.0295,0.0465,74.729
0.0305,0.0465,74.6232
0.0315,0.0465,74.4982
0.0325,0.0465,74.3542
0.0335,0.0465,74.1915
0.0345,0.0465,74.0104
0.0355,0.0465,73.8116
0.0365,0.0465,73.596
0.0375,0.0465,73.3647
0.0385,0.0465,73.1192
0.0395,0.0465,72.8614
0.0405,0.0465,72.5932
0.0415,0.0465,72.3168
0.0425,0.0465,72.0343
0.0435,0.0465,71.7475
0.0445,0.0465,71.4583
0.0455,0.0465,71.1682
0.0465,0.0465,70.8784
0.0475,0.0465,70.59
0.0485,0.0465,70.3039
0.0495,0.0465,70.0207
0.0505,0.0465,69.7409
0.0515,0.0465,69.465
0.0525,0.0465,69.1931
0.0535,0.0465,68.9255
0.0545,0.0465,68.6624
0.0555,0.0465,68.4039
0.0565,0.0465,68.1502
0.0575,0.0465,67.9015
0.0585,0.0465,67.6579
0.0595,0.0465,67.4196
0.0605,0.0465,67.1868
0.0615,0.0465,66.9596
0.0625,0.0465,66.7383
0.0635,0.0465,66.5228
0.0645,0.0465,66.3135
0.0655,0.0465,66.1103
0.0665,0.0465,65.9132
0.0675,0.0465,65.7224
0.0685,0.0465,65.5377
0.0695,0.0465,65.3592
0.0705,0.0465,65.1868
0.0715,0.0465,65.0204
0.0725,0.0465,64.86
0.0735,0.0465,64.7053
0.0745,0.0465,64.5564
0.0755,0.0465,64.4132
0.0765,0.0465,64.2755
0.0775,0.0465,64.1433
0.0785,0.0465,64.0164
0.0795,0.0465,63.8949
0.0805,0.0465,63.7787
0.0815,0.0465,63.6677
0.0825,0.0465,63.5619
0.0835,0.0465,63.4612
0.0845,0.0465,63.3657
0.0855,0.0465,63.2751
0.0865,0.0465,63.1897
0.0875,0.0465,63.1092
0.0885,0.0465,63.0337
0.0895,0.0465,62.9631
0.0905,0.0465,62.8974
0.0915,0.0465,62.8366
0.0925,0.0465,62.7806
0.0935,0.0465,62.7294
0.0945,0.0465,62.6829
0.0955,0.0465,62.6411
0.0965,0.0465,62.604
0.0975,0.0465,62.5714
0.0985,0.0465,62.5433
0.0995,0.0465,62.5196
0.0005,0.0475,74.021
0.0015,0.0475,74.0184
0.0025,0.0475,74.02
0.0035,0.0475,74.0264
0.0045,0.0475,74.038
0.0055,0.0475,74.0553
0.0065,0.0475,74.0784
0.0075,0.0475,74.1072
0.0085,0.0475,74.1415
0.0095,0.0475,74.1806
0.0105,0.0475,74.224
0.0115,0.0475,74.2705
0.0125,0.0475,74.3193
0.0135,0.0475,74.3694
0.0145,0.0475,74.4199
0.0155,0.0475,74.4703
0.0165,0.0475,74.5196
0.0175,0.0475,74.5672
0.0185,0.0475,74.6119
0.0195,0.0475,74.6525
0.0205,0.0475,74.6872
0.0215,0.0475,74.7142
0.0225,0.0475,74.7316
0.0235,0.0475,74.7374
0.0245,0.0475,74.7301
0.0255,0.0475,74.7083
0.0265,0.0475,74.6709
0.0275,0.0475,74.6171
0.0285,0.0475,74.5462
0.0295,0.0475,74.4578
0.0305,0.0475,74.3517
0.0315,0.0475,74.2278
0.0325,0.0475,74.0863
0.0335,0.0475,73.9275
0.0345,0.0475,73.7519
0.0355,0.0475,73.5603
0.0365,0.0475,73.3537
0.0375,0.0475,73.1331
0.0385,0.0475,72.9
0.0395,0.0475,72.6557
0.0405,0.0475,72.4019
0.0415,0.0475,72.1401
0.0425,0.0475,71.872
0.0435,0.0475,71.5991
0.0445,0.0475,71.3229
0.0455,0.0475,71.0447
0.0465,0.0475,70.7659
0.0475,0.0475,70.4874
0.0485,0.0475,70.2103
0.0495,0.0475,69.9352
0.0505,0.0475,69.6628
0.0515,0.0475,69.3936
0.0525,0.0475,69.128
0.0535,0.0475,68.8662
0.0545,0.0475,68.6085
0.0555,0.0475,68.3551
0.0565,0.0475,68.1061
0.0575,0.0475,67.8618
0.0585,0.0475,67.6222
0.0595,0.0475,67.3876
0.0605,0.0475,67.1582
0.0615,0.0475,66.9341
0.0625,0.0475,66.7154
0.0635,0.0475,66.5024
0.0645,0.0475,66.2951
0.0655,0.0475,66.0938
0.0665,0.0475,65.8983
0.0675,0.0475,65.709
0.0685,0.0475,65.5257
0.0695,0.0475,65.3484
0.0705,0.0475,65.1771
0.0715,0.0475,65.0117
0.0725,0.0475,64.8522
0.0735,0.0475,64.6986
0.0745,0.0475,64.5506
0.0755,0.0475,64.4082
0.0765,0.0475,64.2713
0.0775,0.0475,64.1399
0.0785,0.0475,64.0138
0.0795,0.0475,63.893
0.0805,0.0475,63.7774
0.0815,0.0475,63.667
0.0825,0.0475,63.5617
0.0835,0.0475,63.4614
0.0845,0.0475,63.3662
0.0855,0.0475,63.2759
0.0865,0.0475,63.1907
0.0875,0.0475,63.1103
0.0885,0.0475,63.0349
0.0895,0.0475,62.9643
0.0905,0.0475,62.8985
0.0915,0.0475,62.8376
0.0925,0.0475,62.7814
0.0935,0.0475,62.73
0.0945,0.0475,62.6832
0.0955,0.0475,62.6411
0.0965,0.0475,62.6036
0.0975,0.0475,62.5706
0.0985,0.0475,62.5421
0.0995,0.0475,62.518
0.0005,0.0485,73.9929
0.0015,0.0485,73.9871
0.0025,0.0485,73.9856
0.0035,0.0485,73.9888
0.0045,0.0485,73.9971
0.0055,0.0485,74.0108
0.0065,0.0485,74.0299
0.0075,0.0485,74.0542
0.0085,0.0485,74.0833
0.0095,0.0485,74.1165
0.0105,0.0485,74.1529
0.0115,0.0485,74.1916
0.0125,0.0485,74.2316
0.0135,0.0485,74.2721
0.0145,0.0485,74.3122
0.0155,0.0485,74.3513
0.0165,0.0485,74.3887
0.0175,0.0485,74.4238
0.0185,0.0485,74.4556
0.0195,0.0485,74.4831
0.0205,0.0485,74.5049
0.0215,0.0485,74.5195
0.0225,0.0485,74.5254
0.0235,0.0485,74.5209
0.0245,0.0485,74.5047
0.0255,0.0485,74.4756
0.0265,0.0485,74.4324
0.0275,0.0485,74.3744
0.0285,0.0485,74.3007
0.0295,0.0485,74.2109
0.0305,0.0485,74.1045
0.0315,0.0485,73.9816
0.0325,0.0485,73.8423
0.0335,0.0485,73.6869
0.0345,0.0485,73.5161
0.0355,0.0485,73.3308
0.0365,0.0485,73.1319
0.0375,0.0485,72.9206
0.0385,0.0485,72.698
0.0395,0.0485,72.4654
0.0405,0.0485,72.2239
0.0415,0.0485,71.9748
0.0425,0.0485,71.7192
0.0435,0.0485,71.4585
0.0445,0.0485,71.194
0.0455,0.0485,70.9267
0.0465,0.0485,70.6579
0.0475,0.0485,70.3886
0.0485,0.0485,70.1199
0.0495,0.0485,69.8525
0.0505,0.0485,69.5872
0.0515,0.0485,69.3245
0.0525,0.0485,69.0649
0.0535,0.0485,68.8087
0.0545,0.0485,68.5562
0.0555,0.0485,68.3077
0.0565,0.0485,68.0634
0.0575,0.0485,67.8233
0.0585,0.0485,67.5878
0.0595,0.0485,67.3568
0.0605,0.0485,67.1307
0.0615,0.0485,66.9096
0.0625,0.0485,66.6937
0.0635,0.0485,66.4831
0.0645,0.0485,66.2779
0.0655,0.0485,66.0784
0.0665,0.0485,65.8846
0.0675,0.0485,65.6967
0.0685,0.0485,65.5146
0.0695,0.0485,65.3384
0.0705,0.0485,65.1682
0.0715,0.0485,65.0038
0.0725,0.0485,64.8452
0.0735,0.0485,64.6924
0.0745,0.0485,64.5452
0.0755,0.0485,64.4036
0.0765,0.0485,64.2675
0.0775,0.0485,64.1368
0.0785,0.0485,64.0115
0.0795,0.0485,63.8913
0.0805,0.0485,63.7764
0.0815,0.0485,63.6665
0.0825,0.0485,63.5617
0.0835,0.0485,63.4619
0.0845,0.0485,63.3671
0.0855,0.0485,63.2772
0.0865,0.0485,63.1921
0.0875,0.0485,63.1119
0.0885,0.0485,63.0365
0.0895,0.0485,62.966
0.0905,0.0485,62.9002
0.0915,0.0485,62.8391
0.0925,0.0485,62.7828
0.0935,0.0485,62.7311
0.0945,0.0485,62.6841
0.0955,0.0485,62.6416
0.0965,0.0485,62.6038
0.0975,0.0485,62.5704
0.0985,0.0485,62.5414
0.0995,0.0485,62.5169
0.0005,0.0495,73.9638
0.0015,0.0495,73.9553
0.0025,0.0495,73.951
0.0035,0.0495,73.9513
0.0045,0.0495,73.9567
0.0055,0.0495,73.9672
0.0065,0.0495,73.9827
0.0075,0.0495,74.0028
0.0085,0.0495,74.027
0.0095,0.0495,74.0546
0.0105,0.0495,74.0846
0.0115,0.0495,74.1161
0.0125,0.0495,74.148
0.0135,0.0495,74.1797
0.0145,0.0495,74.2103
0.0155,0.0495,74.2393
0.0165,0.0495,74.2662
0.0175,0.0495,74.2903
0.0185,0.0495,74.3109
0.0195,0.0495,74.3271
0.0205,0.0495,74.3378
0.0215,0.0495,74.3417
0.0225,0.0495,74.3376
0.0235,0.0495,74.3242
0.0245,0.0495,74.3002
0.0255,0.0495,74.2647
0.0265,0.0495,74.2164
0.0275,0.0495,74.1545
0.0285,0.0495,74.0783
0.0295,0.0495,73.987
0.0305,0.0495,73.8804
0.0315,0.0495,73.7582
0.0325,0.0495,73.6207
0.0335,0.0495,73.4682
0.0345,0.0495,73.3016
0.0355,0.0495,73.1217
0.0365,0.0495,72.9295
0.0375,0.0495,72.7261
0.0385,0.0495,72.5126
0.0395,0.0495,72.2898
0.0405,0.0495,72.0589
0.0415,0.0495,71.8206
0.0425,0.0495,71.576
0.0435,0.0495,71.3261
0.0445,0.0495,71.0718
0.0455,0.0495,70.8143
0.0465,0.0495,70.5546
0.0475,0.0495,70.2939
0.0485,0.0495,70.033
0.0495,0.0495,69.7729
0.0505,0.0495,69.5142
0.0515,0.0495,69.2577
0.0525,0.0495,69.0039
0.0535,0.0495,68.7531
0.0545,0.0495,68.5057
0.0555,0.0495,68.2619
0.0565,0.0495,68.022
0.0575,0.0495,67.7862
0.0585,0.0495,67.5545
0.0595,0.0495,67.3273
0.0605,0.0495,67.1045
0.0615,0.0495,66.8865
0.0625,0.0495,66.6733
0.0635,0.0495,66.4651
0.0645,0.0495,66.2622
0.0655,0.0495,66.0646
0.0665,0.0495,65.8724
0.0675,0.0495,65.6859
0.0685,0.0495,65.505
0.0695,0.0495,65.3299
0.0705,0.0495,65.1606
0.0715,0.0495,64.997
0.0725,0.0495,64.8392
0.0735,0.0495,64.6871
0.0745,0.0495,64.5407
0.0755,0.0495,64.3998
0.0765,0.0495,64.2644
0.0775,0.0495,64.1344
0.0785,0.0495,64.0096
0.0795,0.0495,63.8902
0.0805,0.0495,63.7758
0.0815,0.0495,63.6665
0.0825,0.0495,63.5622
0.0835,0.0495,63.4629
0.0845,0.0495,63.3684
0.0855,0.0495,63.2788
0.0865,0.0495,63.194
0.0875,0.0495,63.1141
0.0885,0.0495,63.0388
0.0895,0.0495,62.9683
0.0905,0.0495,62.9025
0.0915,0.0495,62.8413
0.0925,0.0495,62.7848
0.0935,0.0495,62.7329
0.0945,0.0495,62.6856
0.0955,0.0495,62.6428
0.0965,0.0495,62.6046
0.0975,0.0495,62.5708
0.0985,0.0495,62.5414
0.0995,0.0495,62.5163
0.0005,0.0505,73.9341
0.0015,0.0505,73.9232
0.0025,0.0505,73.9166
0.0035,0.0505,73.9147
0.0045,0.0505,73.9175
0.0055,0.0505,73.9251
0.0065,0.0505,73.9373
0.0075,0.0505,73.9536
0.0085,0.0505,73.9734
0.0095,0.0505,73.9957
0.0105,0.0505,74.0198
0.0115,0.0505,74.0446
0.0125,0.0505,74.0692
0.0135,0.0505,74.0929
0.0145,0.0505,74.115
0.0155,0.0505,74.1351
0.0165,0.0505,74.1527
0.0175,0.0505,74.1672
0.0185,0.0505,74.1781
0.0195,0.0505,74.1845
0.0205,0.0505,74.1856
0.0215,0.0505,74.1804
0.0225,0.0505,74.1678
0.0235,0.0505,74.1467
0.0245,0.0505,74.116
0.0255,0.0505,74.0748
0.0265,0.0505,74.022
0.0275,0.0505,73.9566
0.0285,0.0505,73.878
0.0295,0.0505,73.7853
0.0305,0.0505,73.6782
0.0315,0.0505,73.5566
0.0325,0.0505,73.4206
0.0335,0.0505,73.2707
0.0345,0.0505,73.1076
0.0355,0.0505,72.9323
0.0365,0.0505,72.7458
0.0375,0.0505,72.5491
0.0385,0.0505,72.3432
0.0395,0.0505,72.1289
0.0405,0.0505,71.9069
0.0415,0.0505,71.678
0.0425,0.0505,71.4428
0.0435,0.0505,71.2021
0.0445,0.0505,70.957
0.0455,0.0505,70.7082
0.0465,0.0505,70.4567
0.0475,0.0505,70.2037
0.0485,0.0505,69.9501
0.0495,0.0505,69.6967
0.0505,0.0505,69.4443
0.0515,0.0505,69.1937
0.0525,0.0505,68.9453
0.0535,0.0505,68.6996
0.0545,0.0505,68.4571
0.0555,0.0505,68.2179
0.0565,0.0505,67.9823
0.0575,0.0505,67.7505
0.0585,0.0505,67.5227
0.0595,0.0505,67.299
0.0605,0.0505,67.0795
0.0615,0.0505,66.8646
0.0625,0.0505,66.6542
0.0635,0.0505,66.4486
0.0645,0.0505,66.2479
0.0655,0.0505,66.0522
0.0665,0.0505,65.8618
0.0675,0.0505,65.6767
0.0685,0.0505,65.4971
0.0695,0.0505,65.3231
0.0705,0.0505,65.1546
0.0715,0.0505,64.9919
0.0725,0.0505,64.8348
0.0735,0.0505,64.6833
0.0745,0.0505,64.5374
0.0755,0.0505,64.3971
0.0765,0.0505,64.2623
0.0775,0.0505,64.1328
0.0785,0.0505,64.0086
0.0795,0.0505,63.8897
0.0805,0.0505,63.7759
0.0815,0.0505,63.6671
0.0825,0.0505,63.5633
0.0835,0.0505,63.4644
0.0845,0.0505,63.3704
0.0855,0.0505,63.2811
0.0865,0.0505,63.1966
0.0875,0.0505,63.1168
0.0885,0.0505,63.0417
0.0895,0.0505,62.9713
0.0905,0.0505,62.9055
0.0915,0.0505,62.8442
0.0925,0.0505,62.7876
0.0935,0.0505,62.7355
0.0945,0.0505,62.6879
0.0955,0.0505,62.6448
0.0965,0.0505,62.6062
0.0975,0.0505,62.5719
0.0985,0.0505,62.5421
0.0995,0.0505,62.5165
0.0005,0.0515,73.9045
0.0015,0.0515,73.8918
0.0025,0.0515,73.8834
0.0035,0.0515,73.8795
0.0045,0.0515,73.8802
0.0055,0.0515,73.8854
0.0065,0.0515,73.8946
0.0075,0.0515,73.9075
0.0085,0.0515,73.9231
0.0095,0.0515,73.9407
0.0105,0.0515,73.9593
0.0115,0.0515,73.978
0.0125,0.0515,73.996
0.0135,0.0515,74.0126
0.0145,0.0515,74.0272
0.0155,0.0515,74.0394
0.0165,0.0515,74.0489
0.0175,0.0515,74.0551
0.0185,0.0515,74.0576
0.0195,0.0515,74.0556
0.0205,0.0515,74.0485
0.0215,0.0515,74.0355
0.0225,0.0515,74.0156
0.0235,0.0515,73.9879
0.0245,0.0515,73.9515
0.0255,0.0515,73.9053
0.0265,0.0515,73.8485
0.0275,0.0515,73.78
0.0285,0.0515,73.6991
0.0295,0.0515,73.6051
0.0305,0.0515,73.4975
0.0315,0.0515,73.3762
0.0325,0.0515,73.2414
0.0335,0.0515,73.0936
0.0345,0.0515,72.9335
0.0355,0.0515,72.7621
0.0365,0.0515,72.5804
0.0375,0.0515,72.3894
0.0385,0.0515,72.1899
0.0395,0.0515,71.9826
0.0405,0.0515,71.7682
0.0415,0.0515,71.5471
0.0425,0.0515,71.32
0.0435,0.0515,71.0874
0.0445,0.0515,70.8501
0.0455,0.0515,70.609
0.0465,0.0515,70.3649
0.0475,0.0515,70.1188
0.0485,0.0515,69.8717
0.0495,0.0515,69.6245
0.0505,0.0515,69.378
0.0515,0.0515,69.1328
0.0525,0.0515,68.8895
0.0535,0.0515,68.6487
0.0545,0.0515,68.4107
0.0555,0.0515,68.1758
0.0565,0.0515,67.9443
0.0575,0.0515,67.7164
0.0585,0.0515,67.4922
0.0595,0.0515,67.272
0.0605,0.0515,67.0559
0.0615,0.0515,66.8439
0.0625,0.0515,66.6364
0.0635,0.0515,66.4333
0.0645,0.0515,66.2349
0.0655,0.0515,66.0414
0.0665,0.0515,65.8527
0.0675,0.0515,65.6692
0.0685,0.0515,65.491
0.0695,0.0515,65.318
0.0705,0.0515,65.1505
0.0715,0.0515,64.9885
0.0725,0.0515,64.8321
0.0735,0.0515,64.6812
0.0745,0.0515,64.5358
0.0755,0.0515,64.396
0.0765,0.0515,64.2615
0.0775,0.0515,64.1325
0.0785,0.0515,64.0088
0.0795,0.0515,63.8903
0.0805,0.0515,63.7769
0.0815,0.0515,63.6686
0.0825,0.0515,63.5652
0.0835,0.0515,63.4667
0.0845,0.0515,63.373
0.0855,0.0515,63.2841
0.0865,0.0515,63.1999
0.0875,0.0515,63.1203
0.0885,0.0515,63.0454
0.0895,0.0515,62.9751
0.0905,0.0515,62.9093
0.0915,0.0515,62.848
0.0925,0.0515,62.7912
0.0935,0.0515,62.739
0.0945,0.0515,62.6911
0.0955,0.0515,62.6477
0.0965,0.0515,62.6087
0.0975,0.0515,62.574
0.0985,0.0515,62.5437
0.0995,0.0515,62.5176
0.0005,0.0525,73.8758
0.0015,0.0525,73.8618
0.0025,0.0525,73.852
0.0035,0.0525,73.8467
0.0045,0.0525,73.8457
0.0055,0.0525,73.8488
0.0065,0.0525,73.8555
0.0075,0.0525,73.8652
0.0085,0.0525,73.8772
0.0095,0.0525,73.8904
0.0105,0.0525,73.9041
0.0115,0.0525,73.9173
0.0125,0.0525,73.9293
0.0135,0.0525,73.9395
0.0145,0.0525,73.9475
0.0155,0.0525,73.9529
0.0165,0.0525,73.9553
0.0175,0.0525,73.9544
0.0185,0.0525,73.9496
0.0195,0.0525,73.9405
0.0205,0.0525,73.9265
0.0215,0.0525,73.9068
0.0225,0.0525,73.8807
0.0235,0.0525,73.8474
0.0245,0.0525,73.806
0.0255,0.0525,73.7556
0.0265,0.0525,73.6951
0.0275,0.0525,73.6239
0.0285,0.0525,73.5409
0.0295,0.0525,73.4456
0.0305,0.0525,73.3374
0.0315,0.0525,73.2163
0.0325,0.0525,73.0824
0.0335,0.0525,72.9363
0.0345,0.0525,72.7787
0.0355,0.0525,72.6106
0.0365,0.0525,72.4329
0.0375,0.0525,72.2467
0.0385,0.0525,72.0525
0.0395,0.0525,71.8512
0.0405,0.0525,71.6431
0.0415,0.0525,71.4286
0.0425,0.0525,71.2083
0.0435,0.0525,70.9825
0.0445,0.0525,70.752
0.0455,0.0525,70.5175
0.0465,0.0525,70.2799
0.0475,0.0525,70.04
0.0485,0.0525,69.7989
0.0495,0.0525,69.5572
0.0505,0.0525,69.316
0.0515,0.0525,69.0758
0.0525,0.0525,68.8372
0.0535,0.0525,68.6009
0.0545,0.0525,68.3671
0.0555,0.0525,68.1362
0.0565,0.0525,67.9085
0.0575,0.0525,67.6842
0.0585,0.0525,67.4636
0.0595,0.0525,67.2466
0.0605,0.0525,67.0336
0.0615,0.0525,66.8246
0.0625,0.0525,66.6198
0.0635,0.0525,66.4193
0.0645,0.0525,66.2232
0.0655,0.0525,66.0318
0.0665,0.0525,65.8451
0.0675,0.0525,65.6632
0.0685,0.0525,65.4864
0.0695,0.0525,65.3147
0.0705,0.0525,65.1482
0.0715,0.0525,64.987
0.0725,0.0525,64.8313
0.0735,0.0525,64.6809
0.0745,0.0525,64.536
0.0755,0.0525,64.3966
0.0765,0.0525,64.2625
0.0775,0.0525,64.1338
0.0785,0.0525,64.0104
0.0795,0.0525,63.8922
0.0805,0.0525,63.7792
0.0815,0.0525,63.6712
0.0825,0.0525,63.5682
0.0835,0.0525,63.47
0.0845,0.0525,63.3766
0.0855,0.0525,63.288
0.0865,0.0525,63.2041
0.0875,0.0525,63.1247
0.0885,0.0525,63.05
0.0895,0.0525,62.9797
0.0905,0.0525,62.914
0.0915,0.0525,62.8527
0.0925,0.0525,62.7959
0.0935,0.0525,62.7434
0.0945,0.0525,62.6953
0.0955,0.0525,62.6516
0.0965,0.0525,62.6122
0.0975,0.0525,62.5771
0.0985,0.0525,62.5463
0.0995,0.0525,62.5197
0.0005,0.0535,73.849
0.0015,0.0535,73.8342
0.0025,0.0535,73.8235
0.0035,0.0535,73.8172
0.0045,0.0535,73.8149
0.0055,0.0535,73.8162
0.0065,0.0535,73.8208
0.0075,0.0535,73.8277
0.0085,0.0535,73.8363
0.0095,0.0535,73.8456
0.0105,0.0535,73.8548
0.0115,0.0535,73.8632
0.0125,0.0535,73.8699
0.0135,0.0535,73.8746
0.0145,0.0535,73.8768
0.0155,0.0535,73.8762
0.0165,0.0535,73.8725
0.0175,0.0535,73.8654
0.0185,0.0535,73.8545
0.0195,0.0535,73.8393
0.0205,0.0535,73.8194
0.0215,0.0535,73.7941
0.0225,0.0535,73.7628
0.0235,0.0535,73.7247
0.0245,0.0535,73.679
0.0255,0.0535,73.6248
0.0265,0.0535,73.5613
0.0275,0.0535,73.4875
0.0285,0.0535,73.4026
0.0295,0.0535,73.306
0.0305,0.0535,73.1973
0.0315,0.0535,73.0762
0.0325,0.0535,72.9431
0.0335,0.0535,72.7983
0.0345,0.0535,72.6428
0.0355,0.0535,72.4774
0.0365,0.0535,72.3031
0.0375,0.0535,72.1207
0.0385,0.0535,71.931
0.0395,0.0535,71.7345
0.0405,0.0535,71.5316
0.0415,0.0535,71.3227
0.0425,0.0535,71.108
0.0435,0.0535,70.8881
0.0445,0.0535,70.6633
0.0455,0.0535,70.4346
0.0465,0.0535,70.2025
0.0475,0.0535,69.9681
0.0485,0.0535,69.7321
0.0495,0.0535,69.4955
0.0505,0.0535,69.259
0.0515,0.0535,69.0233
0.0525,0.0535,68.789
0.0535,0.0535,68.5567
0.0545,0.0535,68.3268
0.0555,0.0535,68.0996
0.0565,0.0535,67.8755
0.0575,0.0535,67.6545
0.0585,0.0535,67.437
0.0595,0.0535,67.2231
0.0605,0.0535,67.013
0.0615,0.0535,66.8067
0.0625,0.0535,66.6045
0.0635,0.0535,66.4065
0.0645,0.0535,66.2127
0.0655,0.0535,66.0234
0.0665,0.0535,65.8386
0.0675,0.0535,65.6585
0.0685,0.0535,65.4832
0.0695,0.0535,65.3128
0.0705,0.0535,65.1474
0.0715,0.0535,64.9872
0.0725,0.0535,64.8322
0.0735,0.0535,64.6825
0.0745,0.0535,64.5381
0.0755,0.0535,64.399
0.0765,0.0535,64.2653
0.0775,0.0535,64.1369
0.0785,0.0535,64.0137
0.0795,0.0535,63.8958
0.0805,0.0535,63.783
0.0815,0.0535,63.6752
0.0825,0.0535,63.5724
0.0835,0.0535,63.4745
0.0845,0.0535,63.3814
0.0855,0.0535,63.2931
0.0865,0.0535,63.2093
0.0875,0.0535,63.1302
0.0885,0.0535,63.0556
0.0895,0.0535,62.9854
0.0905,0.0535,62.9198
0.0915,0.0535,62.8585
0.0925,0.0535,62.8015
0.0935,0.0535,62.749
0.0945,0.0535,62.7007
0.0955,0.0535,62.6567
0.0965,0.0535,62.6169
0.0975,0.0535,62.5814
0.0985,0.0535,62.5501
0.0995,0.0535,62.523
0.0005,0.0545,73.8251
0.0015,0.0545,73.81
0.0025,0.0545,73.799
0.0035,0.0545,73.7919
0.0045,0.0545,73.7886
0.0055,0.0545,73.7886
0.0065,0.0545,73.7913
0.0075,0.0545,73.7958
0.0085,0.0545,73.8014
0.0095,0.0545,73.8072
0.0105,0.0545,73.8124
0.0115,0.0545,73.8163
0.0125,0.0545,73.8185
0.0135,0.0545,73.8183
0.0145,0.0545,73.8154
0.0155,0.0545,73.8097
0.0165,0.0545,73.8007
0.0175,0.0545,73.7884
0.0185,0.0545,73.7722
0.0195,0.0545,73.7519
0.0205,0.0545,73.727
0.0215,0.0545,73.697
0.0225,0.0545,73.6612
0.0235,0.0545,73.6191
0.0245,0.0545,73.5697
0.0255,0.0545,73.5123
0.0265,0.0545,73.4461
0.0275,0.0545,73.37
0.0285,0.0545,73.2834
0.0295,0.0545,73.1856
0.0305,0.0545,73.0762
0.0315,0.0545,72.9551
0.0325,0.0545,72.8225
0.0335,0.0545,72.6788
0.0345,0.0545,72.525
0.0355,0.0545,72.3618
0.0365,0.0545,72.1902
0.0375,0.0545,72.0111
0.0385,0.0545,71.825
0.0395,0.0545,71.6326
0.0405,0.0545,71.434
0.0415,0.0545,71.2296
0.0425,0.0545,71.0196
0.0435,0.0545,70.8044
0.0445,0.0545,70.5846
0.0455,0.0545,70.3606
0.0465,0.0545,70.1334
0.0475,0.0545,69.9036
0.0485,0.0545,69.6722
0.0495,0.0545,69.4399
0.0505,0.0545,69.2076
0.0515,0.0545,68.976
0.0525,0.0545,68.7456
0.0535,0.0545,68.517
0.0545,0.0545,68.2905
0.0555,0.0545,68.0667
0.0565,0.0545,67.8457
0.0575,0.0545,67.6277
0.0585,0.0545,67.4131
0.0595,0.0545,67.202
0.0605,0.0545,66.9945
0.0615,0.0545,66.7908
0.0625,0.0545,66.591
0.0635,0.0545,66.3952
0.0645,0.0545,66.2036
0.0655,0.0545,66.0163
0.0665,0.0545,65.8333
0.0675,0.0545,65.6549
0.0685,0.0545,65.4812
0.0695,0.0545,65.3122
0.0705,0.0545,65.148
0.0715,0.0545,64.9889
0.0725,0.0545,64.8347
0.0735,0.0545,64.6857
0.0745,0.0545,64.5419
0.0755,0.0545,64.4033
0.0765,0.0545,64.2699
0.0775,0.0545,64.1418
0.0785,0.0545,64.0188
0.0795,0.0545,63.9011
0.0805,0.0545,63.7884
0.0815,0.0545,63.6809
0.0825,0.0545,63.5782
0.0835,0.0545,63.4805
0.0845,0.0545,63.3876
0.0855,0.0545,63.2994
0.0865,0.0545,63.2158
0.0875,0.0545,63.1368
0.0885,0.0545,63.0623
0.0895,0.0545,62.9923
0.0905,0.0545,62.9267
0.0915,0.0545,62.8654
0.0925,0.0545,62.8084
0.0935,0.0545,62.7557
0.0945,0.0545,62.7072
0.0955,0.0545,62.663
0.0965,0.0545,62.6229
0.0975,0.0545,62.587
0.0985,0.0545,62.5552
0.0995,0.0545,62.5276
0.0005,0.0555,73.8051
0.0015,0.0555,73.7901
0.0025,0.0555,73.7791
0.0035,0.0555,73.7717
0.0045,0.0555,73.7678
0.0055,0.0555,73.7666
0.0065,0.0555,73.7676
0.0075,0.0555,73.77
0.0085,0.0555,73.7729
0.0095,0.0555,73.7756
0.0105,0.0555,73.7773
0.0115,0.0555,73.7774
0.0125,0.0555,73.7754
0.0135,0.0555,73.7709
0.0145,0.0555,73.7637
0.0155,0.0555,73.7536
0.0165,0.0555,73.7401
0.0175,0.0555,73.7233
0.0185,0.0555,73.7027
0.0195,0.0555,73.6781
0.0205,0.0555,73.649
0.0215,0.0555,73.615
0.0225,0.0555,73.5755
0.0235,0.0555,73.5298
0.0245,0.0555,73.4774
0.0255,0.0555,73.4172
0.0265,0.0555,73.3485
0.0275,0.0555,73.2705
0.0285,0.0555,73.1823
0.0295,0.0555,73.0834
0.0305,0.0555,72.9733
0.0315,0.0555,72.8521
0.0325,0.0555,72.7198
0.0335,0.0555,72.577
0.0345,0.0555,72.4245
0.0355,0.0555,72.2632
0.0365,0.0555,72.0939
0.0375,0.0555,71.9173
0.0385,0.0555,71.7342
0.0395,0.0555,71.545
0.0405,0.0555,71.3499
0.0415,0.0555,71.1492
0.0425,0.0555,70.943
0.0435,0.0555,70.7318
0.0445,0.0555,70.516
0.0455,0.0555,70.2961
0.0465,0.0555,70.0729
0.0475,0.0555,69.8471
0.0485,0.0555,69.6196
0.0495,0.0555,69.3911
0.0505,0.0555,69.1625
0.0515,0.0555,68.9344
0.0525,0.0555,68.7074
0.0535,0.0555,68.482
0.0545,0.0555,68.2587
0.0555,0.0555,68.0378
0.0565,0.0555,67.8197
0.0575,0.0555,67.6045
0.0585,0.0555,67.3924
0.0595,0.0555,67.1837
0.0605,0.0555,66.9786
0.0615,0.0555,66.7771
0.0625,0.0555,66.5794
0.0635,0.0555,66.3857
0.0645,0.0555,66.196
0.0655,0.0555,66.0105
0.0665,0.0555,65.8294
0.0675,0.0555,65.6526
0.0685,0.0555,65.4803
0.0695,0.0555,65.3127
0.0705,0.0555,65.1498
0.0715,0.0555,64.9917
0.0725,0.0555,64.8386
0.0735,0.0555,64.6903
0.0745,0.0555,64.5472
0.0755,0.0555,64.4091
0.0765,0.0555,64.2762
0.0775,0.0555,64.1483
0.0785,0.0555,64.0257
0.0795,0.0555,63.9081
0.0805,0.0555,63.7956
0.0815,0.0555,63.6881
0.0825,0.0555,63.5856
0.0835,0.0555,63.488
0.0845,0.0555,63.3952
0.0855,0.0555,63.3071
0.0865,0.0555,63.2236
0.0875,0.0555,63.1448
0.0885,0.0555,63.0704
0.0895,0.0555,63.0004
0.0905,0.0555,62.9348
0.0915,0.0555,62.8735
0.0925,0.0555,62.8165
0.0935,0.0555,62.7637
0.0945,0.0555,62.715
0.0955,0.0555,62.6706
0.0965,0.0555,62.6302
0.0975,0.0555,62.5939
0.0985,0.0555,62.5617
0.0995,0.0555,62.5335
0.0005,0.0565,73.7899
0.0015,0.0565,73.7754
0.0025,0.0565,73.7646
0.0035,0.0565,73.7573
0.0045,0.0565,73.7528
0.0055,0.0565,73.7508
0.0065,0.0565,73.7504
0.0075,0.0565,73.7508
0.0085,0.0565,73.7513
0.0095,0.0565,73.7512
0.0105,0.0565,73.7498
0.0115,0.0565,73.7465
0.0125,0.0565,73.741
0.0135,0.0565,73.7328
0.0145,0.0565,73.7219
0.0155,0.0565,73.7079
0.0165,0.0565,73.6907
0.0175,0.0565,73.67
0.0185,0.0565,73.6457
0.0195,0.0565,73.6174
0.0205,0.0565,73.5848
0.0215,0.0565,73.5474
0.0225,0.0565,73.5048
0.0235,0.0565,73.4562
0.0245,0.0565,73.401
0.0255,0.0565,73.3385
0.0265,0.0565,73.2677
0.0275,0.0565,73.1879
0.0285,0.0565,73.0982
0.0295,0.0565,72.9983
0.0305,0.0565,72.8876
0.0315,0.0565,72.7661
0.0325,0.0565,72.634
0.0335,0.0565,72.4919
0.0345,0.0565,72.3405
0.0355,0.0565,72.1806
0.0365,0.0565,72.0131
0.0375,0.0565,71.8387
0.0385,0.0565,71.658
0.0395,0.0565,71.4713
0.0405,0.0565,71.2791
0.0415,0.0565,71.0813
0.0425,0.0565,70.8783
0.0435,0.0565,70.6703
0.0445,0.0565,70.4577
0.0455,0.0565,70.2412
0.0465,0.0565,70.0213
0.0475,0.0565,69.7989
0.0485,0.0565,69.5747
0.0495,0.0565,69.3495
0.0505,0.0565,69.124
0.0515,0.0565,68.899
0.0525,0.0565,68.675
0.0535,0.0565,68.4525
0.0545,0.0565,68.2319
0.0555,0.0565,68.0137
0.0565,0.0565,67.798
0.0575,0.0565,67.5852
0.0585,0.0565,67.3754
0.0595,0.0565,67.1689
0.0605,0.0565,66.9658
0.0615,0.0565,66.7663
0.0625,0.0565,66.5705
0.0635,0.0565,66.3785
0.0645,0.0565,66.1905
0.0655,0.0565,66.0066
0.0665,0.0565,65.827
0.0675,0.0565,65.6516
0.0685,0.0565,65.4807
0.0695,0.0565,65.3144
0.0705,0.0565,65.1527
0.0715,0.0565,64.9957
0.0725,0.0565,64.8434
0.0735,0.0565,64.6961
0.0745,0.0565,64.5537
0.0755,0.0565,64.4162
0.0765,0.0565,64.2838
0.0775,0.0565,64.1563
0.0785,0.0565,64.034
0.0795,0.0565,63.9166
0.0805,0.0565,63.8043
0.0815,0.0565,63.697
0.0825,0.0565,63.5946
0.0835,0.0565,63.497
0.0845,0.0565,63.4043
0.0855,0.0565,63.3163
0.0865,0.0565,63.2329
0.0875,0.0565,63.1541
0.0885,0.0565,63.0798
0.0895,0.0565,63.0098
0.0905,0.0565,62.9442
0.0915,0.0565,62.8829
0.0925,0.0565,62.8259
0.0935,0.0565,62.773
0.0945,0.0565,62.7242
0.0955,0.0565,62.6795
0.0965,0.0565,62.6389
0.0975,0.0565,62.6022
0.0985,0.0565,62.5696
0.0995,0.0565,62.541
0.0005,0.0575,73.7802
0.0015,0.0575,73.7664
0.0025,0.0575,73.7562
0.0035,0.0575,73.749
0.0045,0.0575,73.7443
0.0055,0.0575,73.7415
0.0065,0.0575,73.7398
0.0075,0.0575,73.7386
0.0085,0.0575,73.737
0.0095,0.0575,73.7344
0.0105,0.0575,73.7302
0.0115,0.0575,73.724
0.0125,0.0575,73.7153
0.0135,0.0575,73.704
0.0145,0.0575,73.6898
0.0155,0.0575,73.6726
0.0165,0.0575,73.6521
0.0175,0.0575,73.6282
0.0185,0.0575,73.6008
0.0195,0.0575,73.5694
0.0205,0.0575,73.5338
0.0215,0.0575,73.4936
0.0225,0.0575,73.4483
0.0235,0.0575,73.3973
0.0245,0.0575,73.3398
0.0255,0.0575,73.2751
0.0265,0.0575,73.2025
0.0275,0.0575,73.121
0.0285,0.0575,73.0301
0.0295,0.0575,72.9291
0.0305,0.0575,72.8178
0.0315,0.0575,72.696
0.0325,0.0575,72.564
0.0335,0.0575,72.4224
0.0345,0.0575,72.2719
0.0355,0.0575,72.1132
0.0365,0.0575,71.9471
0.0375,0.0575,71.7744
0.0385,0.0575,71.5956
0.0395,0.0575,71.411
0.0405,0.0575,71.2209
0.0415,0.0575,71.0255
0.0425,0.0575,70.8249
0.0435,0.0575,70.6195
0.0445,0.0575,70.4096
0.0455,0.0575,70.1958
0.0465,0.0575,69.9787
0.0475,0.0575,69.7591
0.0485,0.0575,69.5376
0.0495,0.0575,69.3152
0.0505,0.0575,69.0924
0.0515,0.0575,68.87
0.0525,0.0575,68.6486
0.0535,0.0575,68.4286
0.0545,0.0575,68.2104
0.0555,0.0575,67.9945
0.0565,0.0575,67.7811
0.0575,0.0575,67.5703
0.0585,0.0575,67.3626
0.0595,0.0575,67.158
0.0605,0.0575,66.9567
0.0615,0.0575,66.7588
0.0625,0.0575,66.5646
0.0635,0.0575,66.3741
0.0645,0.0575,66.1875
0.0655,0.0575,66.005
0.0665,0.0575,65.8265
0.0675,0.0575,65.6524
0.0685,0.0575,65.4827
0.0695,0.0575,65.3174
0.0705,0.0575,65.1567
0.0715,0.0575,65.0007
0.0725,0.0575,64.8493
0.0735,0.0575,64.7028
0.0745,0.0575,64.5611
0.0755,0.0575,64.4243
0.0765,0.0575,64.2924
0.0775,0.0575,64.1655
0.0785,0.0575,64.0435
0.0795,0.0575,63.9265
0.0805,0.0575,63.8144
0.0815,0.0575,63.7073
0.0825,0.0575,63.605
0.0835,0.0575,63.5075
0.0845,0.0575,63.4149
0.0855,0.0575,63.3269
0.0865,0.0575,63.2436
0.0875,0.0575,63.1648
0.0885,0.0575,63.0905
0.0895,0.0575,63.0206
0.0905,0.0575,62.955
0.0915,0.0575,62.8937
0.0925,0.0575,62.8366
0.0935,0.0575,62.7836
0.0945,0.0575,62.7346
0.0955,0.0575,62.6898
0.0965,0.0575,62.6489
0.0975,0.0575,62.612
0.0985,0.0575,62.579
0.0995,0.0575,62.5499
0.0005,0.0585,73.7764
0.0015,0.0585,73.7638
0.0025,0.0585,73.7542
0.0035,0.0585,73.7473
0.0045,0.0585,73.7424
0.0055,0.0585,73.739
0.0065,0.0585,73.7362
0.0075,0.0585,73.7334
0.0085,0.0585,73.7299
0.0095,0.0585,73.7252
0.0105,0.0585,73.7185
0.0115,0.0585,73.7097
0.0125,0.0585,73.6984
0.0135,0.0585,73.6843
0.0145,0.0585,73.6673
0.0155,0.0585,73.6473
0.0165,0.0585,73.6241
0.0175,0.0585,73.5975
0.0185,0.0585,73.5674
0.0195,0.0585,73.5334
0.0205,0.0585,73.4954
0.0215,0.0585,73.4528
0.0225,0.0585,73.4052
0.0235,0.0585,73.352
0.0245,0.0585,73.2926
0.0255,0.0585,73.2261
0.0265,0.0585,73.1517
0.0275,0.0585,73.0688
0.0285,0.0585,72.9767
0.0295,0.0585,72.8748
0.0305,0.0585,72.7628
0.0315,0.0585,72.6407
0.0325,0.0585,72.5088
0.0335,0.0585,72.3675
0.0345,0.0585,72.2176
0.0355,0.0585,72.0598
0.0365,0.0585,71.8949
0.0375,0.0585,71.7235
0.0385,0.0585,71.5462
0.0395,0.0585,71.3632
0.0405,0.0585,71.1749
0.0415,0.0585,70.9813
0.0425,0.0585,70.7827
0.0435,0.0585,70.5793
0.0445,0.0585,70.3715
0.0455,0.0585,70.1598
0.0465,0.0585,69.945
0.0475,0.0585,69.7276
0.0485,0.0585,69.5084
0.0495,0.0585,69.2882
0.0505,0.0585,69.0678
0.0515,0.0585,68.8476
0.0525,0.0585,68.6284
0.0535,0.0585,68.4105
0.0545,0.0585,68.1945
0.0555,0.0585,67.9805
0.0565,0.0585,67.769
0.0575,0.0585,67.5602
0.0585,0.0585,67.3542
0.0595,0.0585,67.1512
0.0605,0.0585,66.9515
0.0615,0.0585,66.7551
0.0625,0.0585,66.5622
0.0635,0.0585,66.3729
0.0645,0.0585,66.1875
0.0655,0.0585,66.006
0.0665,0.0585,65.8286
0.0675,0.0585,65.6554
0.0685,0.0585,65.4865
0.0695,0.0585,65.3221
0.0705,0.0585,65.1622
0.0715,0.0585,65.0069
0.0725,0.0585,64.8564
0.0735,0.0585,64.7105
0.0745,0.0585,64.5695
0.0755,0.0585,64.4333
0.0765,0.0585,64.302
0.0775,0.0585,64.1755
0.0785,0.0585,64.054
0.0795,0.0585,63.9373
0.0805,0.0585,63.8255
0.0815,0.0585,63.7186
0.0825,0.0585,63.6165
0.0835,0.0585,63.5192
0.0845,0.0585,63.4267
0.0855,0.0585,63.3388
0.0865,0.0585,63.2555
0.0875,0.0585,63.1768
0.0885,0.0585,63.1025
0.0895,0.0585,63.0326
0.0905,0.0585,62.967
0.0915,0.0585,62.9057
0.0925,0.0585,62.8485
0.0935,0.0585,62.7954
0.0945,0.0585,62.7464
0.0955,0.0585,62.7014
0.0965,0.0585,62.6603
0.0975,0.0585,62.6231
0.0985,0.0585,62.5898
0.0995,0.0585,62.5604
0.0005,0.0595,73.7791
0.0015,0.0595,73.7676
0.0025,0.0595,73.7588
0.0035,0.0595,73.7523
0.0045,0.0595,73.7473
0.0055,0.0595,73.7433
0.0065,0.0595,73.7396
0.0075,0.0595,73.7354
0.0085,0.0595,73.7302
0.0095,0.0595,73.7234
0.0105,0.0595,73.7147
0.0115,0.0595,73.7036
0.0125,0.0595,73.6899
0.0135,0.0595,73.6735
0.0145,0.0595,73.6541
0.0155,0.0595,73.6317
0.0165,0.0595,73.6061
0.0175,0.0595,73.5773
0.0185,0.0595,73.5449
0.0195,0.0595,73.5088
0.0205,0.0595,73.4686
0.0215,0.0595,73.4241
0.0225,0.0595,73.3745
0.0235,0.0595,73.3195
0.0245,0.0595,73.2583
0.0255,0.0595,73.1902
0.0265,0.0595,73.1144
0.0275,0.0595,73.0302
0.0285,0.0595,72.9369
0.0295,0.0595,72.8341
0.0305,0.0595,72.7215
0.0315,0.0595,72.5991
0.0325,0.0595,72.4671
0.0335,0.0595,72.3261
0.0345,0.0595,72.1766
0.0355,0.0595,72.0195
0.0365,0.0595,71.8555
0.0375,0.0595,71.6851
0.0385,0.0595,71.5089
0.0395,0.0595,71.3272
0.0405,0.0595,71.1402
0.0415,0.0595,70.948
0.0425,0.0595,70.7509
0.0435,0.0595,70.5491
0.0445,0.0595,70.3429
0.0455,0.0595,70.133
0.0465,0.0595,69.9199
0.0475,0.0595,69.7043
0.0485,0.0595,69.487
0.0495,0.0595,69.2686
0.0505,0.0595,69.05
0.0515,0.0595,68.8317
0.0525,0.0595,68.6144
0.0535,0.0595,68.3983
0.0545,0.0595,68.1841
0.0555,0.0595,67.9719
0.0565,0.0595,67.7621
0.0575,0.0595,67.5549
0.0585,0.0595,67.3504
0.0595,0.0595,67.1489
0.0605,0.0595,66.9505
0.0615,0.0595,66.7554
0.0625,0.0595,66.5636
0.0635,0.0595,66.3754
0.0645,0.0595,66.1909
0.0655,0.0595,66.0102
0.0665,0.0595,65.8336
0.0675,0.0595,65.6611
0.0685,0.0595,65.4928
0.0695,0.0595,65.329
0.0705,0.0595,65.1696
0.0715,0.0595,65.0149
0.0725,0.0595,64.8648
0.0735,0.0595,64.7195
0.0745,0.0595,64.5789
0.0755,0.0595,64.4432
0.0765,0.0595,64.3123
0.0775,0.0595,64.1863
0.0785,0.0595,64.0652
0.0795,0.0595,63.9489
0.0805,0.0595,63.8374
0.0815,0.0595,63.7308
0.0825,0.0595,63.629
0.0835,0.0595,63.5318
0.0845,0.0595,63.4394
0.0855,0.0595,63.3517
0.0865,0.0595,63.2685
0.0875,0.0595,63.1898
0.0885,0.0595,63.1156
0.0895,0.0595,63.0458
0.0905,0.0595,62.9802
0.0915,0.0595,62.9188
0.0925,0.0595,62.8617
0.0935,0.0595,62.8085
0.0945,0.0595,62.7594
0.0955,0.0595,62.7143
0.0965,0.0595,62.673
0.0975,0.0595,62.6356
0.0985,0.0595,62.602
0.0995,0.0595,62.5722
