# Independent finite-volume solution (fv_reference.py, 200 x 120 cells, shown at 100 x 60), grid-converged to 0.01 K
# 2D heat-spreader plate (examples/use_cases/fin_convection_inverse, PINNeAPPle): 100 x 60 mm aluminium, 8 W device, h = 15 W/m2K
x [m],y [m],T [degC]
0.0005,0.0005,73.2993
0.0015,0.0005,73.3007
0.0025,0.0005,73.3039
0.0035,0.0005,73.3088
0.0045,0.0005,73.3153
0.0055,0.0005,73.3233
0.0065,0.0005,73.3324
0.0075,0.0005,73.3425
0.0085,0.0005,73.3532
0.0095,0.0005,73.3641
0.0105,0.0005,73.375
0.0115,0.0005,73.3852
0.0125,0.0005,73.3943
0.0135,0.0005,73.4019
0.0145,0.0005,73.4073
0.0155,0.0005,73.41
0.0165,0.0005,73.4093
0.0175,0.0005,73.4046
0.0185,0.0005,73.3954
0.0195,0.0005,73.3808
0.0205,0.0005,73.3605
0.0215,0.0005,73.3336
0.0225,0.0005,73.2996
0.0235,0.0005,73.258
0.0245,0.0005,73.2083
0.0255,0.0005,73.15
0.0265,0.0005,73.0826
0.0275,0.0005,73.0059
0.0285,0.0005,72.9197
0.0295,0.0005,72.8236
0.0305,0.0005,72.7177
0.0315,0.0005,72.6019
0.0325,0.0005,72.4762
0.0335,0.0005,72.3408
0.0345,0.0005,72.1959
0.0355,0.0005,72.0418
0.0365,0.0005,71.8789
0.0375,0.0005,71.7075
0.0385,0.0005,71.5283
0.0395,0.0005,71.3416
0.0405,0.0005,71.1481
0.0415,0.0005,70.9485
0.0425,0.0005,70.7432
0.0435,0.0005,70.5331
0.0445,0.0005,70.3186
0.0455,0.0005,70.1006
0.0465,0.0005,69.8796
0.0475,0.0005,69.6563
0.0485,0.0005,69.4313
0.0495,0.0005,69.2052
0.0505,0.0005,68.9785
0.0515,0.0005,68.7518
0.0525,0.0005,68.5255
0.0535,0.0005,68.3003
0.0545,0.0005,68.0764
0.0555,0.0005,67.8543
0.0565,0.0005,67.6344
0.0575,0.0005,67.417
0.0585,0.0005,67.2024
0.0595,0.0005,66.991
0.0605,0.0005,66.7829
0.0615,0.0005,66.5785
0.0625,0.0005,66.3779
0.0635,0.0005,66.1814
0.0645,0.0005,65.9891
0.0655,0.0005,65.8011
0.0665,0.0005,65.6177
0.0675,0.0005,65.4389
0.0685,0.0005,65.2649
0.0695,0.0005,65.0957
0.0705,0.0005,64.9315
0.0715,0.0005,64.7723
0.0725,0.0005,64.6181
0.0735,0.0005,64.4692
0.0745,0.0005,64.3254
0.0755,0.0005,64.1869
0.0765,0.0005,64.0538
0.0775,0.0005,63.9259
0.0785,0.0005,63.8034
0.0795,0.0005,63.6863
0.0805,0.0005,63.5747
0.0815,0.0005,63.4684
0.0825,0.0005,63.3677
0.0835,0.0005,63.2724
0.0845,0.0005,63.1826
0.0855,0.0005,63.0982
0.0865,0.0005,63.0194
0.0875,0.0005,62.9461
0.0885,0.0005,62.8783
0.0895,0.0005,62.8161
0.0905,0.0005,62.7593
0.0915,0.0005,62.7081
0.0925,0.0005,62.6624
0.0935,0.0005,62.6223
0.0945,0.0005,62.5877
0.0955,0.0005,62.5586
0.0965,0.0005,62.535
0.0975,0.0005,62.517
0.0985,0.0005,62.5046
0.0995,0.0005,62.4977
0.0005,0.0015,73.3034
0.0015,0.0015,73.3048
0.0025,0.0015,73.308
0.0035,0.0015,73.313
0.0045,0.0015,73.3197
0.0055,0.0015,73.3278
0.0065,0.0015,73.3372
0.0075,0.0015,73.3475
0.0085,0.0015,73.3584
0.0095,0.0015,73.3697
0.0105,0.0015,73.3808
0.0115,0.0015,73.3914
0.0125,0.0015,73.401
0.0135,0.0015,73.409
0.0145,0.0015,73.4148
0.0155,0.0015,73.4179
0.0165,0.0015,73.4177
0.0175,0.0015,73.4135
0.0185,0.0015,73.4047
0.0195,0.0015,73.3907
0.0205,0.0015,73.3708
0.0215,0.0015,73.3443
0.0225,0.0015,73.3108
0.0235,0.0015,73.2696
0.0245,0.0015,73.2202
0.0255,0.0015,73.1621
0.0265,0.0015,73.095
0.0275,0.0015,73.0185
0.0285,0.0015,72.9324
0.0295,0.0015,72.8364
0.0305,0.0015,72.7305
0.0315,0.0015,72.6146
0.0325,0.0015,72.4888
0.0335,0.0015,72.3532
0.0345,0.0015,72.2081
0.0355,0.0015,72.0537
0.0365,0.0015,71.8904
0.0375,0.0015,71.7187
0.0385,0.0015,71.539
0.0395,0.0015,71.3519
0.0405,0.0015,71.158
0.0415,0.0015,70.9578
0.0425,0.0015,70.7521
0.0435,0.0015,70.5414
0.0445,0.0015,70.3264
0.0455,0.0015,70.1079
0.0465,0.0015,69.8864
0.0475,0.0015,69.6626
0.0485,0.0015,69.4371
0.0495,0.0015,69.2106
0.0505,0.0015,68.9834
0.0515,0.0015,68.7563
0.0525,0.0015,68.5297
0.0535,0.0015,68.3041
0.0545,0.0015,68.0799
0.0555,0.0015,67.8575
0.0565,0.0015,67.6373
0.0575,0.0015,67.4196
0.0585,0.0015,67.2048
0.0595,0.0015,66.9932
0.0605,0.0015,66.7849
0.0615,0.0015,66.5803
0.0625,0.0015,66.3796
0.0635,0.0015,66.1829
0.0645,0.0015,65.9904
0.0655,0.0015,65.8023
0.0665,0.0015,65.6188
0.0675,0.0015,65.4399
0.0685,0.0015,65.2658
0.0695,0.0015,65.0965
0.0705,0.0015,64.9322
0.0715,0.0015,64.7729
0.0725,0.0015,64.6187
0.0735,0.0015,64.4697
0.0745,0.0015,64.3259
0.0755,0.0015,64.1874
0.0765,0.0015,64.0541
0.0775,0.0015,63.9263
0.0785,0.0015,63.8037
0.0795,0.0015,63.6866
0.0805,0.0015,63.5749
0.0815,0.0015,63.4687
0.0825,0.0015,63.3679
0.0835,0.0015,63.2726
0.0845,0.0015,63.1827
0.0855,0.0015,63.0984
0.0865,0.0015,63.0196
0.0875,0.0015,62.9462
0.0885,0.0015,62.8784
0.0895,0.0015,62.8162
0.0905,0.0015,62.7594
0.0915,0.0015,62.7082
0.0925,0.0015,62.6625
0.0935,0.0015,62.6224
0.0945,0.0015,62.5877
0.0955,0.0015,62.5587
0.0965,0.0015,62.5351
0.0975,0.0015,62.5171
0.0985,0.0015,62.5047
0.0995,0.0015,62.4977
0.0005,0.0025,73.3128
0.0015,0.0025,73.3142
0.0025,0.0025,73.3176
0.0035,0.0025,73.3229
0.0045,0.0025,73.3298
0.0055,0.0025,73.3383
0.0065,0.0025,73.3482
0.0075,0.0025,73.359
0.0085,0.0025,73.3706
0.0095,0.0025,73.3826
0.0105,0.0025,73.3945
0.0115,0.0025,73.406
0.0125,0.0025,73.4164
0.0135,0.0025,73.4254
0.0145,0.0025,73.4323
0.0155,0.0025,73.4365
0.0165,0.0025,73.4374
0.0175,0.0025,73.4343
0.0185,0.0025,73.4266
0.0195,0.0025,73.4137
0.0205,0.0025,73.3948
0.0215,0.0025,73.3694
0.0225,0.0025,73.3369
0.0235,0.0025,73.2965
0.0245,0.0025,73.2479
0.0255,0.0025,73.1906
0.0265,0.0025,73.1241
0.0275,0.0025,73.048
0.0285,0.0025,72.9622
0.0295,0.0025,72.8664
0.0305,0.0025,72.7605
0.0315,0.0025,72.6444
0.0325,0.0025,72.5183
0.0335,0.0025,72.3824
0.0345,0.0025,72.2367
0.0355,0.0025,72.0816
0.0365,0.0025,71.9175
0.0375,0.0025,71.7449
0.0385,0.0025,71.5642
0.0395,0.0025,71.376
0.0405,0.0025,71.181
0.0415,0.0025,70.9796
0.0425,0.0025,70.7727
0.0435,0.0025,70.5608
0.0445,0.0025,70.3446
0.0455,0.0025,70.1249
0.0465,0.0025,69.9022
0.0475,0.0025,69.6773
0.0485,0.0025,69.4507
0.0495,0.0025,69.2231
0.0505,0.0025,68.995
0.0515,0.0025,68.7669
0.0525,0.0025,68.5394
0.0535,0.0025,68.313
0.0545,0.0025,68.088
0.0555,0.0025,67.8649
0.0565,0.0025,67.644
0.0575,0.0025,67.4258
0.0585,0.0025,67.2104
0.0595,0.0025,66.9982
0.0605,0.0025,66.7895
0.0615,0.0025,66.5845
0.0625,0.0025,66.3833
0.0635,0.0025,66.1863
0.0645,0.0025,65.9935
0.0655,0.0025,65.8051
0.0665,0.0025,65.6213
0.0675,0.0025,65.4422
0.0685,0.0025,65.2678
0.0695,0.0025,65.0984
0.0705,0.0025,64.9339
0.0715,0.0025,64.7744
0.0725,0.0025,64.6201
0.0735,0.0025,64.4709
0.0745,0.0025,64.327
0.0755,0.0025,64.1884
0.0765,0.0025,64.0551
0.0775,0.0025,63.9271
0.0785,0.0025,63.8045
0.0795,0.0025,63.6873
0.0805,0.0025,63.5755
0.0815,0.0025,63.4692
0.0825,0.0025,63.3684
0.0835,0.0025,63.273
0.0845,0.0025,63.1831
0.0855,0.0025,63.0988
0.0865,0.0025,63.0199
0.0875,0.0025,62.9465
0.0885,0.0025,62.8787
0.0895,0.0025,62.8164
0.0905,0.0025,62.7596
0.0915,0.0025,62.7084
0.0925,0.0025,62.6627
0.0935,0.0025,62.6225
0.0945,0.0025,62.5879
0.0955,0.0025,62.5588
0.0965,0.0025,62.5353
0.0975,0.0025,62.5173
0.0985,0.0025,62.5048
0.0995,0.0025,62.4979
0.0005,0.0035,73.3275
0.0015,0.0035,73.329
0.0025,0.0035,73.3326
0.0035,0.0035,73.3382
0.0045,0.0035,73.3457
0.0055,0.0035,73.3548
0.0065,0.0035,73.3654
0.0075,0.0035,73.3771
0.0085,0.0035,73.3897
0.0095,0.0035,73.4028
0.0105,0.0035,73.416
0.0115,0.0035,73.4288
0.0125,0.0035,73.4407
0.0135,0.0035,73.4512
0.0145,0.0035,73.4597
0.0155,0.0035,73.4656
0.0165,0.0035,73.4682
0.0175,0.0035,73.4669
0.0185,0.0035,73.4611
0.0195,0.0035,73.4499
0.0205,0.0035,73.4327
0.0215,0.0035,73.409
0.0225,0.0035,73.378
0.0235,0.0035,73.339
0.0245,0.0035,73.2917
0.0255,0.0035,73.2355
0.0265,0.0035,73.1698
0.0275,0.0035,73.0945
0.0285,0.0035,73.0091
0.0295,0.0035,72.9136
0.0305,0.0035,72.8077
0.0315,0.0035,72.6915
0.0325,0.0035,72.5649
0.0335,0.0035,72.4283
0.0345,0.0035,72.2817
0.0355,0.0035,72.1256
0.0365,0.0035,71.9602
0.0375,0.0035,71.7862
0.0385,0.0035,71.6039
0.0395,0.0035,71.414
0.0405,0.0035,71.2172
0.0415,0.0035,71.014
0.0425,0.0035,70.8051
0.0435,0.0035,70.5913
0.0445,0.0035,70.3732
0.0455,0.0035,70.1516
0.0465,0.0035,69.9271
0.0475,0.0035,69.7004
0.0485,0.0035,69.472
0.0495,0.0035,69.2428
0.0505,0.0035,69.0131
0.0515,0.0035,68.7835
0.0525,0.0035,68.5547
0.0535,0.0035,68.3269
0.0545,0.0035,68.1007
0.0555,0.0035,67.8765
0.0565,0.0035,67.6546
0.0575,0.0035,67.4354
0.0585,0.0035,67.2191
0.0595,0.0035,67.0061
0.0605,0.0035,66.7967
0.0615,0.0035,66.591
0.0625,0.0035,66.3892
0.0635,0.0035,66.1916
0.0645,0.0035,65.9983
0.0655,0.0035,65.8095
0.0665,0.0035,65.6253
0.0675,0.0035,65.4457
0.0685,0.0035,65.271
0.0695,0.0035,65.1013
0.0705,0.0035,64.9365
0.0715,0.0035,64.7768
0.0725,0.0035,64.6222
0.0735,0.0035,64.4729
0.0745,0.0035,64.3288
0.0755,0.0035,64.1899
0.0765,0.0035,64.0565
0.0775,0.0035,63.9284
0.0785,0.0035,63.8056
0.0795,0.0035,63.6883
0.0805,0.0035,63.5765
0.0815,0.0035,63.4701
0.0825,0.0035,63.3691
0.0835,0.0035,63.2737
0.0845,0.0035,63.1838
0.0855,0.0035,63.0993
0.0865,0.0035,63.0204
0.0875,0.0035,62.947
0.0885,0.0035,62.8792
0.0895,0.0035,62.8168
0.0905,0.0035,62.76
0.0915,0.0035,62.7087
0.0925,0.0035,62.663
0.0935,0.0035,62.6228
0.0945,0.0035,62.5882
0.0955,0.0035,62.5591
0.0965,0.0035,62.5355
0.0975,0.0035,62.5175
0.0985,0.0035,62.505
0.0995,0.0035,62.4981
0.0005,0.0045,73.3473
0.0015,0.0045,73.349
0.0025,0.0045,73.3529
0.0035,0.0045,73.359
0.0045,0.0045,73.3671
0.0055,0.0045,73.3771
0.0065,0.0045,73.3886
0.0075,0.0045,73.4016
0.0085,0.0045,73.4155
0.0095,0.0045,73.4301
0.0105,0.0045,73.445
0.0115,0.0045,73.4597
0.0125,0.0045,73.4736
0.0135,0.0045,73.4862
0.0145,0.0045,73.497
0.0155,0.0045,73.5052
0.0165,0.0045,73.5103
0.0175,0.0045,73.5115
0.0185,0.0045,73.508
0.0195,0.0045,73.4993
0.0205,0.0045,73.4845
0.0215,0.0045,73.4631
0.0225,0.0045,73.4342
0.0235,0.0045,73.3972
0.0245,0.0045,73.3517
0.0255,0.0045,73.2969
0.0265,0.0045,73.2326
0.0275,0.0045,73.1582
0.0285,0.0045,73.0735
0.0295,0.0045,72.9783
0.0305,0.0045,72.8725
0.0315,0.0045,72.7559
0.0325,0.0045,72.6288
0.0335,0.0045,72.4912
0.0345,0.0045,72.3434
0.0355,0.0045,72.1858
0.0365,0.0045,72.0187
0.0375,0.0045,71.8426
0.0385,0.0045,71.6582
0.0395,0.0045,71.466
0.0405,0.0045,71.2666
0.0415,0.0045,71.0608
0.0425,0.0045,70.8494
0.0435,0.0045,70.6329
0.0445,0.0045,70.4122
0.0455,0.0045,70.1879
0.0465,0.0045,69.9609
0.0475,0.0045,69.7317
0.0485,0.0045,69.501
0.0495,0.0045,69.2694
0.0505,0.0045,69.0376
0.0515,0.0045,68.8061
0.0525,0.0045,68.5753
0.0535,0.0045,68.3458
0.0545,0.0045,68.1179
0.0555,0.0045,67.8922
0.0565,0.0045,67.6689
0.0575,0.0045,67.4483
0.0585,0.0045,67.2309
0.0595,0.0045,67.0168
0.0605,0.0045,66.8064
0.0615,0.0045,66.5998
0.0625,0.0045,66.3972
0.0635,0.0045,66.1988
0.0645,0.0045,66.0048
0.0655,0.0045,65.8154
0.0665,0.0045,65.6306
0.0675,0.0045,65.4505
0.0685,0.0045,65.2754
0.0695,0.0045,65.1052
0.0705,0.0045,64.94
0.0715,0.0045,64.78
0.0725,0.0045,64.6251
0.0735,0.0045,64.4755
0.0745,0.0045,64.3311
0.0755,0.0045,64.1921
0.0765,0.0045,64.0584
0.0775,0.0045,63.9301
0.0785,0.0045,63.8072
0.0795,0.0045,63.6897
0.0805,0.0045,63.5777
0.0815,0.0045,63.4712
0.0825,0.0045,63.3702
0.0835,0.0045,63.2746
0.0845,0.0045,63.1846
0.0855,0.0045,63.1001
0.0865,0.0045,63.0211
0.0875,0.0045,62.9477
0.0885,0.0045,62.8797
0.0895,0.0045,62.8174
0.0905,0.0045,62.7605
0.0915,0.0045,62.7092
0.0925,0.0045,62.6634
0.0935,0.0045,62.6232
0.0945,0.0045,62.5886
0.0955,0.0045,62.5594
0.0965,0.0045,62.5359
0.0975,0.0045,62.5178
0.0985,0.0045,62.5054
0.0995,0.0045,62.4984
0.0005,0.0055,73.3721
0.0015,0.0055,73.374
0.0025,0.0055,73.3783
0.0035,0.0055,73.385
0.0045,0.0055,73.3939
0.0055,0.0055,73.405
0.0065,0.0055,73.4178
0.0075,0.0055,73.4323
0.0085,0.0055,73.4479
0.0095,0.0055,73.4645
0.0105,0.0055,73.4816
0.0115,0.0055,73.4986
0.0125,0.0055,73.5151
0.0135,0.0055,73.5304
0.0145,0.0055,73.5441
0.0155,0.0055,73.5553
0.0165,0.0055,73.5635
0.0175,0.0055,73.5678
0.0185,0.0055,73.5676
0.0195,0.0055,73.562
0.0205,0.0055,73.5503
0.0215,0.0055,73.5318
0.0225,0.0055,73.5057
0.0235,0.0055,73.4713
0.0245,0.0055,73.428
0.0255,0.0055,73.3753
0.0265,0.0055,73.3126
0.0275,0.0055,73.2395
0.0285,0.0055,73.1557
0.0295,0.0055,73.0609
0.0305,0.0055,72.9551
0.0315,0.0055,72.8382
0.0325,0.0055,72.7103
0.0335,0.0055,72.5715
0.0345,0.0055,72.4221
0.0355,0.0055,72.2626
0.0365,0.0055,72.0932
0.0375,0.0055,71.9146
0.0385,0.0055,71.7273
0.0395,0.0055,71.532
0.0405,0.0055,71.3295
0.0415,0.0055,71.1204
0.0425,0.0055,70.9055
0.0435,0.0055,70.6856
0.0445,0.0055,70.4615
0.0455,0.0055,70.2339
0.0465,0.0055,70.0035
0.0475,0.0055,69.7712
0.0485,0.0055,69.5375
0.0495,0.0055,69.303
0.0505,0.0055,69.0685
0.0515,0.0055,68.8344
0.0525,0.0055,68.6012
0.0535,0.0055,68.3694
0.0545,0.0055,68.1395
0.0555,0.0055,67.9118
0.0565,0.0055,67.6867
0.0575,0.0055,67.4646
0.0585,0.0055,67.2457
0.0595,0.0055,67.0302
0.0605,0.0055,66.8185
0.0615,0.0055,66.6108
0.0625,0.0055,66.4071
0.0635,0.0055,66.2078
0.0645,0.0055,66.013
0.0655,0.0055,65.8227
0.0665,0.0055,65.6372
0.0675,0.0055,65.4565
0.0685,0.0055,65.2808
0.0695,0.0055,65.1101
0.0705,0.0055,64.9444
0.0715,0.0055,64.784
0.0725,0.0055,64.6287
0.0735,0.0055,64.4787
0.0745,0.0055,64.334
0.0755,0.0055,64.1947
0.0765,0.0055,64.0608
0.0775,0.0055,63.9322
0.0785,0.0055,63.8091
0.0795,0.0055,63.6915
0.0805,0.0055,63.5793
0.0815,0.0055,63.4726
0.0825,0.0055,63.3715
0.0835,0.0055,63.2758
0.0845,0.0055,63.1857
0.0855,0.0055,63.1011
0.0865,0.0055,63.022
0.0875,0.0055,62.9485
0.0885,0.0055,62.8805
0.0895,0.0055,62.818
0.0905,0.0055,62.7611
0.0915,0.0055,62.7098
0.0925,0.0055,62.664
0.0935,0.0055,62.6237
0.0945,0.0055,62.589
0.0955,0.0055,62.5599
0.0965,0.0055,62.5363
0.0975,0.0055,62.5182
0.0985,0.0055,62.5058
0.0995,0.0055,62.4988
0.0005,0.0065,73.4017
0.0015,0.0065,73.4038
0.0025,0.0065,73.4086
0.0035,0.0065,73.416
0.0045,0.0065,73.4259
0.0055,0.0065,73.4383
0.0065,0.0065,73.4527
0.0075,0.0065,73.4689
0.0085,0.0065,73.4867
0.0095,0.0065,73.5057
0.0105,0.0065,73.5254
0.0115,0.0065,73.5453
0.0125,0.0065,73.5649
0.0135,0.0065,73.5836
0.0145,0.0065,73.6008
0.0155,0.0065,73.6158
0.0165,0.0065,73.6278
0.0175,0.0065,73.6361
0.0185,0.0065,73.6398
0.0195,0.0065,73.6381
0.0205,0.0065,73.6303
0.0215,0.0065,73.6154
0.0225,0.0065,73.5928
0.0235,0.0065,73.5616
0.0245,0.0065,73.5212
0.0255,0.0065,73.4709
0.0265,0.0065,73.4102
0.0275,0.0065,73.3387
0.0285,0.0065,73.256
0.0295,0.0065,73.1618
0.0305,0.0065,73.0561
0.0315,0.0065,72.9387
0.0325,0.0065,72.8098
0.0335,0.0065,72.6695
0.0345,0.0065,72.5182
0.0355,0.0065,72.3562
0.0365,0.0065,72.184
0.0375,0.0065,72.0022
0.0385,0.0065,71.8114
0.0395,0.0065,71.6123
0.0405,0.0065,71.4058
0.0415,0.0065,71.1926
0.0425,0.0065,70.9735
0.0435,0.0065,70.7494
0.0445,0.0065,70.521
0.0455,0.0065,70.2893
0.0465,0.0065,70.055
0.0475,0.0065,69.8188
0.0485,0.0065,69.5814
0.0495,0.0065,69.3434
0.0505,0.0065,69.1055
0.0515,0.0065,68.8683
0.0525,0.0065,68.6322
0.0535,0.0065,68.3977
0.0545,0.0065,68.1653
0.0555,0.0065,67.9353
0.0565,0.0065,67.7081
0.0575,0.0065,67.484
0.0585,0.0065,67.2633
0.0595,0.0065,67.0462
0.0605,0.0065,66.833
0.0615,0.0065,66.6238
0.0625,0.0065,66.419
0.0635,0.0065,66.2185
0.0645,0.0065,66.0227
0.0655,0.0065,65.8315
0.0665,0.0065,65.6451
0.0675,0.0065,65.4637
0.0685,0.0065,65.2872
0.0695,0.0065,65.1159
0.0705,0.0065,64.9497
0.0715,0.0065,64.7887
0.0725,0.0065,64.633
0.0735,0.0065,64.4826
0.0745,0.0065,64.3375
0.0755,0.0065,64.1978
0.0765,0.0065,64.0636
0.0775,0.0065,63.9348
0.0785,0.0065,63.8114
0.0795,0.0065,63.6936
0.0805,0.0065,63.5812
0.0815,0.0065,63.4743
0.0825,0.0065,63.373
0.0835,0.0065,63.2772
0.0845,0.0065,63.1869
0.0855,0.0065,63.1022
0.0865,0.0065,63.023
0.0875,0.0065,62.9494
0.0885,0.0065,62.8813
0.0895,0.0065,62.8188
0.0905,0.0065,62.7618
0.0915,0.0065,62.7104
0.0925,0.0065,62.6646
0.0935,0.0065,62.6243
0.0945,0.0065,62.5896
0.0955,0.0065,62.5604
0.0965,0.0065,62.5368
0.0975,0.0065,62.5187
0.0985,0.0065,62.5062
0.0995,0.0065,62.4993
0.0005,0.0075,73.4358
0.0015,0.0075,73.4381
0.0025,0.0075,73.4434
0.0035,0.0075,73.4517
0.0045,0.0075,73.4629
0.0055,0.0075,73.4767
0.0065,0.0075,73.493
0.0075,0.0075,73.5114
0.0085,0.0075,73.5317
0.0095,0.0075,73.5534
0.0105,0.0075,73.5762
0.0115,0.0075,73.5996
0.0125,0.0075,73.6229
0.0135,0.0075,73.6457
0.0145,0.0075,73.6671
0.0155,0.0075,73.6865
0.0165,0.0075,73.7032
0.0175,0.0075,73.7161
0.0185,0.0075,73.7246
0.0195,0.0075,73.7277
0.0205,0.0075,73.7245
0.0215,0.0075,73.7142
0.0225,0.0075,73.6957
0.0235,0.0075,73.6684
0.0245,0.0075,73.6314
0.0255,0.0075,73.5841
0.0265,0.0075,73.5259
0.0275,0.0075,73.4563
0.0285,0.0075,73.375
0.0295,0.0075,73.2815
0.0305,0.0075,73.1758
0.0315,0.0075,73.0579
0.0325,0.0075,72.9278
0.0335,0.0075,72.7858
0.0345,0.0075,72.6321
0.0355,0.0075,72.4671
0.0365,0.0075,72.2915
0.0375,0.0075,72.1058
0.0385,0.0075,71.9107
0.0395,0.0075,71.7071
0.0405,0.0075,71.4958
0.0415,0.0075,71.2775
0.0425,0.0075,71.0534
0.0435,0.0075,70.8242
0.0445,0.0075,70.5909
0.0455,0.0075,70.3542
0.0465,0.0075,70.1151
0.0475,0.0075,69.8743
0.0485,0.0075,69.6325
0.0495,0.0075,69.3904
0.0505,0.0075,69.1486
0.0515,0.0075,68.9077
0.0525,0.0075,68.6682
0.0535,0.0075,68.4305
0.0545,0.0075,68.1952
0.0555,0.0075,67.9625
0.0565,0.0075,67.7328
0.0575,0.0075,67.5064
0.0585,0.0075,67.2836
0.0595,0.0075,67.0646
0.0605,0.0075,66.8496
0.0615,0.0075,66.6389
0.0625,0.0075,66.4326
0.0635,0.0075,66.2308
0.0645,0.0075,66.0338
0.0655,0.0075,65.8415
0.0665,0.0075,65.6542
0.0675,0.0075,65.4719
0.0685,0.0075,65.2946
0.0695,0.0075,65.1225
0.0705,0.0075,64.9557
0.0715,0.0075,64.7941
0.0725,0.0075,64.6379
0.0735,0.0075,64.487
0.0745,0.0075,64.3415
0.0755,0.0075,64.2014
0.0765,0.0075,64.0668
0.0775,0.0075,63.9377
0.0785,0.0075,63.8141
0.0795,0.0075,63.6959
0.0805,0.0075,63.5833
0.0815,0.0075,63.4763
0.0825,0.0075,63.3748
0.0835,0.0075,63.2788
0.0845,0.0075,63.1884
0.0855,0.0075,63.1035
0.0865,0.0075,63.0242
0.0875,0.0075,62.9505
0.0885,0.0075,62.8823
0.0895,0.0075,62.8197
0.0905,0.0075,62.7627
0.0915,0.0075,62.7112
0.0925,0.0075,62.6653
0.0935,0.0075,62.625
0.0945,0.0075,62.5902
0.0955,0.0075,62.561
0.0965,0.0075,62.5374
0.0975,0.0075,62.5193
0.0985,0.0075,62.5068
0.0995,0.0075,62.4998
0.0005,0.0085,73.474
0.0015,0.0085,73.4766
0.0025,0.0085,73.4826
0.0035,0.0085,73.4919
0.0045,0.0085,73.5044
0.0055,0.0085,73.5199
0.0065,0.0085,73.5383
0.0075,0.0085,73.5592
0.0085,0.0085,73.5824
0.0095,0.0085,73.6074
0.0105,0.0085,73.6338
0.0115,0.0085,73.6611
0.0125,0.0085,73.6888
0.0135,0.0085,73.7163
0.0145,0.0085,73.7427
0.0155,0.0085,73.7674
0.0165,0.0085,73.7894
0.0175,0.0085,73.808
0.0185,0.0085,73.8222
0.0195,0.0085,73.8309
0.0205,0.0085,73.8333
0.0215,0.0085,73.8282
0.0225,0.0085,73.8148
0.0235,0.0085,73.7921
0.0245,0.0085,73.7593
0.0255,0.0085,73.7156
0.0265,0.0085,73.6604
0.0275,0.0085,73.5931
0.0285,0.0085,73.5133
0.0295,0.0085,73.4207
0.0305,0.0085,73.3151
0.0315,0.0085,73.1965
0.0325,0.0085,73.0651
0.0335,0.0085,72.9209
0.0345,0.0085,72.7643
0.0355,0.0085,72.5959
0.0365,0.0085,72.4162
0.0375,0.0085,72.2259
0.0385,0.0085,72.0257
0.0395,0.0085,71.8166
0.0405,0.0085,71.5995
0.0415,0.0085,71.3754
0.0425,0.0085,71.1453
0.0435,0.0085,70.9101
0.0445,0.0085,70.6708
0.0455,0.0085,70.4283
0.0465,0.0085,70.1836
0.0475,0.0085,69.9374
0.0485,0.0085,69.6905
0.0495,0.0085,69.4436
0.0505,0.0085,69.1973
0.0515,0.0085,68.9522
0.0525,0.0085,68.7088
0.0535,0.0085,68.4675
0.0545,0.0085,68.2288
0.0555,0.0085,67.993
0.0565,0.0085,67.7605
0.0575,0.0085,67.5315
0.0585,0.0085,67.3064
0.0595,0.0085,67.0852
0.0605,0.0085,66.8683
0.0615,0.0085,66.6558
0.0625,0.0085,66.4479
0.0635,0.0085,66.2446
0.0645,0.0085,66.0462
0.0655,0.0085,65.8528
0.0665,0.0085,65.6644
0.0675,0.0085,65.481
0.0685,0.0085,65.3029
0.0695,0.0085,65.13
0.0705,0.0085,64.9624
0.0715,0.0085,64.8002
0.0725,0.0085,64.6433
0.0735,0.0085,64.4919
0.0745,0.0085,64.3459
0.0755,0.0085,64.2054
0.0765,0.0085,64.0704
0.0775,0.0085,63.941
0.0785,0.0085,63.817
0.0795,0.0085,63.6986
0.0805,0.0085,63.5857
0.0815,0.0085,63.4785
0.0825,0.0085,63.3767
0.0835,0.0085,63.2806
0.0845,0.0085,63.19
0.0855,0.0085,63.105
0.0865,0.0085,63.0256
0.0875,0.0085,62.9517
0.0885,0.0085,62.8834
0.0895,0.0085,62.8207
0.0905,0.0085,62.7636
0.0915,0.0085,62.7121
0.0925,0.0085,62.6661
0.0935,0.0085,62.6257
0.0945,0.0085,62.5909
0.0955,0.0085,62.5617
0.0965,0.0085,62.538
0.0975,0.0085,62.5199
0.0985,0.0085,62.5074
0.0995,0.0085,62.5004
0.0005,0.0095,73.5161
0.0015,0.0095,73.519
0.0025,0.0095,73.5257
0.0035,0.0095,73.5361
0.0045,0.0095,73.5501
0.0055,0.0095,73.5676
0.0065,0.0095,73.5884
0.0075,0.0095,73.6121
0.0085,0.0095,73.6385
0.0095,0.0095,73.6672
0.0105,0.0095,73.6978
0.0115,0.0095,73.7297
0.0125,0.0095,73.7623
0.0135,0.0095,73.7951
0.0145,0.0095,73.8273
0.0155,0.0095,73.8581
0.0165,0.0095,73.8865
0.0175,0.0095,73.9117
0.0185,0.0095,73.9325
0.0195,0.0095,73.9479
0.0205,0.0095,73.9568
0.0215,0.0095,73.958
0.0225,0.0095,73.9505
0.0235,0.0095,73.9333
0.0245,0.0095,73.9054
0.0255,0.0095,73.866
0.0265,0.0095,73.8142
0.0275,0.0095,73.7496
0.0285,0.0095,73.6717
0.0295,0.0095,73.5801
0.0305,0.0095,73.4747
0.0315,0.0095,73.3553
0.0325,0.0095,73.2222
0.0335,0.0095,73.0755
0.0345,0.0095,72.9156
0.0355,0.0095,72.7431
0.0365,0.0095,72.5586
0.0375,0.0095,72.3628
0.0385,0.0095,72.1567
0.0395,0.0095,71.9412
0.0405,0.0095,71.7174
0.0415,0.0095,71.4863
0.0425,0.0095,71.2491
0.0435,0.0095,71.0069
0.0445,0.0095,70.7607
0.0455,0.0095,70.5116
0.0465,0.0095,70.2604
0.0475,0.0095,70.008
0.0485,0.0095,69.7553
0.0495,0.0095,69.5029
0.0505,0.0095,69.2515
0.0515,0.0095,69.0016
0.0525,0.0095,68.7538
0.0535,0.0095,68.5085
0.0545,0.0095,68.266
0.0555,0.0095,68.0268
0.0565,0.0095,67.7911
0.0575,0.0095,67.5593
0.0585,0.0095,67.3315
0.0595,0.0095,67.108
0.0605,0.0095,66.8889
0.0615,0.0095,66.6744
0.0625,0.0095,66.4647
0.0635,0.0095,66.2598
0.0645,0.0095,66.0599
0.0655,0.0095,65.8651
0.0665,0.0095,65.6755
0.0675,0.0095,65.4911
0.0685,0.0095,65.312
0.0695,0.0095,65.1382
0.0705,0.0095,64.9698
0.0715,0.0095,64.8068
0.0725,0.0095,64.6493
0.0735,0.0095,64.4973
0.0745,0.0095,64.3508
0.0755,0.0095,64.2098
0.0765,0.0095,64.0744
0.0775,0.0095,63.9445
0.0785,0.0095,63.8202
0.0795,0.0095,63.7015
0.0805,0.0095,63.5884
0.0815,0.0095,63.4808
0.0825,0.0095,63.3789
0.0835,0.0095,63.2825
0.0845,0.0095,63.1917
0.0855,0.0095,63.1066
0.0865,0.0095,63.027
0.0875,0.0095,62.953
0.0885,0.0095,62.8846
0.0895,0.0095,62.8218
0.0905,0.0095,62.7646
0.0915,0.0095,62.713
0.0925,0.0095,62.667
0.0935,0.0095,62.6266
0.0945,0.0095,62.5917
0.0955,0.0095,62.5624
0.0965,0.0095,62.5387
0.0975,0.0095,62.5206
0.0985,0.0095,62.508
0.0995,0.0095,62.5011
0.0005,0.0105,73.5616
0.0015,0.0105,73.5648
0.0025,0.0105,73.5723
0.0035,0.0105,73.584
0.0045,0.0105,73.5997
0.0055,0.0105,73.6194
0.0065,0.0105,73.6428
0.0075,0.0105,73.6696
0.0085,0.0105,73.6997
0.0095,0.0105,73.7325
0.0105,0.0105,73.7676
0.0115,0.0105,73.8047
0.0125,0.0105,73.843
0.0135,0.0105,73.8819
0.0145,0.0105,73.9207
0.0155,0.0105,73.9584
0.0165,0.0105,73.9942
0.0175,0.0105,74.027
0.0185,0.0105,74.0555
0.0195,0.0105,74.0787
0.0205,0.0105,74.0952
0.0215,0.0105,74.1039
0.0225,0.0105,74.1034
0.0235,0.0105,74.0926
0.0245,0.0105,74.0704
0.0255,0.0105,74.0359
0.0265,0.0105,73.9883
0.0275,0.0105,73.9268
0.0285,0.0105,73.8511
0.0295,0.0105,73.7607
0.0305,0.0105,73.6554
0.0315,0.0105,73.5352
0.0325,0.0105,73.4001
0.0335,0.0105,73.2506
0.0345,0.0105,73.0868
0.0355,0.0105,72.9095
0.0365,0.0105,72.7194
0.0375,0.0105,72.5173
0.0385,0.0105,72.3041
0.0395,0.0105,72.0811
0.0405,0.0105,71.8494
0.0415,0.0105,71.6103
0.0425,0.0105,71.3649
0.0435,0.0105,71.1146
0.0445,0.0105,70.8605
0.0455,0.0105,70.6036
0.0465,0.0105,70.3451
0.0475,0.0105,70.0858
0.0485,0.0105,69.8265
0.0495,0.0105,69.568
0.0505,0.0105,69.3108
0.0515,0.0105,69.0556
0.0525,0.0105,68.8029
0.0535,0.0105,68.5531
0.0545,0.0105,68.3065
0.0555,0.0105,68.0635
0.0565,0.0105,67.8244
0.0575,0.0105,67.5894
0.0585,0.0105,67.3587
0.0595,0.0105,67.1325
0.0605,0.0105,66.9111
0.0615,0.0105,66.6945
0.0625,0.0105,66.4828
0.0635,0.0105,66.2762
0.0645,0.0105,66.0747
0.0655,0.0105,65.8785
0.0665,0.0105,65.6875
0.0675,0.0105,65.5019
0.0685,0.0105,65.3217
0.0695,0.0105,65.147
0.0705,0.0105,64.9778
0.0715,0.0105,64.814
0.0725,0.0105,64.6558
0.0735,0.0105,64.5031
0.0745,0.0105,64.3561
0.0755,0.0105,64.2146
0.0765,0.0105,64.0787
0.0775,0.0105,63.9484
0.0785,0.0105,63.8237
0.0795,0.0105,63.7046
0.0805,0.0105,63.5912
0.0815,0.0105,63.4834
0.0825,0.0105,63.3812
0.0835,0.0105,63.2846
0.0845,0.0105,63.1936
0.0855,0.0105,63.1083
0.0865,0.0105,63.0286
0.0875,0.0105,62.9545
0.0885,0.0105,62.8859
0.0895,0.0105,62.823
0.0905,0.0105,62.7657
0.0915,0.0105,62.714
0.0925,0.0105,62.6679
0.0935,0.0105,62.6274
0.0945,0.0105,62.5925
0.0955,0.0105,62.5632
0.0965,0.0105,62.5395
0.0975,0.0105,62.5213
0.0985,0.0105,62.5087
0.0995,0.0105,62.5018
0.0005,0.0115,73.6101
0.0015,0.0115,73.6137
0.0025,0.0115,73.622
0.0035,0.0115,73.6351
0.0045,0.0115,73.6527
0.0055,0.0115,73.6747
0.0065,0.0115,73.701
0.0075,0.0115,73.7313
0.0085,0.0115,73.7653
0.0095,0.0115,73.8027
0.0105,0.0115,73.843
0.0115,0.0115,73.8857
0.0125,0.0115,73.9304
0.0135,0.0115,73.9762
0.0145,0.0115,74.0224
0.0155,0.0115,74.0681
0.0165,0.0115,74.1123
0.0175,0.0115,74.1538
0.0185,0.0115,74.1913
0.0195,0.0115,74.2235
0.0205,0.0115,74.249
0.0215,0.0115,74.2662
0.0225,0.0115,74.2739
0.0235,0.0115,74.2706
0.0245,0.0115,74.2551
0.0255,0.0115,74.2263
0.0265,0.0115,74.1835
0.0275,0.0115,74.1257
0.0285,0.0115,74.0525
0.0295,0.0115,73.9634
0.0305,0.0115,73.8583
0.0315,0.0115,73.7371
0.0325,0.0115,73.5999
0.0335,0.0115,73.447
0.0345,0.0115,73.2788
0.0355,0.0115,73.096
0.0365,0.0115,72.8993
0.0375,0.0115,72.6898
0.0385,0.0115,72.4686
0.0395,0.0115,72.2368
0.0405,0.0115,71.996
0.0415,0.0115,71.7475
0.0425,0.0115,71.4927
0.0435,0.0115,71.233
0.0445,0.0115,70.9698
0.0455,0.0115,70.7043
0.0465,0.0115,70.4374
0.0475,0.0115,70.1702
0.0485,0.0115,69.9036
0.0495,0.0115,69.6383
0.0505,0.0115,69.3748
0.0515,0.0115,69.1138
0.0525,0.0115,68.8557
0.0535,0.0115,68.6009
0.0545,0.0115,68.3498
0.0555,0.0115,68.1027
0.0565,0.0115,67.8599
0.0575,0.0115,67.6215
0.0585,0.0115,67.3877
0.0595,0.0115,67.1588
0.0605,0.0115,66.9348
0.0615,0.0115,66.7159
0.0625,0.0115,66.5021
0.0635,0.0115,66.2936
0.0645,0.0115,66.0904
0.0655,0.0115,65.8926
0.0665,0.0115,65.7003
0.0675,0.0115,65.5135
0.0685,0.0115,65.3321
0.0695,0.0115,65.1564
0.0705,0.0115,64.9862
0.0715,0.0115,64.8216
0.0725,0.0115,64.6626
0.0735,0.0115,64.5093
0.0745,0.0115,64.3616
0.0755,0.0115,64.2196
0.0765,0.0115,64.0832
0.0775,0.0115,63.9525
0.0785,0.0115,63.8274
0.0795,0.0115,63.708
0.0805,0.0115,63.5942
0.0815,0.0115,63.4861
0.0825,0.0115,63.3836
0.0835,0.0115,63.2868
0.0845,0.0115,63.1957
0.0855,0.0115,63.1101
0.0865,0.0115,63.0302
0.0875,0.0115,62.956
0.0885,0.0115,62.8873
0.0895,0.0115,62.8243
0.0905,0.0115,62.7669
0.0915,0.0115,62.7151
0.0925,0.0115,62.6689
0.0935,0.0115,62.6284
0.0945,0.0115,62.5934
0.0955,0.0115,62.564
0.0965,0.0115,62.5403
0.0975,0.0115,62.5221
0.0985,0.0115,62.5095
0.0995,0.0115,62.5025
0.0005,0.0125,73.6611
0.0015,0.0125,73.6651
0.0025,0.0125,73.6744
0.0035,0.0125,73.6889
0.0045,0.0125,73.7085
0.0055,0.0125,73.7331
0.0065,0.0125,73.7625
0.0075,0.0125,73.7965
0.0085,0.0125,73.8349
0.0095,0.0125,73.8772
0.0105,0.0125,73.9232
0.0115,0.0125,73.9723
0.0125,0.0125,74.0239
0.0135,0.0125,74.0774
0.0145,0.0125,74.132
0.0155,0.0125,74.1867
0.0165,0.0125,74.2404
0.0175,0.0125,74.2919
0.0185,0.0125,74.3398
0.0195,0.0125,74.3824
0.0205,0.0125,74.4183
0.0215,0.0125,74.4456
0.0225,0.0125,74.4627
0.0235,0.0125,74.4681
0.0245,0.0125,74.4604
0.0255,0.0125,74.4383
0.0265,0.0125,74.4009
0.0275,0.0125,74.3474
0.0285,0.0125,74.2771
0.0295,0.0125,74.1896
0.0305,0.0125,74.0847
0.0315,0.0125,73.9624
0.0325,0.0125,73.8227
0.0335,0.0125,73.666
0.0345,0.0125,73.4927
0.0355,0.0125,73.3035
0.0365,0.0125,73.0993
0.0375,0.0125,72.8813
0.0385,0.0125,72.6506
0.0395,0.0125,72.4087
0.0405,0.0125,72.1573
0.0415,0.0125,71.8979
0.0425,0.0125,71.6322
0.0435,0.0125,71.3619
0.0445,0.0125,71.0884
0.0455,0.0125,70.813
0.0465,0.0125,70.5368
0.0475,0.0125,70.2609
0.0485,0.0125,69.9862
0.0495,0.0125,69.7133
0.0505,0.0125,69.443
0.0515,0.0125,69.1756
0.0525,0.0125,68.9117
0.0535,0.0125,68.6516
0.0545,0.0125,68.3957
0.0555,0.0125,68.1442
0.0565,0.0125,67.8974
0.0575,0.0125,67.6553
0.0585,0.0125,67.4183
0.0595,0.0125,67.1864
0.0605,0.0125,66.9597
0.0615,0.0125,66.7383
0.0625,0.0125,66.5224
0.0635,0.0125,66.3119
0.0645,0.0125,66.1069
0.0655,0.0125,65.9075
0.0665,0.0125,65.7137
0.0675,0.0125,65.5255
0.0685,0.0125,65.343
0.0695,0.0125,65.1662
0.0705,0.0125,64.995
0.0715,0.0125,64.8296
0.0725,0.0125,64.6698
0.0735,0.0125,64.5158
0.0745,0.0125,64.3674
0.0755,0.0125,64.2248
0.0765,0.0125,64.0879
0.0775,0.0125,63.9567
0.0785,0.0125,63.8312
0.0795,0.0125,63.7114
0.0805,0.0125,63.5973
0.0815,0.0125,63.4889
0.0825,0.0125,63.3862
0.0835,0.0125,63.2891
0.0845,0.0125,63.1978
0.0855,0.0125,63.112
0.0865,0.0125,63.032
0.0875,0.0125,62.9575
0.0885,0.0125,62.8888
0.0895,0.0125,62.8256
0.0905,0.0125,62.7681
0.0915,0.0125,62.7162
0.0925,0.0125,62.67
0.0935,0.0125,62.6293
0.0945,0.0125,62.5943
0.0955,0.0125,62.5649
0.0965,0.0125,62.5411
0.0975,0.0125,62.5229
0.0985,0.0125,62.5103
0.0995,0.0125,62.5033
0.0005,0.0135,73.7142
0.0015,0.0135,73.7186
0.0025,0.0135,73.7288
0.0035,0.0135,73.7448
0.0045,0.0135,73.7666
0.0055,0.0135,73.7939
0.0065,0.0135,73.8267
0.0075,0.0135,73.8647
0.0085,0.0135,73.9078
0.0095,0.0135,73.9555
0.0105,0.0135,74.0076
0.0115,0.0135,74.0636
0.0125,0.0135,74.1229
0.0135,0.0135,74.1849
0.0145,0.0135,74.2488
0.0155,0.0135,74.3136
0.0165,0.0135,74.3781
0.0175,0.0135,74.441
0.0185,0.0135,74.5008
0.0195,0.0135,74.5556
0.0205,0.0135,74.6035
0.0215,0.0135,74.6425
0.0225,0.0135,74.6707
0.0235,0.0135,74.6862
0.0245,0.0135,74.6874
0.0255,0.0135,74.6731
0.0265,0.0135,74.6419
0.0275,0.0135,74.5932
0.0285,0.0135,74.5262
0.0295,0.0135,74.4406
0.0305,0.0135,74.336
0.0315,0.0135,74.2123
0.0325,0.0135,74.0698
0.0335,0.0135,73.9088
0.0345,0.0135,73.7297
0.0355,0.0135,73.5332
0.0365,0.0135,73.3204
0.0375,0.0135,73.0925
0.0385,0.0135,72.8509
0.0395,0.0135,72.5973
0.0405,0.0135,72.3335
0.0415,0.0135,72.0616
0.0425,0.0135,71.7834
0.0435,0.0135,71.501
0.0445,0.0135,71.2157
0.0455,0.0135,70.9293
0.0465,0.0135,70.6428
0.0475,0.0135,70.3573
0.0485,0.0135,70.0736
0.0495,0.0135,69.7926
0.0505,0.0135,69.5148
0.0515,0.0135,69.2406
0.0525,0.0135,68.9705
0.0535,0.0135,68.7047
0.0545,0.0135,68.4437
0.0555,0.0135,68.1875
0.0565,0.0135,67.9365
0.0575,0.0135,67.6906
0.0585,0.0135,67.4501
0.0595,0.0135,67.2151
0.0605,0.0135,66.9855
0.0615,0.0135,66.7616
0.0625,0.0135,66.5434
0.0635,0.0135,66.3308
0.0645,0.0135,66.124
0.0655,0.0135,65.9229
0.0665,0.0135,65.7275
0.0675,0.0135,65.538
0.0685,0.0135,65.3542
0.0695,0.0135,65.1763
0.0705,0.0135,65.0041
0.0715,0.0135,64.8378
0.0725,0.0135,64.6772
0.0735,0.0135,64.5224
0.0745,0.0135,64.3735
0.0755,0.0135,64.2302
0.0765,0.0135,64.0928
0.0775,0.0135,63.9611
0.0785,0.0135,63.8352
0.0795,0.0135,63.715
0.0805,0.0135,63.6006
0.0815,0.0135,63.4919
0.0825,0.0135,63.3888
0.0835,0.0135,63.2915
0.0845,0.0135,63.1999
0.0855,0.0135,63.114
0.0865,0.0135,63.0338
0.0875,0.0135,62.9592
0.0885,0.0135,62.8903
0.0895,0.0135,62.827
0.0905,0.0135,62.7694
0.0915,0.0135,62.7174
0.0925,0.0135,62.6711
0.0935,0.0135,62.6303
0.0945,0.0135,62.5953
0.0955,0.0135,62.5658
0.0965,0.0135,62.5419
0.0975,0.0135,62.5237
0.0985,0.0135,62.5111
0.0995,0.0135,62.5041
0.0005,0.0145,73.7686
0.0015,0.0145,73.7734
0.0025,0.0145,73.7847
0.0035,0.0145,73.8024
0.0045,0.0145,73.8264
0.0055,0.0145,73.8566
0.0065,0.0145,73.8929
0.0075,0.0145,73.9352
0.0085,0.0145,73.9833
0.0095,0.0145,74.0368
0.0105,0.0145,74.0955
0.0115,0.0145,74.1589
0.0125,0.0145,74.2266
0.0135,0.0145,74.2979
0.0145,0.0145,74.372
0.0155,0.0145,74.4481
0.0165,0.0145,74.5248
0.0175,0.0145,74.6007
0.0185,0.0145,74.6741
0.0195,0.0145,74.743
0.0205,0.0145,74.805
0.0215,0.0145,74.8577
0.0225,0.0145,74.8987
0.0235,0.0145,74.9259
0.0245,0.0145,74.9375
0.0255,0.0145,74.9319
0.0265,0.0145,74.9079
0.0275,0.0145,74.8646
0.0285,0.0145,74.8014
0.0295,0.0145,74.7178
0.0305,0.0145,74.6135
0.0315,0.0145,74.4884
0.0325,0.0145,74.3428
0.0335,0.0145,74.1769
0.0345,0.0145,73.9912
0.0355,0.0145,73.7865
0.0365,0.0145,73.5639
0.0375,0.0145,73.3246
0.0385,0.0145,73.0703
0.0395,0.0145,72.803
0.0405,0.0145,72.525
0.0415,0.0145,72.2385
0.0425,0.0145,71.946
0.0435,0.0145,71.6496
0.0445,0.0145,71.3513
0.0455,0.0145,71.0525
0.0465,0.0145,70.7545
0.0475,0.0145,70.4585
0.0485,0.0145,70.1653
0.0495,0.0145,69.8754
0.0505,0.0145,69.5896
0.0515,0.0145,69.3081
0.0525,0.0145,69.0314
0.0535,0.0145,68.7597
0.0545,0.0145,68.4933
0.0555,0.0145,68.2322
0.0565,0.0145,67.9768
0.0575,0.0145,67.7269
0.0585,0.0145,67.4828
0.0595,0.0145,67.2446
0.0605,0.0145,67.0121
0.0615,0.0145,66.7856
0.0625,0.0145,66.5649
0.0635,0.0145,66.3502
0.0645,0.0145,66.1414
0.0655,0.0145,65.9386
0.0665,0.0145,65.7417
0.0675,0.0145,65.5508
0.0685,0.0145,65.3657
0.0695,0.0145,65.1867
0.0705,0.0145,65.0135
0.0715,0.0145,64.8462
0.0725,0.0145,64.6848
0.0735,0.0145,64.5293
0.0745,0.0145,64.3796
0.0755,0.0145,64.2358
0.0765,0.0145,64.0978
0.0775,0.0145,63.9656
0.0785,0.0145,63.8393
0.0795,0.0145,63.7187
0.0805,0.0145,63.6039
0.0815,0.0145,63.4948
0.0825,0.0145,63.3915
0.0835,0.0145,63.294
0.0845,0.0145,63.2021
0.0855,0.0145,63.116
0.0865,0.0145,63.0356
0.0875,0.0145,62.9608
0.0885,0.0145,62.8918
0.0895,0.0145,62.8284
0.0905,0.0145,62.7707
0.0915,0.0145,62.7186
0.0925,0.0145,62.6722
0.0935,0.0145,62.6314
0.0945,0.0145,62.5962
0.0955,0.0145,62.5667
0.0965,0.0145,62.5428
0.0975,0.0145,62.5246
0.0985,0.0145,62.5119
0.0995,0.0145,62.5049
0.0005,0.0155,73.8239
0.0015,0.0155,73.8292
0.0025,0.0155,73.8416
0.0035,0.0155,73.8609
0.0045,0.0155,73.8873
0.0055,0.0155,73.9205
0.0065,0.0155,73.9606
0.0075,0.0155,74.0073
0.0085,0.0155,74.0606
0.0095,0.0155,74.1202
0.0105,0.0155,74.1859
0.0115,0.0155,74.2573
0.0125,0.0155,74.334
0.0135,0.0155,74.4154
0.0145,0.0155,74.5008
0.0155,0.0155,74.5893
0.0165,0.0155,74.6796
0.0175,0.0155,74.7703
0.0185,0.0155,74.8595
0.0195,0.0155,74.9446
0.0205,0.0155,75.0231
0.0215,0.0155,75.0917
0.0225,0.0155,75.1477
0.0235,0.0155,75.1885
0.0245,0.0155,75.2119
0.0255,0.0155,75.2162
0.0265,0.0155,75.2003
0.0275,0.0155,75.1632
0.0285,0.0155,75.1042
0.0295,0.0155,75.0228
0.0305,0.0155,74.9188
0.0315,0.0155,74.7922
0.0325,0.0155,74.6431
0.0335,0.0155,74.4718
0.0345,0.0155,74.2787
0.0355,0.0155,74.0648
0.0365,0.0155,73.8309
0.0375,0.0155,73.5786
0.0385,0.0155,73.3097
0.0395,0.0155,73.0265
0.0405,0.0155,72.7318
0.0415,0.0155,72.4284
0.0425,0.0155,72.1194
0.0435,0.0155,71.8073
0.0445,0.0155,71.4941
0.0455,0.0155,71.1817
0.0465,0.0155,70.8712
0.0475,0.0155,70.5638
0.0485,0.0155,70.2602
0.0495,0.0155,69.961
0.0505,0.0155,69.6666
0.0515,0.0155,69.3775
0.0525,0.0155,69.0939
0.0535,0.0155,68.816
0.0545,0.0155,68.544
0.0555,0.0155,68.2779
0.0565,0.0155,68.0178
0.0575,0.0155,67.7639
0.0585,0.0155,67.5161
0.0595,0.0155,67.2745
0.0605,0.0155,67.0391
0.0615,0.0155,66.8099
0.0625,0.0155,66.5868
0.0635,0.0155,66.3699
0.0645,0.0155,66.1592
0.0655,0.0155,65.9546
0.0665,0.0155,65.7561
0.0675,0.0155,65.5637
0.0685,0.0155,65.3774
0.0695,0.0155,65.1971
0.0705,0.0155,65.0229
0.0715,0.0155,64.8547
0.0725,0.0155,64.6924
0.0735,0.0155,64.5361
0.0745,0.0155,64.3858
0.0755,0.0155,64.2414
0.0765,0.0155,64.1028
0.0775,0.0155,63.9702
0.0785,0.0155,63.8434
0.0795,0.0155,63.7224
0.0805,0.0155,63.6072
0.0815,0.0155,63.4978
0.0825,0.0155,63.3943
0.0835,0.0155,63.2964
0.0845,0.0155,63.2044
0.0855,0.0155,63.118
0.0865,0.0155,63.0374
0.0875,0.0155,62.9625
0.0885,0.0155,62.8933
0.0895,0.0155,62.8298
0.0905,0.0155,62.7719
0.0915,0.0155,62.7198
0.0925,0.0155,62.6733
0.0935,0.0155,62.6324
0.0945,0.0155,62.5972
0.0955,0.0155,62.5676
0.0965,0.0155,62.5437
0.0975,0.0155,62.5254
0.0985,0.0155,62.5127
0.0995,0.0155,62.5057
0.0005,0.0165,73.8795
0.0015,0.0165,73.8853
0.0025,0.0165,73.8987
0.0035,0.0165,73.9198
0.0045,0.0165,73.9486
0.0055,0.0165,73.985
0.0065,0.0165,74.0289
0.0075,0.0165,74.0803
0.0085,0.0165,74.139
0.0095,0.0165,74.205
0.0105,0.0165,74.278
0.0115,0.0165,74.3578
0.0125,0.0165,74.444
0.0135,0.0165,74.5363
0.0145,0.0165,74.6339
0.0155,0.0165,74.736
0.0165,0.0165,74.8415
0.0175,0.0165,74.9489
0.0185,0.0165,75.056
0.0195,0.0165,75.1602
0.0205,0.0165,75.2579
0.0215,0.0165,75.3453
0.0225,0.0165,75.4188
0.0235,0.0165,75.4751
0.0245,0.0165,75.512
0.0255,0.0165,75.5276
0.0265,0.0165,75.5206
0.0275,0.0165,75.4903
0.0285,0.0165,75.4359
0.0295,0.0165,75.357
0.0305,0.0165,75.2535
0.0315,0.0165,75.1252
0.0325,0.0165,74.9722
0.0335,0.0165,74.7949
0.0345,0.0165,74.5937
0.0355,0.0165,74.3694
0.0365,0.0165,74.1229
0.0375,0.0165,73.8557
0.0385,0.0165,73.57
0.0395,0.0165,73.2682
0.0405,0.0165,72.9539
0.0415,0.0165,72.6309
0.0425,0.0165,72.3029
0.0435,0.0165,71.9729
0.0445,0.0165,71.6432
0.0455,0.0165,71.3158
0.0465,0.0165,70.9918
0.0475,0.0165,70.6721
0.0485,0.0165,70.3575
0.0495,0.0165,70.0484
0.0505,0.0165,69.7452
0.0515,0.0165,69.4481
0.0525,0.0165,69.1573
0.0535,0.0165,68.873
0.0545,0.0165,68.5952
0.0555,0.0165,68.324
0.0565,0.0165,68.0593
0.0575,0.0165,67.8012
0.0585,0.0165,67.5496
0.0595,0.0165,67.3047
0.0605,0.0165,67.0662
0.0615,0.0165,66.8342
0.0625,0.0165,66.6087
0.0635,0.0165,66.3896
0.0645,0.0165,66.1769
0.0655,0.0165,65.9705
0.0665,0.0165,65.7704
0.0675,0.0165,65.5766
0.0685,0.0165,65.389
0.0695,0.0165,65.2076
0.0705,0.0165,65.0323
0.0715,0.0165,64.8632
0.0725,0.0165,64.7001
0.0735,0.0165,64.543
0.0745,0.0165,64.392
0.0755,0.0165,64.247
0.0765,0.0165,64.1079
0.0775,0.0165,63.9747
0.0785,0.0165,63.8474
0.0795,0.0165,63.7261
0.0805,0.0165,63.6105
0.0815,0.0165,63.5009
0.0825,0.0165,63.397
0.0835,0.0165,63.2989
0.0845,0.0165,63.2066
0.0855,0.0165,63.12
0.0865,0.0165,63.0392
0.0875,0.0165,62.9642
0.0885,0.0165,62.8948
0.0895,0.0165,62.8312
0.0905,0.0165,62.7732
0.0915,0.0165,62.721
0.0925,0.0165,62.6744
0.0935,0.0165,62.6334
0.0945,0.0165,62.5982
0.0955,0.0165,62.5686
0.0965,0.0165,62.5446
0.0975,0.0165,62.5263
0.0985,0.0165,62.5136
0.0995,0.0165,62.5065
0.0005,0.0175,73.9347
0.0015,0.0175,73.9409
0.0025,0.0175,73.9555
0.0035,0.0175,73.9784
0.0045,0.0175,74.0097
0.0055,0.0175,74.0492
0.0065,0.0175,74.097
0.0075,0.0175,74.1532
0.0085,0.0175,74.2175
0.0095,0.0175,74.2901
0.0105,0.0175,74.3707
0.0115,0.0175,74.4592
0.0125,0.0175,74.5555
0.0135,0.0175,74.6592
0.0145,0.0175,74.7698
0.0155,0.0175,74.8867
0.0165,0.0175,75.0089
0.0175,0.0175,75.1349
0.0185,0.0175,75.2626
0.0195,0.0175,75.3888
0.0205,0.0175,75.5092
0.0215,0.0175,75.6187
0.0225,0.0175,75.7124
0.0235,0.0175,75.7865
0.0245,0.0175,75.8385
0.0255,0.0175,75.8666
0.0265,0.0175,75.8696
0.0275,0.0175,75.8466
0.0285,0.0175,75.7972
0.0295,0.0175,75.7211
0.0305,0.0175,75.618
0.0315,0.0175,75.4878
0.0325,0.0175,75.3308
0.0335,0.0175,75.1471
0.0345,0.0175,74.937
0.0355,0.0175,74.7012
0.0365,0.0175,74.4406
0.0375,0.0175,74.1566
0.0385,0.0175,73.8514
0.0395,0.0175,73.5281
0.0405,0.0175,73.1909
0.0415,0.0175,72.845
0.0425,0.0175,72.4951
0.0435,0.0175,72.1449
0.0445,0.0175,71.7971
0.0455,0.0175,71.4533
0.0465,0.0175,71.1148
0.0475,0.0175,70.7822
0.0485,0.0175,70.456
0.0495,0.0175,70.1366
0.0505,0.0175,69.8243
0.0515,0.0175,69.519
0.0525,0.0175,69.221
0.0535,0.0175,68.9301
0.0545,0.0175,68.6464
0.0555,0.0175,68.3699
0.0565,0.0175,68.1006
0.0575,0.0175,67.8383
0.0585,0.0175,67.583
0.0595,0.0175,67.3346
0.0605,0.0175,67.0931
0.0615,0.0175,66.8584
0.0625,0.0175,66.6305
0.0635,0.0175,66.4092
0.0645,0.0175,66.1945
0.0655,0.0175,65.9864
0.0665,0.0175,65.7847
0.0675,0.0175,65.5894
0.0685,0.0175,65.4005
0.0695,0.0175,65.218
0.0705,0.0175,65.0416
0.0715,0.0175,64.8716
0.0725,0.0175,64.7076
0.0735,0.0175,64.5498
0.0745,0.0175,64.3981
0.0755,0.0175,64.2525
0.0765,0.0175,64.1128
0.0775,0.0175,63.9792
0.0785,0.0175,63.8515
0.0795,0.0175,63.7297
0.0805,0.0175,63.6138
0.0815,0.0175,63.5038
0.0825,0.0175,63.3997
0.0835,0.0175,63.3013
0.0845,0.0175,63.2088
0.0855,0.0175,63.122
0.0865,0.0175,63.0411
0.0875,0.0175,62.9658
0.0885,0.0175,62.8963
0.0895,0.0175,62.8326
0.0905,0.0175,62.7745
0.0915,0.0175,62.7221
0.0925,0.0175,62.6755
0.0935,0.0175,62.6345
0.0945,0.0175,62.5991
0.0955,0.0175,62.5695
0.0965,0.0175,62.5455
0.0975,0.0175,62.5271
0.0985,0.0175,62.5144
0.0995,0.0175,62.5073
0.0005,0.0185,73.9889
0.0015,0.0185,73.9957
0.0025,0.0185,74.0114
0.0035,0.0185,74.036
0.0045,0.0185,74.0697
0.0055,0.0185,74.1125
0.0065,0.0185,74.1643
0.0075,0.0185,74.2252
0.0085,0.0185,74.2953
0.0095,0.0185,74.3745
0.0105,0.0185,74.4629
0.0115,0.0185,74.5604
0.0125,0.0185,74.667
0.0135,0.0185,74.7826
0.0145,0.0185,74.9069
0.0155,0.0185,75.0395
0.0165,0.0185,75.1797
0.0175,0.0185,75.3263
0.0185,0.0185,75.4772
0.0195,0.0185,75.6288
0.0205,0.0185,75.7755
0.0215,0.0185,75.9106
0.0225,0.0185,76.0275
0.0235,0.0185,76.1217
0.0245,0.0185,76.1905
0.0255,0.0185,76.2322
0.0265,0.0185,76.2458
0.0275,0.0185,76.2307
0.0285,0.0185,76.1866
0.0295,0.0185,76.1134
0.0305,0.0185,76.0107
0.0315,0.0185,75.8787
0.0325,0.0185,75.7173
0.0335,0.0185,75.5267
0.0345,0.0185,75.3072
0.0355,0.0185,75.059
0.0365,0.0185,74.783
0.0375,0.0185,74.4803
0.0385,0.0185,74.1531
0.0395,0.0185,73.8048
0.0405,0.0185,73.4411
0.0415,0.0185,73.0686
0.0425,0.0185,72.6939
0.0435,0.0185,72.3214
0.0445,0.0185,71.9538
0.0455,0.0185,71.5926
0.0465,0.0185,71.2387
0.0475,0.0185,70.8926
0.0485,0.0185,70.5546
0.0495,0.0185,70.2247
0.0505,0.0185,69.903
0.0515,0.0185,69.5894
0.0525,0.0185,69.284
0.0535,0.0185,68.9866
0.0545,0.0185,68.6971
0.0555,0.0185,68.4153
0.0565,0.0185,68.1413
0.0575,0.0185,67.8748
0.0585,0.0185,67.6158
0.0595,0.0185,67.3641
0.0605,0.0185,67.1196
0.0615,0.0185,66.8822
0.0625,0.0185,66.6518
0.0635,0.0185,66.4284
0.0645,0.0185,66.2117
0.0655,0.0185,66.0018
0.0665,0.0185,65.7986
0.0675,0.0185,65.6019
0.0685,0.0185,65.4118
0.0695,0.0185,65.2281
0.0705,0.0185,65.0508
0.0715,0.0185,64.8797
0.0725,0.0185,64.715
0.0735,0.0185,64.5565
0.0745,0.0185,64.4041
0.0755,0.0185,64.2579
0.0765,0.0185,64.1177
0.0775,0.0185,63.9835
0.0785,0.0185,63.8554
0.0795,0.0185,63.7333
0.0805,0.0185,63.617
0.0815,0.0185,63.5067
0.0825,0.0185,63.4023
0.0835,0.0185,63.3037
0.0845,0.0185,63.2109
0.0855,0.0185,63.124
0.0865,0.0185,63.0428
0.0875,0.0185,62.9674
0.0885,0.0185,62.8978
0.0895,0.0185,62.8339
0.0905,0.0185,62.7757
0.0915,0.0185,62.7233
0.0925,0.0185,62.6765
0.0935,0.0185,62.6355
0.0945,0.0185,62.6001
0.0955,0.0185,62.5703
0.0965,0.0185,62.5463
0.0975,0.0185,62.5279
0.0985,0.0185,62.5152
0.0995,0.0185,62.5081
0.0005,0.0195,74.0415
0.0015,0.0195,74.0487
0.0025,0.0195,74.0655
0.0035,0.0195,74.092
0.0045,0.0195,74.1282
0.0055,0.0195,74.1741
0.0065,0.0195,74.2298
0.0075,0.0195,74.2955
0.0085,0.0195,74.3712
0.0095,0.0195,74.4571
0.0105,0.0195,74.5533
0.0115,0.0195,74.6599
0.0125,0.0195,74.777
0.0135,0.0195,74.9047
0.0145,0.0195,75.043
0.0155,0.0195,75.192
0.0165,0.0195,75.3512
0.0175,0.0195,75.5199
0.0185,0.0195,75.6961
0.0195,0.0195,75.876
0.0205,0.0195,76.0526
0.0215,0.0195,76.2165
0.0225,0.0195,76.3592
0.0235,0.0195,76.4754
0.0245,0.0195,76.5622
0.0255,0.0195,76.6182
0.0265,0.0195,76.643
0.0275,0.0195,76.6362
0.0285,0.0195,76.5976
0.0295,0.0195,76.5273
0.0305,0.0195,76.4252
0.0315,0.0195,76.2912
0.0325,0.0195,76.1254
0.0335,0.0195,75.9277
0.0345,0.0195,75.6982
0.0355,0.0195,75.437
0.0365,0.0195,75.1446
0.0375,0.0195,74.8217
0.0385,0.0195,74.4702
0.0395,0.0195,74.0941
0.0405,0.0195,73.7004
0.0415,0.0195,73.2982
0.0425,0.0195,72.8961
0.0435,0.0195,72.4994
0.0445,0.0195,72.1108
0.0455,0.0195,71.7314
0.0465,0.0195,71.3617
0.0475,0.0195,71.0019
0.0485,0.0195,70.6518
0.0495,0.0195,70.3113
0.0505,0.0195,69.9802
0.0515,0.0195,69.6584
0.0525,0.0195,69.3457
0.0535,0.0195,69.0417
0.0545,0.0195,68.7464
0.0555,0.0195,68.4595
0.0565,0.0195,68.1809
0.0575,0.0195,67.9103
0.0585,0.0195,67.6476
0.0595,0.0195,67.3926
0.0605,0.0195,67.1452
0.0615,0.0195,66.9052
0.0625,0.0195,66.6725
0.0635,0.0195,66.4469
0.0645,0.0195,66.2284
0.0655,0.0195,66.0168
0.0665,0.0195,65.8121
0.0675,0.0195,65.6141
0.0685,0.0195,65.4227
0.0695,0.0195,65.2379
0.0705,0.0195,65.0596
0.0715,0.0195,64.8877
0.0725,0.0195,64.7221
0.0735,0.0195,64.5629
0.0745,0.0195,64.4099
0.0755,0.0195,64.263
0.0765,0.0195,64.1224
0.0775,0.0195,63.9878
0.0785,0.0195,63.8592
0.0795,0.0195,63.7367
0.0805,0.0195,63.6201
0.0815,0.0195,63.5095
0.0825,0.0195,63.4048
0.0835,0.0195,63.306
0.0845,0.0195,63.213
0.0855,0.0195,63.1259
0.0865,0.0195,63.0445
0.0875,0.0195,62.969
0.0885,0.0195,62.8992
0.0895,0.0195,62.8352
0.0905,0.0195,62.7769
0.0915,0.0195,62.7244
0.0925,0.0195,62.6775
0.0935,0.0195,62.6364
0.0945,0.0195,62.601
0.0955,0.0195,62.5712
0.0965,0.0195,62.5471
0.0975,0.0195,62.5287
0.0985,0.0195,62.516
0.0995,0.0195,62.5089
0.0005,0.0205,74.0919
0.0015,0.0205,74.0996
0.0025,0.0205,74.1175
0.0035,0.0205,74.1456
0.0045,0.0205,74.1842
0.0055,0.0205,74.2332
0.0065,0.0205,74.2928
0.0075,0.0205,74.3631
0.0085,0.0205,74.4444
0.0095,0.0205,74.5369
0.0105,0.0205,74.6407
0.0115,0.0205,74.7562
0.0125,0.0205,74.8838
0.0135,0.0205,75.0236
0.0145,0.0205,75.176
0.0155,0.0205,75.3414
0.0165,0.0205,75.52
0.0175,0.0205,75.7113
0.0185,0.0205,75.914
0.0195,0.0205,76.1237
0.0205,0.0205,76.3318
0.0215,0.0205,76.5262
0.0225,0.0205,76.696
0.0235,0.0205,76.8349
0.0245,0.0205,76.9402
0.0255,0.0205,77.011
0.0265,0.0205,77.0471
0.0275,0.0205,77.0486
0.0285,0.0205,77.0156
0.0295,0.0205,76.9483
0.0305,0.0205,76.8467
0.0315,0.0205,76.7107
0.0325,0.0205,76.5404
0.0335,0.0205,76.3355
0.0345,0.0205,76.096
0.0355,0.0205,75.8217
0.0365,0.0205,75.5124
0.0375,0.0205,75.1687
0.0385,0.0205,74.7919
0.0395,0.0205,74.3865
0.0405,0.0205,73.961
0.0415,0.0205,73.5275
0.0425,0.0205,73.0968
0.0435,0.0205,72.6752
0.0445,0.0205,72.2651
0.0455,0.0205,71.8673
0.0465,0.0205,71.4818
0.0475,0.0205,71.1082
0.0485,0.0205,70.7462
0.0495,0.0205,70.3952
0.0505,0.0205,70.055
0.0515,0.0205,69.7251
0.0525,0.0205,69.4051
0.0535,0.0205,69.0949
0.0545,0.0205,68.7939
0.0555,0.0205,68.502
0.0565,0.0205,68.2189
0.0575,0.0205,67.9444
0.0585,0.0205,67.6781
0.0595,0.0205,67.42
0.0605,0.0205,67.1698
0.0615,0.0205,66.9272
0.0625,0.0205,66.6923
0.0635,0.0205,66.4647
0.0645,0.0205,66.2443
0.0655,0.0205,66.0311
0.0665,0.0205,65.8249
0.0675,0.0205,65.6256
0.0685,0.0205,65.4331
0.0695,0.0205,65.2472
0.0705,0.0205,65.068
0.0715,0.0205,64.8952
0.0725,0.0205,64.7289
0.0735,0.0205,64.569
0.0745,0.0205,64.4154
0.0755,0.0205,64.268
0.0765,0.0205,64.1268
0.0775,0.0205,63.9918
0.0785,0.0205,63.8628
0.0795,0.0205,63.7399
0.0805,0.0205,63.6231
0.0815,0.0205,63.5122
0.0825,0.0205,63.4072
0.0835,0.0205,63.3081
0.0845,0.0205,63.215
0.0855,0.0205,63.1276
0.0865,0.0205,63.0462
0.0875,0.0205,62.9705
0.0885,0.0205,62.9006
0.0895,0.0205,62.8364
0.0905,0.0205,62.7781
0.0915,0.0205,62.7254
0.0925,0.0205,62.6785
0.0935,0.0205,62.6373
0.0945,0.0205,62.6018
0.0955,0.0205,62.572
0.0965,0.0205,62.5479
0.0975,0.0205,62.5295
0.0985,0.0205,62.5167
0.0995,0.0205,62.5096
0.0005,0.0215,74.1394
0.0015,0.0215,74.1475
0.0025,0.0215,74.1665
0.0035,0.0215,74.1963
0.0045,0.0215,74.2371
0.0055,0.0215,74.2891
0.0065,0.0215,74.3524
0.0075,0.0215,74.4272
0.0085,0.0215,74.5139
0.0095,0.0215,74.6127
0.0105,0.0215,74.7239
0.0115,0.0215,74.8481
0.0125,0.0215,74.9857
0.0135,0.0215,75.1373
0.0145,0.0215,75.3034
0.0155,0.0215,75.4848
0.0165,0.0215,75.6822
0.0175,0.0215,75.8955
0.0185,0.0215,76.1238
0.0195,0.0215,76.3624
0.0205,0.0215,76.601
0.0215,0.0215,76.8249
0.0225,0.0215,77.021
0.0235,0.0215,77.1821
0.0245,0.0215,77.3054
0.0255,0.0215,77.3905
0.0265,0.0215,77.4376
0.0275,0.0215,77.4472
0.0285,0.0215,77.4197
0.0295,0.0215,77.3553
0.0305,0.0215,77.2542
0.0315,0.0215,77.1163
0.0325,0.0215,76.9416
0.0335,0.0215,76.7298
0.0345,0.0215,76.4805
0.0355,0.0215,76.1933
0.0365,0.0215,75.8677
0.0375,0.0215,75.5036
0.0385,0.0215,75.1024
0.0395,0.0215,74.6685
0.0405,0.0215,74.2124
0.0415,0.0215,73.7486
0.0425,0.0215,73.2901
0.0435,0.0215,72.8442
0.0445,0.0215,72.4133
0.0455,0.0215,71.9977
0.0465,0.0215,71.5969
0.0475,0.0215,71.21
0.0485,0.0215,70.8363
0.0495,0.0215,70.4753
0.0505,0.0215,70.1262
0.0515,0.0215,69.7885
0.0525,0.0215,69.4616
0.0535,0.0215,69.1453
0.0545,0.0215,68.8389
0.0555,0.0215,68.5423
0.0565,0.0215,68.2549
0.0575,0.0215,67.9766
0.0585,0.0215,67.707
0.0595,0.0215,67.4458
0.0605,0.0215,67.1929
0.0615,0.0215,66.948
0.0625,0.0215,66.7109
0.0635,0.0215,66.4814
0.0645,0.0215,66.2593
0.0655,0.0215,66.0446
0.0665,0.0215,65.837
0.0675,0.0215,65.6365
0.0685,0.0215,65.4428
0.0695,0.0215,65.256
0.0705,0.0215,65.0758
0.0715,0.0215,64.9023
0.0725,0.0215,64.7353
0.0735,0.0215,64.5747
0.0745,0.0215,64.4205
0.0755,0.0215,64.2726
0.0765,0.0215,64.131
0.0775,0.0215,63.9955
0.0785,0.0215,63.8662
0.0795,0.0215,63.743
0.0805,0.0215,63.6258
0.0815,0.0215,63.5146
0.0825,0.0215,63.4094
0.0835,0.0215,63.3102
0.0845,0.0215,63.2168
0.0855,0.0215,63.1293
0.0865,0.0215,63.0477
0.0875,0.0215,62.9719
0.0885,0.0215,62.9018
0.0895,0.0215,62.8376
0.0905,0.0215,62.7791
0.0915,0.0215,62.7264
0.0925,0.0215,62.6794
0.0935,0.0215,62.6382
0.0945,0.0215,62.6026
0.0955,0.0215,62.5728
0.0965,0.0215,62.5486
0.0975,0.0215,62.5302
0.0985,0.0215,62.5174
0.0995,0.0215,62.5103
0.0005,0.0225,74.1835
0.0015,0.0225,74.192
0.0025,0.0225,74.2119
0.0035,0.0225,74.2433
0.0045,0.0225,74.2863
0.0055,0.0225,74.3411
0.0065,0.0225,74.4079
0.0075,0.0225,74.4869
0.0085,0.0225,74.5787
0.0095,0.0225,74.6834
0.0105,0.0225,74.8017
0.0115,0.0225,74.934
0.0125,0.0225,75.0812
0.0135,0.0225,75.2438
0.0145,0.0225,75.4228
0.0155,0.0225,75.6193
0.0165,0.0225,75.834
0.0175,0.0225,76.0677
0.0185,0.0225,76.3192
0.0195,0.0225,76.5836
0.0205,0.0225,76.8494
0.0215,0.0225,77.0996
0.0225,0.0225,77.3194
0.0235,0.0225,77.5006
0.0245,0.0225,77.6406
0.0255,0.0225,77.739
0.0265,0.0225,77.7965
0.0275,0.0225,77.8138
0.0285,0.0225,77.7914
0.0295,0.0225,77.7298
0.0305,0.0225,77.6292
0.0315,0.0225,77.4895
0.0325,0.0225,77.3106
0.0335,0.0225,77.0923
0.0345,0.0225,76.8338
0.0355,0.0225,76.5345
0.0365,0.0225,76.1937
0.0375,0.0225,75.811
0.0385,0.0225,75.3875
0.0395,0.0225,74.9283
0.0405,0.0225,74.4448
0.0415,0.0225,73.954
0.0425,0.0225,73.4706
0.0435,0.0225,73.0025
0.0445,0.0225,72.5523
0.0455,0.0225,72.1201
0.0465,0.0225,71.7048
0.0475,0.0225,71.3053
0.0485,0.0225,70.9208
0.0495,0.0225,70.5502
0.0505,0.0225,70.1927
0.0515,0.0225,69.8476
0.0525,0.0225,69.5144
0.0535,0.0225,69.1923
0.0545,0.0225,68.8809
0.0555,0.0225,68.5797
0.0565,0.0225,68.2884
0.0575,0.0225,68.0065
0.0585,0.0225,67.7338
0.0595,0.0225,67.4698
0.0605,0.0225,67.2144
0.0615,0.0225,66.9672
0.0625,0.0225,66.7281
0.0635,0.0225,66.4969
0.0645,0.0225,66.2732
0.0655,0.0225,66.0571
0.0665,0.0225,65.8482
0.0675,0.0225,65.6465
0.0685,0.0225,65.4519
0.0695,0.0225,65.2641
0.0705,0.0225,65.0831
0.0715,0.0225,64.9089
0.0725,0.0225,64.7412
0.0735,0.0225,64.58
0.0745,0.0225,64.4253
0.0755,0.0225,64.2769
0.0765,0.0225,64.1349
0.0775,0.0225,63.999
0.0785,0.0225,63.8694
0.0795,0.0225,63.7458
0.0805,0.0225,63.6284
0.0815,0.0225,63.517
0.0825,0.0225,63.4115
0.0835,0.0225,63.3121
0.0845,0.0225,63.2185
0.0855,0.0225,63.1309
0.0865,0.0225,63.0491
0.0875,0.0225,62.9731
0.0885,0.0225,62.903
0.0895,0.0225,62.8387
0.0905,0.0225,62.7801
0.0915,0.0225,62.7273
0.0925,0.0225,62.6803
0.0935,0.0225,62.639
0.0945,0.0225,62.6034
0.0955,0.0225,62.5735
0.0965,0.0225,62.5493
0.0975,0.0225,62.5308
0.0985,0.0225,62.518
0.0995,0.0225,62.5109
0.0005,0.0235,74.2236
0.0015,0.0235,74.2325
0.0025,0.0235,74.2533
0.0035,0.0235,74.2862
0.0045,0.0235,74.3311
0.0055,0.0235,74.3885
0.0065,0.0235,74.4585
0.0075,0.0235,74.5415
0.0085,0.0235,74.6378
0.0095,0.0235,74.7481
0.0105,0.0235,74.8728
0.0115,0.0235,75.0127
0.0125,0.0235,75.1686
0.0135,0.0235,75.3414
0.0145,0.0235,75.5322
0.0155,0.0235,75.7422
0.0165,0.0235,75.9726
0.0175,0.0235,76.2241
0.0185,0.0235,76.4957
0.0195,0.0235,76.7821
0.0205,0.0235,77.0706
0.0215,0.0235,77.3429
0.0225,0.0235,77.5829
0.0235,0.0235,77.7817
0.0245,0.0235,77.9364
0.0255,0.0235,78.0468
0.0265,0.0235,78.1137
0.0275,0.0235,78.1379
0.0285,0.0235,78.1203
0.0295,0.0235,78.0612
0.0305,0.0235,77.961
0.0315,0.0235,77.8196
0.0325,0.0235,77.637
0.0335,0.0235,77.4126
0.0345,0.0235,77.1458
0.0355,0.0235,76.8357
0.0365,0.0235,76.4814
0.0375,0.0235,76.0824
0.0385,0.0235,75.6397
0.0395,0.0235,75.1589
0.0405,0.0235,74.6525
0.0415,0.0235,74.1389
0.0425,0.0235,73.634
0.0435,0.0235,73.1466
0.0445,0.0235,72.6793
0.0455,0.0235,72.232
0.0465,0.0235,71.8036
0.0475,0.0235,71.3928
0.0485,0.0235,70.9982
0.0495,0.0235,70.6188
0.0505,0.0235,70.2537
0.0515,0.0235,69.9018
0.0525,0.0235,69.5626
0.0535,0.0235,69.2352
0.0545,0.0235,68.9192
0.0555,0.0235,68.6139
0.0565,0.0235,68.3189
0.0575,0.0235,68.0338
0.0585,0.0235,67.7582
0.0595,0.0235,67.4916
0.0605,0.0235,67.2339
0.0615,0.0235,66.9847
0.0625,0.0235,66.7438
0.0635,0.0235,66.5109
0.0645,0.0235,66.2858
0.0655,0.0235,66.0684
0.0665,0.0235,65.8584
0.0675,0.0235,65.6556
0.0685,0.0235,65.46
0.0695,0.0235,65.2715
0.0705,0.0235,65.0897
0.0715,0.0235,64.9148
0.0725,0.0235,64.7465
0.0735,0.0235,64.5848
0.0745,0.0235,64.4296
0.0755,0.0235,64.2808
0.0765,0.0235,64.1384
0.0775,0.0235,64.0022
0.0785,0.0235,63.8722
0.0795,0.0235,63.7484
0.0805,0.0235,63.6307
0.0815,0.0235,63.519
0.0825,0.0235,63.4134
0.0835,0.0235,63.3138
0.0845,0.0235,63.2201
0.0855,0.0235,63.1323
0.0865,0.0235,63.0504
0.0875,0.0235,62.9743
0.0885,0.0235,62.9041
0.0895,0.0235,62.8396
0.0905,0.0235,62.781
0.0915,0.0235,62.7281
0.0925,0.0235,62.681
0.0935,0.0235,62.6397
0.0945,0.0235,62.604
0.0955,0.0235,62.5741
0.0965,0.0235,62.5499
0.0975,0.0235,62.5314
0.0985,0.0235,62.5186
0.0995,0.0235,62.5115
0.0005,0.0245,74.2592
0.0015,0.0245,74.2685
0.0025,0.0245,74.2901
0.0035,0.0245,74.3242
0.0045,0.0245,74.371
0.0055,0.0245,74.4306
0.0065,0.0245,74.5035
0.0075,0.0245,74.59
0.0085,0.0245,74.6906
0.0095,0.0245,74.8058
0.0105,0.0245,74.9363
0.0115,0.0245,75.0829
0.0125,0.0245,75.2466
0.0135,0.0245,75.4284
0.0145,0.0245,75.6296
0.0155,0.0245,75.8514
0.0165,0.0245,76.0954
0.0175,0.0245,76.3621
0.0185,0.0245,76.6505
0.0195,0.0245,76.9549
0.0205,0.0245,77.262
0.0215,0.0245,77.5524
0.0225,0.0245,77.809
0.0235,0.0245,78.0225
0.0245,0.0245,78.1898
0.0255,0.0245,78.3105
0.0265,0.0245,78.3856
0.0275,0.0245,78.4159
0.0285,0.0245,78.4024
0.0295,0.0245,78.3456
0.0305,0.0245,78.2458
0.0315,0.0245,78.103
0.0325,0.0245,77.917
0.0335,0.0245,77.6873
0.0345,0.0245,77.4132
0.0355,0.0245,77.0937
0.0365,0.0245,76.7278
0.0375,0.0245,76.3149
0.0385,0.0245,75.8563
0.0395,0.0245,75.3578
0.0405,0.0245,74.8327
0.0415,0.0245,74.3004
0.0425,0.0245,73.7778
0.0435,0.0245,73.274
0.0445,0.0245,72.792
0.0455,0.0245,72.3317
0.0465,0.0245,71.8918
0.0475,0.0245,71.4708
0.0485,0.0245,71.0673
0.0495,0.0245,70.6801
0.0505,0.0245,70.308
0.0515,0.0245,69.9501
0.0525,0.0245,69.6055
0.0535,0.0245,69.2735
0.0545,0.0245,68.9533
0.0555,0.0245,68.6443
0.0565,0.0245,68.3461
0.0575,0.0245,68.0581
0.0585,0.0245,67.7798
0.0595,0.0245,67.511
0.0605,0.0245,67.2513
0.0615,0.0245,67.0003
0.0625,0.0245,66.7577
0.0635,0.0245,66.5234
0.0645,0.0245,66.297
0.0655,0.0245,66.0784
0.0665,0.0245,65.8674
0.0675,0.0245,65.6637
0.0685,0.0245,65.4673
0.0695,0.0245,65.278
0.0705,0.0245,65.0956
0.0715,0.0245,64.9201
0.0725,0.0245,64.7513
0.0735,0.0245,64.5891
0.0745,0.0245,64.4334
0.0755,0.0245,64.2843
0.0765,0.0245,64.1415
0.0775,0.0245,64.005
0.0785,0.0245,63.8747
0.0795,0.0245,63.7507
0.0805,0.0245,63.6327
0.0815,0.0245,63.5209
0.0825,0.0245,63.4151
0.0835,0.0245,63.3153
0.0845,0.0245,63.2214
0.0855,0.0245,63.1335
0.0865,0.0245,63.0515
0.0875,0.0245,62.9753
0.0885,0.0245,62.905
0.0895,0.0245,62.8405
0.0905,0.0245,62.7818
0.0915,0.0245,62.7289
0.0925,0.0245,62.6817
0.0935,0.0245,62.6403
0.0945,0.0245,62.6046
0.0955,0.0245,62.5747
0.0965,0.0245,62.5504
0.0975,0.0245,62.5319
0.0985,0.0245,62.5191
0.0995,0.0245,62.512
0.0005,0.0255,74.2899
0.0015,0.0255,74.2995
0.0025,0.0255,74.3218
0.0035,0.0255,74.357
0.0045,0.0255,74.4053
0.0055,0.0255,74.467
0.0065,0.0255,74.5424
0.0075,0.0255,74.6319
0.0085,0.0255,74.7361
0.0095,0.0255,74.8556
0.0105,0.0255,74.9911
0.0115,0.0255,75.1436
0.0125,0.0255,75.314
0.0135,0.0255,75.5035
0.0145,0.0255,75.7135
0.0155,0.0255,75.9455
0.0165,0.0255,76.2007
0.0175,0.0255,76.4799
0.0185,0.0255,76.782
0.0195,0.0255,77.1008
0.0205,0.0255,77.4226
0.0215,0.0255,77.7274
0.0225,0.0255,77.9974
0.0235,0.0255,78.2229
0.0245,0.0255,78.4005
0.0255,0.0255,78.5298
0.0265,0.0255,78.6118
0.0275,0.0255,78.6473
0.0285,0.0255,78.6374
0.0295,0.0255,78.5825
0.0305,0.0255,78.483
0.0315,0.0255,78.3389
0.0325,0.0255,78.1501
0.0335,0.0255,77.9159
0.0345,0.0255,77.6356
0.0355,0.0255,77.3082
0.0365,0.0255,76.9326
0.0375,0.0255,76.5084
0.0385,0.0255,76.0369
0.0395,0.0255,75.5243
0.0405,0.0255,74.9844
0.0415,0.0255,74.4372
0.0425,0.0255,73.9002
0.0435,0.0255,73.3831
0.0445,0.0255,72.8889
0.0455,0.0255,72.4176
0.0465,0.0255,71.9679
0.0475,0.0255,71.5382
0.0485,0.0255,71.1271
0.0495,0.0255,70.7331
0.0505,0.0255,70.3551
0.0515,0.0255,69.9919
0.0525,0.0255,69.6427
0.0535,0.0255,69.3065
0.0545,0.0255,68.9827
0.0555,0.0255,68.6706
0.0565,0.0255,68.3695
0.0575,0.0255,68.079
0.0585,0.0255,67.7985
0.0595,0.0255,67.5277
0.0605,0.0255,67.2662
0.0615,0.0255,67.0137
0.0625,0.0255,66.7697
0.0635,0.0255,66.5341
0.0645,0.0255,66.3067
0.0655,0.0255,66.0871
0.0665,0.0255,65.8751
0.0675,0.0255,65.6707
0.0685,0.0255,65.4735
0.0695,0.0255,65.2836
0.0705,0.0255,65.1006
0.0715,0.0255,64.9246
0.0725,0.0255,64.7553
0.0735,0.0255,64.5927
0.0745,0.0255,64.4367
0.0755,0.0255,64.2872
0.0765,0.0255,64.1441
0.0775,0.0255,64.0074
0.0785,0.0255,63.8769
0.0795,0.0255,63.7526
0.0805,0.0255,63.6345
0.0815,0.0255,63.5225
0.0825,0.0255,63.4165
0.0835,0.0255,63.3166
0.0845,0.0255,63.2226
0.0855,0.0255,63.1346
0.0865,0.0255,63.0524
0.0875,0.0255,62.9762
0.0885,0.0255,62.9058
0.0895,0.0255,62.8412
0.0905,0.0255,62.7825
0.0915,0.0255,62.7295
0.0925,0.0255,62.6823
0.0935,0.0255,62.6408
0.0945,0.0255,62.6051
0.0955,0.0255,62.5752
0.0965,0.0255,62.5509
0.0975,0.0255,62.5324
0.0985,0.0255,62.5195
0.0995,0.0255,62.5124
0.0005,0.0265,74.3153
0.0015,0.0265,74.3251
0.0025,0.0265,74.348
0.0035,0.0265,74.3842
0.0045,0.0265,74.4338
0.0055,0.0265,74.4971
0.0065,0.0265,74.5746
0.0075,0.0265,74.6666
0.0085,0.0265,74.7738
0.0095,0.0265,74.8969
0.0105,0.0265,75.0366
0.0115,0.0265,75.1939
0.0125,0.0265,75.3698
0.0135,0.0265,75.5657
0.0145,0.0265,75.7829
0.0155,0.0265,76.023
0.0165,0.0265,76.2872
0.0175,0.0265,76.5764
0.0185,0.0265,76.8892
0.0195,0.0265,77.2192
0.0205,0.0265,77.5524
0.0215,0.0265,77.8683
0.0225,0.0265,78.1487
0.0235,0.0265,78.3836
0.0245,0.0265,78.5694
0.0255,0.0265,78.7056
0.0265,0.0265,78.7932
0.0275,0.0265,78.8329
0.0285,0.0265,78.8258
0.0295,0.0265,78.7725
0.0305,0.0265,78.6733
0.0315,0.0265,78.5282
0.0325,0.0265,78.337
0.0335,0.0265,78.0992
0.0345,0.0265,77.8139
0.0355,0.0265,77.4802
0.0365,0.0265,77.0969
0.0375,0.0265,76.6637
0.0385,0.0265,76.1821
0.0395,0.0265,75.6586
0.0405,0.0265,75.1072
0.0415,0.0265,74.5485
0.0425,0.0265,74.0003
0.0435,0.0265,73.4726
0.0445,0.0265,72.9686
0.0455,0.0265,72.4884
0.0465,0.0265,72.0308
0.0475,0.0265,71.594
0.0485,0.0265,71.1766
0.0495,0.0265,70.777
0.0505,0.0265,70.3941
0.0515,0.0265,70.0266
0.0525,0.0265,69.6735
0.0535,0.0265,69.3339
0.0545,0.0265,69.0071
0.0555,0.0265,68.6923
0.0565,0.0265,68.3889
0.0575,0.0265,68.0963
0.0585,0.0265,67.814
0.0595,0.0265,67.5416
0.0605,0.0265,67.2786
0.0615,0.0265,67.0247
0.0625,0.0265,66.7796
0.0635,0.0265,66.543
0.0645,0.0265,66.3146
0.0655,0.0265,66.0942
0.0665,0.0265,65.8815
0.0675,0.0265,65.6764
0.0685,0.0265,65.4787
0.0695,0.0265,65.2882
0.0705,0.0265,65.1048
0.0715,0.0265,64.9283
0.0725,0.0265,64.7587
0.0735,0.0265,64.5958
0.0745,0.0265,64.4394
0.0755,0.0265,64.2897
0.0765,0.0265,64.1463
0.0775,0.0265,64.0093
0.0785,0.0265,63.8787
0.0795,0.0265,63.7542
0.0805,0.0265,63.6359
0.0815,0.0265,63.5238
0.0825,0.0265,63.4177
0.0835,0.0265,63.3176
0.0845,0.0265,63.2236
0.0855,0.0265,63.1354
0.0865,0.0265,63.0532
0.0875,0.0265,62.9769
0.0885,0.0265,62.9065
0.0895,0.0265,62.8418
0.0905,0.0265,62.783
0.0915,0.0265,62.73
0.0925,0.0265,62.6828
0.0935,0.0265,62.6413
0.0945,0.0265,62.6056
0.0955,0.0265,62.5756
0.0965,0.0265,62.5513
0.0975,0.0265,62.5327
0.0985,0.0265,62.5199
0.0995,0.0265,62.5128
0.0005,0.0275,74.3351
0.0015,0.0275,74.345
0.0025,0.0275,74.3684
0.0035,0.0275,74.4053
0.0045,0.0275,74.4559
0.0055,0.0275,74.5205
0.0065,0.0275,74.5996
0.0075,0.0275,74.6937
0.0085,0.0275,74.8032
0.0095,0.0275,74.929
0.0105,0.0275,75.072
0.0115,0.0275,75.233
0.0125,0.0275,75.4133
0.0135,0.0275,75.614
0.0145,0.0275,75.8368
0.0155,0.0275,76.083
0.0165,0.0275,76.3542
0.0175,0.0275,76.6508
0.0185,0.0275,76.9716
0.0195,0.0275,77.3099
0.0205,0.0275,77.6515
0.0215,0.0275,77.9755
0.0225,0.0275,78.2637
0.0235,0.0275,78.5056
0.0245,0.0275,78.6975
0.0255,0.0275,78.839
0.0265,0.0275,78.9307
0.0275,0.0275,78.9737
0.0285,0.0275,78.9688
0.0295,0.0275,78.9167
0.0305,0.0275,78.8177
0.0315,0.0275,78.6718
0.0325,0.0275,78.4788
0.0335,0.0275,78.2382
0.0345,0.0275,77.9491
0.0355,0.0275,77.6105
0.0365,0.0275,77.2215
0.0375,0.0275,76.7816
0.0385,0.0275,76.2925
0.0395,0.0275,75.7609
0.0405,0.0275,75.2011
0.0415,0.0275,74.6338
0.0425,0.0275,74.0773
0.0435,0.0275,73.5417
0.0445,0.0275,73.0304
0.0455,0.0275,72.5434
0.0465,0.0275,72.0796
0.0475,0.0275,71.6374
0.0485,0.0275,71.2151
0.0495,0.0275,70.8112
0.0505,0.0275,70.4244
0.0515,0.0275,70.0535
0.0525,0.0275,69.6975
0.0535,0.0275,69.3553
0.0545,0.0275,69.0261
0.0555,0.0275,68.7092
0.0565,0.0275,68.404
0.0575,0.0275,68.1097
0.0585,0.0275,67.826
0.0595,0.0275,67.5523
0.0605,0.0275,67.2882
0.0615,0.0275,67.0333
0.0625,0.0275,66.7873
0.0635,0.0275,66.5499
0.0645,0.0275,66.3208
0.0655,0.0275,66.0997
0.0665,0.0275,65.8865
0.0675,0.0275,65.6809
0.0685,0.0275,65.4827
0.0695,0.0275,65.2918
0.0705,0.0275,65.108
0.0715,0.0275,64.9312
0.0725,0.0275,64.7613
0.0735,0.0275,64.5981
0.0745,0.0275,64.4416
0.0755,0.0275,64.2915
0.0765,0.0275,64.148
0.0775,0.0275,64.0109
0.0785,0.0275,63.88
0.0795,0.0275,63.7554
0.0805,0.0275,63.6371
0.0815,0.0275,63.5248
0.0825,0.0275,63.4186
0.0835,0.0275,63.3185
0.0845,0.0275,63.2243
0.0855,0.0275,63.1361
0.0865,0.0275,63.0539
0.0875,0.0275,62.9775
0.0885,0.0275,62.907
0.0895,0.0275,62.8423
0.0905,0.0275,62.7835
0.0915,0.0275,62.7304
0.0925,0.0275,62.6831
0.0935,0.0275,62.6416
0.0945,0.0275,62.6059
0.0955,0.0275,62.5759
0.0965,0.0275,62.5516
0.0975,0.0275,62.533
0.0985,0.0275,62.5202
0.0995,0.0275,62.513
0.0005,0.0285,74.3489
0.0015,0.0285,74.359
0.0025,0.0285,74.3827
0.0035,0.0285,74.4201
0.0045,0.0285,74.4714
0.0055,0.0285,74.5369
0.0065,0.0285,74.6172
0.0075,0.0285,74.7126
0.0085,0.0285,74.8238
0.0095,0.0285,74.9516
0.0105,0.0285,75.0968
0.0115,0.0285,75.2604
0.0125,0.0285,75.4437
0.0135,0.0285,75.6479
0.0145,0.0285,75.8745
0.0155,0.0285,76.125
0.0165,0.0285,76.4008
0.0175,0.0285,76.7026
0.0185,0.0285,77.0288
0.0195,0.0285,77.3727
0.0205,0.0285,77.72
0.0215,0.0285,78.0495
0.0225,0.0285,78.3429
0.0235,0.0285,78.5895
0.0245,0.0285,78.7857
0.0255,0.0285,78.9307
0.0265,0.0285,79.0253
0.0275,0.0285,79.0705
0.0285,0.0285,79.0672
0.0295,0.0285,79.0159
0.0305,0.0285,78.917
0.0315,0.0285,78.7706
0.0325,0.0285,78.5764
0.0335,0.0285,78.3339
0.0345,0.0285,78.0421
0.0355,0.0285,77.7002
0.0365,0.0285,77.3072
0.0375,0.0285,76.8628
0.0385,0.0285,76.3686
0.0395,0.0285,75.8315
0.0405,0.0285,75.266
0.0415,0.0285,74.693
0.0425,0.0285,74.1308
0.0435,0.0285,73.5898
0.0445,0.0285,73.0735
0.0455,0.0285,72.5819
0.0465,0.0285,72.1139
0.0475,0.0285,71.6678
0.0485,0.0285,71.2421
0.0495,0.0285,70.8352
0.0505,0.0285,70.4457
0.0515,0.0285,70.0725
0.0525,0.0285,69.7143
0.0535,0.0285,69.3702
0.0545,0.0285,69.0394
0.0555,0.0285,68.7211
0.0565,0.0285,68.4146
0.0575,0.0285,68.1192
0.0585,0.0285,67.8344
0.0595,0.0285,67.5598
0.0605,0.0285,67.2949
0.0615,0.0285,67.0393
0.0625,0.0285,66.7927
0.0635,0.0285,66.5547
0.0645,0.0285,66.3251
0.0655,0.0285,66.1036
0.0665,0.0285,65.89
0.0675,0.0285,65.684
0.0685,0.0285,65.4855
0.0695,0.0285,65.2943
0.0705,0.0285,65.1103
0.0715,0.0285,64.9332
0.0725,0.0285,64.7631
0.0735,0.0285,64.5997
0.0745,0.0285,64.443
0.0755,0.0285,64.2929
0.0765,0.0285,64.1492
0.0775,0.0285,64.0119
0.0785,0.0285,63.881
0.0795,0.0285,63.7563
0.0805,0.0285,63.6378
0.0815,0.0285,63.5255
0.0825,0.0285,63.4192
0.0835,0.0285,63.319
0.0845,0.0285,63.2248
0.0855,0.0285,63.1366
0.0865,0.0285,63.0543
0.0875,0.0285,62.9779
0.0885,0.0285,62.9073
0.0895,0.0285,62.8426
0.0905,0.0285,62.7838
0.0915,0.0285,62.7307
0.0925,0.0285,62.6834
0.0935,0.0285,62.6419
0.0945,0.0285,62.6061
0.0955,0.0285,62.5761
0.0965,0.0285,62.5518
0.0975,0.0285,62.5332
0.0985,0.0285,62.5204
0.0995,0.0285,62.5132
0.0005,0.0295,74.3566
0.0015,0.0295,74.3668
0.0025,0.0295,74.3907
0.0035,0.0295,74.4283
0.0045,0.0295,74.4801
0.0055,0.0295,74.5461
0.0065,0.0295,74.627
0.0075,0.0295,74.7232
0.0085,0.0295,74.8354
0.0095,0.0295,74.9642
0.0105,0.0295,75.1107
0.0115,0.0295,75.2758
0.0125,0.0295,75.4607
0.0135,0.0295,75.6668
0.0145,0.0295,75.8956
0.0155,0.0295,76.1485
0.0165,0.0295,76.4269
0.0175,0.0295,76.7315
0.0185,0.0295,77.0606
0.0195,0.0295,77.4077
0.0205,0.0295,77.758
0.0215,0.0295,78.0905
0.0225,0.0295,78.3867
0.0235,0.0295,78.636
0.0245,0.0295,78.8344
0.0255,0.0295,78.9814
0.0265,0.0295,79.0777
0.0275,0.0295,79.1241
0.0285,0.0295,79.1216
0.0295,0.0295,79.0708
0.0305,0.0295,78.972
0.0315,0.0295,78.8253
0.0325,0.0295,78.6304
0.0335,0.0295,78.3868
0.0345,0.0295,78.0936
0.0355,0.0295,77.7499
0.0365,0.0295,77.3547
0.0375,0.0295,76.9077
0.0385,0.0295,76.4108
0.0395,0.0295,75.8707
0.0405,0.0295,75.3021
0.0415,0.0295,74.7259
0.0425,0.0295,74.1606
0.0435,0.0295,73.6167
0.0445,0.0295,73.0975
0.0455,0.0295,72.6034
0.0465,0.0295,72.133
0.0475,0.0295,71.6848
0.0485,0.0295,71.2572
0.0495,0.0295,70.8486
0.0505,0.0295,70.4577
0.0515,0.0295,70.0831
0.0525,0.0295,69.7237
0.0535,0.0295,69.3786
0.0545,0.0295,69.0469
0.0555,0.0295,68.7277
0.0565,0.0295,68.4205
0.0575,0.0295,68.1245
0.0585,0.0295,67.8391
0.0595,0.0295,67.564
0.0605,0.0295,67.2987
0.0615,0.0295,67.0427
0.0625,0.0295,66.7957
0.0635,0.0295,66.5574
0.0645,0.0295,66.3275
0.0655,0.0295,66.1058
0.0665,0.0295,65.8919
0.0675,0.0295,65.6857
0.0685,0.0295,65.4871
0.0695,0.0295,65.2957
0.0705,0.0295,65.1115
0.0715,0.0295,64.9344
0.0725,0.0295,64.7641
0.0735,0.0295,64.6006
0.0745,0.0295,64.4438
0.0755,0.0295,64.2936
0.0765,0.0295,64.1499
0.0775,0.0295,64.0125
0.0785,0.0295,63.8815
0.0795,0.0295,63.7568
0.0805,0.0295,63.6383
0.0815,0.0295,63.5259
0.0825,0.0295,63.4196
0.0835,0.0295,63.3194
0.0845,0.0295,63.2251
0.0855,0.0295,63.1369
0.0865,0.0295,63.0545
0.0875,0.0295,62.9781
0.0885,0.0295,62.9075
0.0895,0.0295,62.8428
0.0905,0.0295,62.7839
0.0915,0.0295,62.7309
0.0925,0.0295,62.6835
0.0935,0.0295,62.642
0.0945,0.0295,62.6062
0.0955,0.0295,62.5762
0.0965,0.0295,62.5519
0.0975,0.0295,62.5333
0.0985,0.0295,62.5205
0.0995,0.0295,62.5133
0.0005,0.0305,74.3582
0.0015,0.0305,74.3684
0.0025,0.0305,74.3923
0.0035,0.0305,74.43
0.0045,0.0305,74.4818
0.0055,0.0305,74.548
0.0065,0.0305,74.629
0.0075,0.0305,74.7253
0.0085,0.0305,74.8377
0.0095,0.0305,74.9668
0.0105,0.0305,75.1135
0.0115,0.0305,75.2789
0.0125,0.0305,75.4641
0.0135,0.0305,75.6706
0.0145,0.0305,75.8998
0.0155,0.0305,76.1532
0.0165,0.0305,76.4321
0.0175,0.0305,76.7373
0.0185,0.0305,77.067
0.0195,0.0305,77.4146
0.0205,0.0305,77.7656
0.0215,0.0305,78.0987
0.0225,0.0305,78.3955
0.0235,0.0305,78.6453
0.0245,0.0305,78.8442
0.0255,0.0305,78.9916
0.0265,0.0305,79.0881
0.0275,0.0305,79.1348
0.0285,0.0305,79.1325
0.0295,0.0305,79.0818
0.0305,0.0305,78.983
0.0315,0.0305,78.8362
0.0325,0.0305,78.6412
0.0335,0.0305,78.3973
0.0345,0.0305,78.1039
0.0355,0.0305,77.7598
0.0365,0.0305,77.3641
0.0375,0.0305,76.9167
0.0385,0.0305,76.4192
0.0395,0.0305,75.8785
0.0405,0.0305,75.3093
0.0415,0.0305,74.7325
0.0425,0.0305,74.1666
0.0435,0.0305,73.622
0.0445,0.0305,73.1023
0.0455,0.0305,72.6077
0.0465,0.0305,72.1368
0.0475,0.0305,71.6882
0.0485,0.0305,71.2603
0.0495,0.0305,70.8513
0.0505,0.0305,70.4601
0.0515,0.0305,70.0852
0.0525,0.0305,69.7256
0.0535,0.0305,69.3803
0.0545,0.0305,69.0484
0.0555,0.0305,68.7291
0.0565,0.0305,68.4217
0.0575,0.0305,68.1255
0.0585,0.0305,67.8401
0.0595,0.0305,67.5649
0.0605,0.0305,67.2995
0.0615,0.0305,67.0434
0.0625,0.0305,66.7963
0.0635,0.0305,66.558
0.0645,0.0305,66.328
0.0655,0.0305,66.1062
0.0665,0.0305,65.8923
0.0675,0.0305,65.6861
0.0685,0.0305,65.4874
0.0695,0.0305,65.296
0.0705,0.0305,65.1118
0.0715,0.0305,64.9346
0.0725,0.0305,64.7643
0.0735,0.0305,64.6008
0.0745,0.0305,64.444
0.0755,0.0305,64.2938
0.0765,0.0305,64.15
0.0775,0.0305,64.0127
0.0785,0.0305,63.8816
0.0795,0.0305,63.7569
0.0805,0.0305,63.6384
0.0815,0.0305,63.526
0.0825,0.0305,63.4197
0.0835,0.0305,63.3194
0.0845,0.0305,63.2252
0.0855,0.0305,63.1369
0.0865,0.0305,63.0546
0.0875,0.0305,62.9781
0.0885,0.0305,62.9076
0.0895,0.0305,62.8429
0.0905,0.0305,62.784
0.0915,0.0305,62.7309
0.0925,0.0305,62.6836
0.0935,0.0305,62.642
0.0945,0.0305,62.6063
0.0955,0.0305,62.5762
0.0965,0.0305,62.5519
0.0975,0.0305,62.5334
0.0985,0.0305,62.5205
0.0995,0.0305,62.5134
0.0005,0.0315,74.3535
0.0015,0.0315,74.3637
0.0025,0.0315,74.3875
0.0035,0.0315,74.425
0.0045,0.0315,74.4766
0.0055,0.0315,74.5425
0.0065,0.0315,74.6231
0.0075,0.0315,74.719
0.0085,0.0315,74.8307
0.0095,0.0315,74.9592
0.0105,0.0315,75.1051
0.0115,0.0315,75.2696
0.0125,0.0315,75.4539
0.0135,0.0315,75.6592
0.0145,0.0315,75.8871
0.0155,0.0315,76.1391
0.0165,0.0315,76.4165
0.0175,0.0315,76.7199
0.0185,0.0315,77.0479
0.0195,0.0315,77.3937
0.0205,0.0315,77.7428
0.0215,0.0315,78.0741
0.0225,0.0315,78.3692
0.0235,0.0315,78.6174
0.0245,0.0315,78.8149
0.0255,0.0315,78.9612
0.0265,0.0315,79.0568
0.0275,0.0315,79.1027
0.0285,0.0315,79.0999
0.0295,0.0315,79.0489
0.0305,0.0315,78.95
0.0315,0.0315,78.8034
0.0325,0.0315,78.6088
0.0335,0.0315,78.3656
0.0345,0.0315,78.073
0.0355,0.0315,77.73
0.0365,0.0315,77.3357
0.0375,0.0315,76.8897
0.0385,0.0315,76.3939
0.0395,0.0315,75.855
0.0405,0.0315,75.2876
0.0415,0.0315,74.7127
0.0425,0.0315,74.1487
0.0435,0.0315,73.6059
0.0445,0.0315,73.0879
0.0455,0.0315,72.5948
0.0465,0.0315,72.1253
0.0475,0.0315,71.678
0.0485,0.0315,71.2512
0.0495,0.0315,70.8432
0.0505,0.0315,70.4529
0.0515,0.0315,70.0788
0.0525,0.0315,69.7199
0.0535,0.0315,69.3753
0.0545,0.0315,69.0439
0.0555,0.0315,68.7251
0.0565,0.0315,68.4181
0.0575,0.0315,68.1223
0.0585,0.0315,67.8373
0.0595,0.0315,67.5624
0.0605,0.0315,67.2972
0.0615,0.0315,67.0414
0.0625,0.0315,66.7945
0.0635,0.0315,66.5564
0.0645,0.0315,66.3266
0.0655,0.0315,66.1049
0.0665,0.0315,65.8911
0.0675,0.0315,65.685
0.0685,0.0315,65.4864
0.0695,0.0315,65.2951
0.0705,0.0315,65.111
0.0715,0.0315,64.9339
0.0725,0.0315,64.7637
0.0735,0.0315,64.6003
0.0745,0.0315,64.4435
0.0755,0.0315,64.2933
0.0765,0.0315,64.1496
0.0775,0.0315,64.0123
0.0785,0.0315,63.8813
0.0795,0.0315,63.7566
0.0805,0.0315,63.6381
0.0815,0.0315,63.5257
0.0825,0.0315,63.4195
0.0835,0.0315,63.3192
0.0845,0.0315,63.225
0.0855,0.0315,63.1367
0.0865,0.0315,63.0544
0.0875,0.0315,62.978
0.0885,0.0315,62.9075
0.0895,0.0315,62.8428
0.0905,0.0315,62.7839
0.0915,0.0315,62.7308
0.0925,0.0315,62.6835
0.0935,0.0315,62.642
0.0945,0.0315,62.6062
0.0955,0.0315,62.5762
0.0965,0.0315,62.5519
0.0975,0.0315,62.5333
0.0985,0.0315,62.5204
0.0995,0.0315,62.5133
0.0005,0.0325,74.3427
0.0015,0.0325,74.3528
0.0025,0.0325,74.3763
0.0035,0.0325,74.4135
0.0045,0.0325,74.4645
0.0055,0.0325,74.5296
0.0065,0.0325,74.6094
0.0075,0.0325,74.7042
0.0085,0.0325,74.8146
0.0095,0.0325,74.9415
0.0105,0.0325,75.0857
0.0115,0.0325,75.2482
0.0125,0.0325,75.4301
0.0135,0.0325,75.6328
0.0145,0.0325,75.8577
0.0155,0.0325,76.1063
0.0165,0.0325,76.3801
0.0175,0.0325,76.6796
0.0185,0.0325,77.0033
0.0195,0.0325,77.3448
0.0205,0.0325,77.6895
0.0215,0.0325,78.0167
0.0225,0.0325,78.3077
0.0235,0.0325,78.5523
0.0245,0.0325,78.7465
0.0255,0.0325,78.89
0.0265,0.0325,78.9833
0.0275,0.0325,79.0276
0.0285,0.0325,79.0235
0.0295,0.0325,78.9719
0.0305,0.0325,78.8729
0.0315,0.0325,78.7268
0.0325,0.0325,78.5331
0.0335,0.0325,78.2914
0.0345,0.0325,78.0009
0.0355,0.0325,77.6604
0.0365,0.0325,77.2692
0.0375,0.0325,76.8267
0.0385,0.0325,76.3348
0.0395,0.0325,75.8001
0.0405,0.0325,75.2372
0.0415,0.0325,74.6667
0.0425,0.0325,74.107
0.0435,0.0325,73.5684
0.0445,0.0325,73.0543
0.0455,0.0325,72.5648
0.0465,0.0325,72.0986
0.0475,0.0325,71.6543
0.0485,0.0325,71.2301
0.0495,0.0325,70.8245
0.0505,0.0325,70.4362
0.0515,0.0325,70.064
0.0525,0.0325,69.7068
0.0535,0.0325,69.3636
0.0545,0.0325,69.0335
0.0555,0.0325,68.7158
0.0565,0.0325,68.4098
0.0575,0.0325,68.115
0.0585,0.0325,67.8307
0.0595,0.0325,67.5565
0.0605,0.0325,67.2919
0.0615,0.0325,67.0367
0.0625,0.0325,66.7903
0.0635,0.0325,66.5526
0.0645,0.0325,66.3232
0.0655,0.0325,66.1019
0.0665,0.0325,65.8884
0.0675,0.0325,65.6826
0.0685,0.0325,65.4842
0.0695,0.0325,65.2932
0.0705,0.0325,65.1093
0.0715,0.0325,64.9323
0.0725,0.0325,64.7623
0.0735,0.0325,64.599
0.0745,0.0325,64.4424
0.0755,0.0325,64.2923
0.0765,0.0325,64.1487
0.0775,0.0325,64.0115
0.0785,0.0325,63.8806
0.0795,0.0325,63.7559
0.0805,0.0325,63.6375
0.0815,0.0325,63.5252
0.0825,0.0325,63.419
0.0835,0.0325,63.3188
0.0845,0.0325,63.2246
0.0855,0.0325,63.1364
0.0865,0.0325,63.0541
0.0875,0.0325,62.9777
0.0885,0.0325,62.9072
0.0895,0.0325,62.8425
0.0905,0.0325,62.7836
0.0915,0.0325,62.7306
0.0925,0.0325,62.6833
0.0935,0.0325,62.6418
0.0945,0.0325,62.606
0.0955,0.0325,62.576
0.0965,0.0325,62.5517
0.0975,0.0325,62.5331
0.0985,0.0325,62.5203
0.0995,0.0325,62.5131
0.0005,0.0335,74.3259
0.0015,0.0335,74.3358
0.0025,0.0335,74.359
0.0035,0.0335,74.3955
0.0045,0.0335,74.4456
0.0055,0.0335,74.5097
0.0065,0.0335,74.588
0.0075,0.0335,74.6811
0.0085,0.0335,74.7896
0.0095,0.0335,74.9141
0.0105,0.0335,75.0556
0.0115,0.0335,75.2149
0.0125,0.0335,75.3931
0.0135,0.0335,75.5917
0.0145,0.0335,75.8119
0.0155,0.0335,76.0552
0.0165,0.0335,76.3232
0.0175,0.0335,76.6164
0.0185,0.0335,76.9335
0.0195,0.0335,77.2681
0.0205,0.0335,77.6058
0.0215,0.0335,77.9261
0.0225,0.0335,78.2107
0.0235,0.0335,78.4494
0.0245,0.0335,78.6385
0.0255,0.0335,78.7776
0.0265,0.0335,78.8673
0.0275,0.0335,78.9089
0.0285,0.0335,78.9029
0.0295,0.0335,78.8503
0.0305,0.0335,78.7512
0.0315,0.0335,78.6057
0.0325,0.0335,78.4135
0.0335,0.0335,78.1742
0.0345,0.0335,77.8869
0.0355,0.0335,77.5505
0.0365,0.0335,77.1641
0.0375,0.0335,76.7273
0.0385,0.0335,76.2417
0.0395,0.0335,75.7137
0.0405,0.0335,75.1578
0.0415,0.0335,74.5944
0.0425,0.0335,74.0417
0.0435,0.0335,73.5097
0.0445,0.0335,73.0018
0.0455,0.0335,72.518
0.0465,0.0335,72.057
0.0475,0.0335,71.6173
0.0485,0.0335,71.1972
0.0495,0.0335,70.7954
0.0505,0.0335,70.4104
0.0515,0.0335,70.041
0.0525,0.0335,69.6864
0.0535,0.0335,69.3454
0.0545,0.0335,69.0173
0.0555,0.0335,68.7014
0.0565,0.0335,68.397
0.0575,0.0335,68.1035
0.0585,0.0335,67.8204
0.0595,0.0335,67.5473
0.0605,0.0335,67.2837
0.0615,0.0335,67.0293
0.0625,0.0335,66.7838
0.0635,0.0335,66.5467
0.0645,0.0335,66.3179
0.0655,0.0335,66.0972
0.0665,0.0335,65.8842
0.0675,0.0335,65.6788
0.0685,0.0335,65.4808
0.0695,0.0335,65.2901
0.0705,0.0335,65.1065
0.0715,0.0335,64.9299
0.0725,0.0335,64.7601
0.0735,0.0335,64.597
0.0745,0.0335,64.4406
0.0755,0.0335,64.2907
0.0765,0.0335,64.1472
0.0775,0.0335,64.0102
0.0785,0.0335,63.8794
0.0795,0.0335,63.7549
0.0805,0.0335,63.6365
0.0815,0.0335,63.5243
0.0825,0.0335,63.4182
0.0835,0.0335,63.3181
0.0845,0.0335,63.224
0.0855,0.0335,63.1358
0.0865,0.0335,63.0536
0.0875,0.0335,62.9772
0.0885,0.0335,62.9067
0.0895,0.0335,62.8421
0.0905,0.0335,62.7833
0.0915,0.0335,62.7302
0.0925,0.0335,62.683
0.0935,0.0335,62.6415
0.0945,0.0335,62.6057
0.0955,0.0335,62.5757
0.0965,0.0335,62.5514
0.0975,0.0335,62.5329
0.0985,0.0335,62.52
0.0995,0.0335,62.5129
0.0005,0.0345,74.3033
0.0015,0.0345,74.313
0.0025,0.0345,74.3356
0.0035,0.0345,74.3713
0.0045,0.0345,74.4203
0.0055,0.0345,74.4829
0.0065,0.0345,74.5594
0.0075,0.0345,74.6502
0.0085,0.0345,74.756
0.0095,0.0345,74.8774
0.0105,0.0345,75.0151
0.0115,0.0345,75.1701
0.0125,0.0345,75.3434
0.0135,0.0345,75.5363
0.0145,0.0345,75.7501
0.0155,0.0345,75.9863
0.0165,0.0345,76.2464
0.0175,0.0345,76.5309
0.0185,0.0345,76.8386
0.0195,0.0345,77.1635
0.0205,0.0345,77.4914
0.0215,0.0345,77.8021
0.0225,0.0345,78.0777
0.0235,0.0345,78.3082
0.0245,0.0345,78.4901
0.0255,0.0345,78.6231
0.0265,0.0345,78.708
0.0275,0.0345,78.7458
0.0285,0.0345,78.7374
0.0295,0.0345,78.6833
0.0305,0.0345,78.5839
0.0315,0.0345,78.4393
0.0325,0.0345,78.2493
0.0335,0.0345,78.0132
0.0345,0.0345,77.7302
0.0355,0.0345,77.3994
0.0365,0.0345,77.0198
0.0375,0.0345,76.5908
0.0385,0.0345,76.1139
0.0395,0.0345,75.5954
0.0405,0.0345,75.0494
0.0415,0.0345,74.4961
0.0425,0.0345,73.9531
0.0435,0.0345,73.4303
0.0445,0.0345,72.931
0.0455,0.0345,72.455
0.0465,0.0345,72.001
0.0475,0.0345,71.5676
0.0485,0.0345,71.1531
0.0495,0.0345,70.7562
0.0505,0.0345,70.3756
0.0515,0.0345,70.0102
0.0525,0.0345,69.6589
0.0535,0.0345,69.321
0.0545,0.0345,68.9956
0.0555,0.0345,68.682
0.0565,0.0345,68.3797
0.0575,0.0345,68.0881
0.0585,0.0345,67.8067
0.0595,0.0345,67.535
0.0605,0.0345,67.2728
0.0615,0.0345,67.0195
0.0625,0.0345,66.7749
0.0635,0.0345,66.5388
0.0645,0.0345,66.3109
0.0655,0.0345,66.0908
0.0665,0.0345,65.8785
0.0675,0.0345,65.6737
0.0685,0.0345,65.4763
0.0695,0.0345,65.286
0.0705,0.0345,65.1028
0.0715,0.0345,64.9266
0.0725,0.0345,64.7571
0.0735,0.0345,64.5943
0.0745,0.0345,64.4382
0.0755,0.0345,64.2885
0.0765,0.0345,64.1453
0.0775,0.0345,64.0084
0.0785,0.0345,63.8778
0.0795,0.0345,63.7534
0.0805,0.0345,63.6352
0.0815,0.0345,63.5232
0.0825,0.0345,63.4171
0.0835,0.0345,63.3171
0.0845,0.0345,63.2231
0.0855,0.0345,63.135
0.0865,0.0345,63.0529
0.0875,0.0345,62.9766
0.0885,0.0345,62.9062
0.0895,0.0345,62.8416
0.0905,0.0345,62.7828
0.0915,0.0345,62.7298
0.0925,0.0345,62.6825
0.0935,0.0345,62.6411
0.0945,0.0345,62.6054
0.0955,0.0345,62.5754
0.0965,0.0345,62.5511
0.0975,0.0345,62.5326
0.0985,0.0345,62.5197
0.0995,0.0345,62.5126
0.0005,0.0355,74.2752
0.0015,0.0355,74.2846
0.0025,0.0355,74.3066
0.0035,0.0355,74.3413
0.0045,0.0355,74.3889
0.0055,0.0355,74.4496
0.0065,0.0355,74.5238
0.0075,0.0355,74.6118
0.0085,0.0355,74.7143
0.0095,0.0355,74.8317
0.0105,0.0355,74.9649
0.0115,0.0355,75.1145
0.0125,0.0355,75.2817
0.0135,0.0355,75.4675
0.0145,0.0355,75.6733
0.0155,0.0355,75.9004
0.0165,0.0355,76.1503
0.0175,0.0355,76.4236
0.0185,0.0355,76.7192
0.0195,0.0355,77.0313
0.0205,0.0355,77.3461
0.0215,0.0355,77.6442
0.0225,0.0355,77.9079
0.0235,0.0355,78.1277
0.0245,0.0355,78.3004
0.0255,0.0355,78.4257
0.0265,0.0355,78.5043
0.0275,0.0355,78.5374
0.0285,0.0355,78.5258
0.0295,0.0355,78.4699
0.0305,0.0355,78.3703
0.0315,0.0355,78.2268
0.0325,0.0355,78.0394
0.0335,0.0355,77.8073
0.0345,0.0355,77.53
0.0355,0.0355,77.2063
0.0365,0.0355,76.8353
0.0375,0.0355,76.4165
0.0385,0.0355,75.9511
0.0395,0.0355,75.4451
0.0405,0.0355,74.9122
0.0415,0.0355,74.372
0.0425,0.0355,73.8417
0.0435,0.0355,73.3309
0.0445,0.0355,72.8425
0.0455,0.0355,72.3764
0.0465,0.0355,71.9314
0.0475,0.0355,71.5059
0.0485,0.0355,71.0984
0.0495,0.0355,70.7077
0.0505,0.0355,70.3325
0.0515,0.0355,69.9719
0.0525,0.0355,69.6249
0.0535,0.0355,69.2907
0.0545,0.0355,68.9686
0.0555,0.0355,68.658
0.0565,0.0355,68.3583
0.0575,0.0355,68.0689
0.0585,0.0355,67.7896
0.0595,0.0355,67.5197
0.0605,0.0355,67.2591
0.0615,0.0355,67.0073
0.0625,0.0355,66.764
0.0635,0.0355,66.529
0.0645,0.0355,66.302
0.0655,0.0355,66.0829
0.0665,0.0355,65.8714
0.0675,0.0355,65.6673
0.0685,0.0355,65.4706
0.0695,0.0355,65.2809
0.0705,0.0355,65.0982
0.0715,0.0355,64.9224
0.0725,0.0355,64.7534
0.0735,0.0355,64.591
0.0745,0.0355,64.4352
0.0755,0.0355,64.2858
0.0765,0.0355,64.1428
0.0775,0.0355,64.0062
0.0785,0.0355,63.8758
0.0795,0.0355,63.7517
0.0805,0.0355,63.6336
0.0815,0.0355,63.5217
0.0825,0.0355,63.4158
0.0835,0.0355,63.3159
0.0845,0.0355,63.222
0.0855,0.0355,63.1341
0.0865,0.0355,63.052
0.0875,0.0355,62.9758
0.0885,0.0355,62.9054
0.0895,0.0355,62.8409
0.0905,0.0355,62.7822
0.0915,0.0355,62.7292
0.0925,0.0355,62.682
0.0935,0.0355,62.6406
0.0945,0.0355,62.6049
0.0955,0.0355,62.5749
0.0965,0.0355,62.5507
0.0975,0.0355,62.5322
0.0985,0.0355,62.5193
0.0995,0.0355,62.5122
0.0005,0.0365,74.242
0.0015,0.0365,74.2511
0.0025,0.0365,74.2723
0.0035,0.0365,74.3058
0.0045,0.0365,74.3517
0.0055,0.0365,74.4103
0.0065,0.0365,74.4817
0.0075,0.0365,74.5665
0.0085,0.0365,74.665
0.0095,0.0365,74.7779
0.0105,0.0365,74.9056
0.0115,0.0365,75.049
0.0125,0.0365,75.2088
0.0135,0.0365,75.3863
0.0145,0.0365,75.5825
0.0155,0.0365,75.7986
0.0165,0.0365,76.036
0.0175,0.0365,76.2955
0.0185,0.0365,76.5759
0.0195,0.0365,76.8718
0.0205,0.0365,77.1701
0.0215,0.0365,77.452
0.0225,0.0365,77.7007
0.0235,0.0365,77.9072
0.0245,0.0365,78.0684
0.0255,0.0365,78.1842
0.0265,0.0365,78.2553
0.0275,0.0365,78.2828
0.0285,0.0365,78.2673
0.0295,0.0365,78.2093
0.0305,0.0365,78.1093
0.0315,0.0365,77.9672
0.0325,0.0365,77.7829
0.0335,0.0365,77.5558
0.0345,0.0365,77.2852
0.0355,0.0365,76.9702
0.0365,0.0365,76.6098
0.0375,0.0365,76.2035
0.0385,0.0365,75.7525
0.0395,0.0365,75.2624
0.0405,0.0365,74.7462
0.0415,0.0365,74.2227
0.0425,0.0365,73.7085
0.0435,0.0365,73.2125
0.0445,0.0365,72.7376
0.0455,0.0365,72.2835
0.0465,0.0365,71.8491
0.0475,0.0365,71.433
0.0485,0.0365,71.0339
0.0495,0.0365,70.6504
0.0505,0.0365,70.2817
0.0515,0.0365,69.9268
0.0525,0.0365,69.5847
0.0535,0.0365,69.255
0.0545,0.0365,68.9368
0.0555,0.0365,68.6296
0.0565,0.0365,68.3329
0.0575,0.0365,68.0463
0.0585,0.0365,67.7693
0.0595,0.0365,67.5016
0.0605,0.0365,67.2429
0.0615,0.0365,66.9928
0.0625,0.0365,66.751
0.0635,0.0365,66.5174
0.0645,0.0365,66.2916
0.0655,0.0365,66.0736
0.0665,0.0365,65.863
0.0675,0.0365,65.6598
0.0685,0.0365,65.4638
0.0695,0.0365,65.2748
0.0705,0.0365,65.0928
0.0715,0.0365,64.9175
0.0725,0.0365,64.749
0.0735,0.0365,64.587
0.0745,0.0365,64.4316
0.0755,0.0365,64.2826
0.0765,0.0365,64.14
0.0775,0.0365,64.0036
0.0785,0.0365,63.8735
0.0795,0.0365,63.7496
0.0805,0.0365,63.6317
0.0815,0.0365,63.52
0.0825,0.0365,63.4143
0.0835,0.0365,63.3145
0.0845,0.0365,63.2208
0.0855,0.0365,63.1329
0.0865,0.0365,63.0509
0.0875,0.0365,62.9748
0.0885,0.0365,62.9045
0.0895,0.0365,62.8401
0.0905,0.0365,62.7814
0.0915,0.0365,62.7285
0.0925,0.0365,62.6814
0.0935,0.0365,62.64
0.0945,0.0365,62.6043
0.0955,0.0365,62.5744
0.0965,0.0365,62.5502
0.0975,0.0365,62.5317
0.0985,0.0365,62.5189
0.0995,0.0365,62.5117
0.0005,0.0375,74.2041
0.0015,0.0375,74.2128
0.0025,0.0375,74.2332
0.0035,0.0375,74.2653
0.0045,0.0375,74.3093
0.0055,0.0375,74.3654
0.0065,0.0375,74.4338
0.0075,0.0375,74.5149
0.0085,0.0375,74.609
0.0095,0.0375,74.7166
0.0105,0.0375,74.8381
0.0115,0.0375,74.9744
0.0125,0.0375,75.126
0.0135,0.0375,75.2938
0.0145,0.0375,75.4789
0.0155,0.0375,75.6823
0.0165,0.0375,75.9051
0.0175,0.0375,76.1481
0.0185,0.0375,76.41
0.0195,0.0375,76.6859
0.0205,0.0375,76.9636
0.0215,0.0375,77.2254
0.0225,0.0375,77.4557
0.0235,0.0375,77.6461
0.0245,0.0375,77.7937
0.0255,0.0375,77.8983
0.0265,0.0375,77.9606
0.0275,0.0375,77.9815
0.0285,0.0375,77.9615
0.0295,0.0375,77.9012
0.0305,0.0375,77.8008
0.0315,0.0375,77.6603
0.0325,0.0375,77.4795
0.0335,0.0375,77.258
0.0345,0.0375,76.9953
0.0355,0.0375,76.6904
0.0365,0.0375,76.3426
0.0375,0.0375,75.9515
0.0385,0.0375,75.518
0.0395,0.0375,75.0475
0.0405,0.0375,74.552
0.0415,0.0375,74.0492
0.0425,0.0375,73.5546
0.0435,0.0375,73.0765
0.0445,0.0375,72.6175
0.0455,0.0375,72.1775
0.0465,0.0375,71.7554
0.0475,0.0375,71.3501
0.0485,0.0375,70.9605
0.0495,0.0375,70.5854
0.0505,0.0375,70.2239
0.0515,0.0375,69.8754
0.0525,0.0375,69.5391
0.0535,0.0375,69.2143
0.0545,0.0375,68.9005
0.0555,0.0375,68.5973
0.0565,0.0375,68.304
0.0575,0.0375,68.0205
0.0585,0.0375,67.7463
0.0595,0.0375,67.481
0.0605,0.0375,67.2244
0.0615,0.0375,66.9762
0.0625,0.0375,66.7362
0.0635,0.0375,66.5041
0.0645,0.0375,66.2797
0.0655,0.0375,66.0629
0.0665,0.0375,65.8534
0.0675,0.0375,65.6512
0.0685,0.0375,65.4561
0.0695,0.0375,65.2679
0.0705,0.0375,65.0865
0.0715,0.0375,64.9119
0.0725,0.0375,64.7439
0.0735,0.0375,64.5825
0.0745,0.0375,64.4275
0.0755,0.0375,64.2789
0.0765,0.0375,64.1367
0.0775,0.0375,64.0006
0.0785,0.0375,63.8708
0.0795,0.0375,63.7471
0.0805,0.0375,63.6296
0.0815,0.0375,63.518
0.0825,0.0375,63.4125
0.0835,0.0375,63.3129
0.0845,0.0375,63.2193
0.0855,0.0375,63.1316
0.0865,0.0375,63.0497
0.0875,0.0375,62.9737
0.0885,0.0375,62.9035
0.0895,0.0375,62.8392
0.0905,0.0375,62.7806
0.0915,0.0375,62.7277
0.0925,0.0375,62.6807
0.0935,0.0375,62.6393
0.0945,0.0375,62.6037
0.0955,0.0375,62.5738
0.0965,0.0375,62.5496
0.0975,0.0375,62.5311
0.0985,0.0375,62.5183
0.0995,0.0375,62.5112
0.0005,0.0385,74.1619
0.0015,0.0385,74.1702
0.0025,0.0385,74.1897
0.0035,0.0385,74.2203
0.0045,0.0385,74.2622
0.0055,0.0385,74.3156
0.0065,0.0385,74.3807
0.0075,0.0385,74.4577
0.0085,0.0385,74.5469
0.0095,0.0385,74.6487
0.0105,0.0385,74.7636
0.0115,0.0385,74.8919
0.0125,0.0385,75.0343
0.0135,0.0385,75.1915
0.0145,0.0385,75.3643
0.0155,0.0385,75.5533
0.0165,0.0385,75.7596
0.0175,0.0385,75.9834
0.0185,0.0385,76.2236
0.0195,0.0385,76.4756
0.0205,0.0385,76.7283
0.0215,0.0385,76.9658
0.0225,0.0385,77.1742
0.0235,0.0385,77.3456
0.0245,0.0385,77.4775
0.0255,0.0385,77.5694
0.0265,0.0385,77.6218
0.0275,0.0385,77.6354
0.0285,0.0385,77.6105
0.0295,0.0385,77.5475
0.0305,0.0385,77.4466
0.0315,0.0385,77.3078
0.0325,0.0385,77.131
0.0335,0.0385,76.9158
0.0345,0.0385,76.6619
0.0355,0.0385,76.3685
0.0365,0.0385,76.0351
0.0375,0.0385,75.6615
0.0385,0.0385,75.2488
0.0395,0.0385,74.8018
0.0405,0.0385,74.3314
0.0415,0.0385,73.8536
0.0425,0.0385,73.3822
0.0435,0.0385,72.9249
0.0445,0.0385,72.4842
0.0455,0.0385,72.0601
0.0465,0.0385,71.6518
0.0475,0.0385,71.2586
0.0485,0.0385,70.8794
0.0495,0.0385,70.5135
0.0505,0.0385,70.1601
0.0515,0.0385,69.8186
0.0525,0.0385,69.4885
0.0535,0.0385,69.1692
0.0545,0.0385,68.8603
0.0555,0.0385,68.5614
0.0565,0.0385,68.272
0.0575,0.0385,67.9919
0.0585,0.0385,67.7206
0.0595,0.0385,67.4581
0.0605,0.0385,67.2039
0.0615,0.0385,66.9578
0.0625,0.0385,66.7197
0.0635,0.0385,66.4893
0.0645,0.0385,66.2664
0.0655,0.0385,66.051
0.0665,0.0385,65.8427
0.0675,0.0385,65.6416
0.0685,0.0385,65.4474
0.0695,0.0385,65.2601
0.0705,0.0385,65.0796
0.0715,0.0385,64.9057
0.0725,0.0385,64.7383
0.0735,0.0385,64.5774
0.0745,0.0385,64.423
0.0755,0.0385,64.2748
0.0765,0.0385,64.133
0.0775,0.0385,63.9973
0.0785,0.0385,63.8678
0.0795,0.0385,63.7444
0.0805,0.0385,63.6271
0.0815,0.0385,63.5158
0.0825,0.0385,63.4105
0.0835,0.0385,63.3111
0.0845,0.0385,63.2177
0.0855,0.0385,63.1301
0.0865,0.0385,63.0484
0.0875,0.0385,62.9725
0.0885,0.0385,62.9024
0.0895,0.0385,62.8382
0.0905,0.0385,62.7796
0.0915,0.0385,62.7269
0.0925,0.0385,62.6799
0.0935,0.0385,62.6386
0.0945,0.0385,62.603
0.0955,0.0385,62.5731
0.0965,0.0385,62.549
0.0975,0.0385,62.5305
0.0985,0.0385,62.5177
0.0995,0.0385,62.5106
0.0005,0.0395,74.1161
0.0015,0.0395,74.1239
0.0025,0.0395,74.1424
0.0035,0.0395,74.1714
0.0045,0.0395,74.2111
0.0055,0.0395,74.2616
0.0065,0.0395,74.3231
0.0075,0.0395,74.3957
0.0085,0.0395,74.4797
0.0095,0.0395,74.5753
0.0105,0.0395,74.6829
0.0115,0.0395,74.8028
0.0125,0.0395,74.9354
0.0135,0.0395,75.0812
0.0145,0.0395,75.2406
0.0155,0.0395,75.4141
0.0165,0.0395,75.6021
0.0175,0.0395,75.8046
0.0185,0.0395,76.0203
0.0195,0.0395,76.2447
0.0205,0.0395,76.4684
0.0215,0.0395,76.6778
0.0225,0.0395,76.8611
0.0235,0.0395,77.0112
0.0245,0.0395,77.1256
0.0255,0.0395,77.2036
0.0265,0.0395,77.2453
0.0275,0.0395,77.2509
0.0285,0.0395,77.2207
0.0295,0.0395,77.1549
0.0305,0.0395,77.0535
0.0315,0.0395,76.9166
0.0325,0.0395,76.744
0.0335,0.0395,76.5357
0.0345,0.0395,76.2912
0.0355,0.0395,76.0104
0.0365,0.0395,75.6928
0.0375,0.0395,75.3388
0.0385,0.0395,74.9496
0.0395,0.0395,74.5297
0.0405,0.0395,74.0885
0.0415,0.0395,73.6396
0.0425,0.0395,73.1948
0.0435,0.0395,72.7608
0.0445,0.0395,72.3402
0.0455,0.0395,71.9334
0.0465,0.0395,71.5401
0.0475,0.0395,71.1598
0.0485,0.0395,70.7919
0.0495,0.0395,70.4358
0.0505,0.0395,70.0911
0.0515,0.0395,69.7572
0.0525,0.0395,69.4338
0.0535,0.0395,69.1204
0.0545,0.0395,68.8168
0.0555,0.0395,68.5225
0.0565,0.0395,68.2372
0.0575,0.0395,67.9608
0.0585,0.0395,67.6928
0.0595,0.0395,67.4331
0.0605,0.0395,67.1815
0.0615,0.0395,66.9378
0.0625,0.0395,66.7017
0.0635,0.0395,66.4732
0.0645,0.0395,66.252
0.0655,0.0395,66.038
0.0665,0.0395,65.8311
0.0675,0.0395,65.6311
0.0685,0.0395,65.438
0.0695,0.0395,65.2517
0.0705,0.0395,65.072
0.0715,0.0395,64.8988
0.0725,0.0395,64.7322
0.0735,0.0395,64.5719
0.0745,0.0395,64.418
0.0755,0.0395,64.2704
0.0765,0.0395,64.1289
0.0775,0.0395,63.9937
0.0785,0.0395,63.8646
0.0795,0.0395,63.7415
0.0805,0.0395,63.6245
0.0815,0.0395,63.5134
0.0825,0.0395,63.4083
0.0835,0.0395,63.3092
0.0845,0.0395,63.2159
0.0855,0.0395,63.1285
0.0865,0.0395,63.0469
0.0875,0.0395,62.9712
0.0885,0.0395,62.9012
0.0895,0.0395,62.837
0.0905,0.0395,62.7786
0.0915,0.0395,62.7259
0.0925,0.0395,62.679
0.0935,0.0395,62.6378
0.0945,0.0395,62.6022
0.0955,0.0395,62.5724
0.0965,0.0395,62.5483
0.0975,0.0395,62.5298
0.0985,0.0395,62.517
0.0995,0.0395,62.5099
0.0005,0.0405,74.067
0.0015,0.0405,74.0745
0.0025,0.0405,74.0918
0.0035,0.0405,74.1192
0.0045,0.0405,74.1565
0.0055,0.0405,74.204
0.0065,0.0405,74.2617
0.0075,0.0405,74.3297
0.0085,0.0405,74.4082
0.0095,0.0405,74.4974
0.0105,0.0405,74.5974
0.0115,0.0405,74.7085
0.0125,0.0405,74.8309
0.0135,0.0405,74.9647
0.0145,0.0405,75.1101
0.0155,0.0405,75.2673
0.0165,0.0405,75.4362
0.0175,0.0405,75.6162
0.0185,0.0405,75.8056
0.0195,0.0405,76.0004
0.0205,0.0405,76.1926
0.0215,0.0405,76.3717
0.0225,0.0405,76.528
0.0235,0.0405,76.6555
0.0245,0.0405,76.7515
0.0255,0.0405,76.8149
0.0265,0.0405,76.8454
0.0275,0.0405,76.8427
0.0285,0.0405,76.807
0.0295,0.0405,76.7382
0.0305,0.0405,76.6363
0.0315,0.0405,76.5013
0.0325,0.0405,76.3332
0.0335,0.0405,76.132
0.0345,0.0405,75.8975
0.0355,0.0405,75.6297
0.0365,0.0405,75.3288
0.0375,0.0405,74.9955
0.0385,0.0405,74.6315
0.0395,0.0405,74.2407
0.0405,0.0405,73.8312
0.0415,0.0405,73.4134
0.0425,0.0405,72.997
0.0435,0.0405,72.5878
0.0445,0.0405,72.1885
0.0455,0.0405,71.7999
0.0465,0.0405,71.4223
0.0475,0.0405,71.0555
0.0485,0.0405,70.6994
0.0495,0.0405,70.3537
0.0505,0.0405,70.018
0.0515,0.0405,69.6921
0.0525,0.0405,69.3757
0.0535,0.0405,69.0686
0.0545,0.0405,68.7704
0.0555,0.0405,68.481
0.0565,0.0405,68.2001
0.0575,0.0405,67.9276
0.0585,0.0405,67.6631
0.0595,0.0405,67.4065
0.0605,0.0405,67.1576
0.0615,0.0405,66.9164
0.0625,0.0405,66.6825
0.0635,0.0405,66.4559
0.0645,0.0405,66.2365
0.0655,0.0405,66.0241
0.0665,0.0405,65.8186
0.0675,0.0405,65.6199
0.0685,0.0405,65.4279
0.0695,0.0405,65.2426
0.0705,0.0405,65.0638
0.0715,0.0405,64.8915
0.0725,0.0405,64.7256
0.0735,0.0405,64.566
0.0745,0.0405,64.4127
0.0755,0.0405,64.2656
0.0765,0.0405,64.1246
0.0775,0.0405,63.9898
0.0785,0.0405,63.861
0.0795,0.0405,63.7383
0.0805,0.0405,63.6216
0.0815,0.0405,63.5108
0.0825,0.0405,63.406
0.0835,0.0405,63.3071
0.0845,0.0405,63.214
0.0855,0.0405,63.1268
0.0865,0.0405,63.0454
0.0875,0.0405,62.9697
0.0885,0.0405,62.8999
0.0895,0.0405,62.8358
0.0905,0.0405,62.7775
0.0915,0.0405,62.7249
0.0925,0.0405,62.678
0.0935,0.0405,62.6369
0.0945,0.0405,62.6014
0.0955,0.0405,62.5716
0.0965,0.0405,62.5475
0.0975,0.0405,62.5291
0.0985,0.0405,62.5163
0.0995,0.0405,62.5093
0.0005,0.0415,74.0155
0.0015,0.0415,74.0224
0.0025,0.0415,74.0387
0.0035,0.0415,74.0643
0.0045,0.0415,74.0992
0.0055,0.0415,74.1435
0.0065,0.0415,74.1973
0.0075,0.0415,74.2606
0.0085,0.0415,74.3335
0.0095,0.0415,74.4161
0.0105,0.0415,74.5084
0.0115,0.0415,74.6104
0.0125,0.0415,74.7223
0.0135,0.0415,74.8439
0.0145,0.0415,74.9752
0.0155,0.0415,75.1159
0.0165,0.0415,75.2655
0.0175,0.0415,75.423
0.0185,0.0415,75.5864
0.0195,0.0415,75.7518
0.0205,0.0415,75.9131
0.0215,0.0415,76.0623
0.0225,0.0415,76.1918
0.0235,0.0415,76.2969
0.0245,0.0415,76.3745
0.0255,0.0415,76.4233
0.0265,0.0415,76.4424
0.0275,0.0415,76.4315
0.0285,0.0415,76.3901
0.0295,0.0415,76.3183
0.0305,0.0415,76.216
0.0315,0.0415,76.083
0.0325,0.0415,75.9194
0.0335,0.0415,75.7252
0.0345,0.0415,75.5007
0.0355,0.0415,75.2461
0.0365,0.0415,74.962
0.0375,0.0415,74.6494
0.0385,0.0415,74.3102
0.0395,0.0415,73.9484
0.0405,0.0415,73.57
0.0415,0.0415,73.183
0.0425,0.0415,72.7949
0.0435,0.0415,72.4105
0.0445,0.0415,72.0324
0.0455,0.0415,71.6622
0.0465,0.0415,71.3005
0.0475,0.0415,70.9475
0.0485,0.0415,70.6034
0.0495,0.0415,70.2682
0.0505,0.0415,69.9418
0.0515,0.0415,69.6242
0.0525,0.0415,69.315
0.0535,0.0415,69.0144
0.0545,0.0415,68.7219
0.0555,0.0415,68.4376
0.0565,0.0415,68.1613
0.0575,0.0415,67.8927
0.0585,0.0415,67.6318
0.0595,0.0415,67.3785
0.0605,0.0415,67.1325
0.0615,0.0415,66.8938
0.0625,0.0415,66.6623
0.0635,0.0415,66.4377
0.0645,0.0415,66.2202
0.0655,0.0415,66.0094
0.0665,0.0415,65.8054
0.0675,0.0415,65.6081
0.0685,0.0415,65.4173
0.0695,0.0415,65.233
0.0705,0.0415,65.0552
0.0715,0.0415,64.8838
0.0725,0.0415,64.7186
0.0735,0.0415,64.5597
0.0745,0.0415,64.407
0.0755,0.0415,64.2605
0.0765,0.0415,64.12
0.0775,0.0415,63.9857
0.0785,0.0415,63.8573
0.0795,0.0415,63.735
0.0805,0.0415,63.6186
0.0815,0.0415,63.5081
0.0825,0.0415,63.4035
0.0835,0.0415,63.3048
0.0845,0.0415,63.212
0.0855,0.0415,63.1249
0.0865,0.0415,63.0437
0.0875,0.0415,62.9682
0.0885,0.0415,62.8985
0.0895,0.0415,62.8346
0.0905,0.0415,62.7763
0.0915,0.0415,62.7238
0.0925,0.0415,62.677
0.0935,0.0415,62.6359
0.0945,0.0415,62.6005
0.0955,0.0415,62.5708
0.0965,0.0415,62.5467
0.0975,0.0415,62.5283
0.0985,0.0415,62.5156
0.0995,0.0415,62.5085
0.0005,0.0425,73.962
0.0015,0.0425,73.9685
0.0025,0.0425,73.9836
0.0035,0.0425,74.0074
0.0045,0.0425,74.0399
0.0055,0.0425,74.081
0.0065,0.0425,74.1308
0.0075,0.0425,74.1893
0.0085,0.0425,74.2566
0.0095,0.0425,74.3324
0.0105,0.0425,74.4169
0.0115,0.0425,74.5099
0.0125,0.0425,74.6114
0.0135,0.0425,74.7209
0.0145,0.0425,74.8383
0.0155,0.0425,74.963
0.0165,0.0425,75.094
0.0175,0.0425,75.2301
0.0185,0.0425,75.3691
0.0195,0.0425,75.5076
0.0205,0.0425,75.6407
0.0215,0.0425,75.7625
0.0225,0.0425,75.8674
0.0235,0.0425,75.9513
0.0245,0.0425,76.0115
0.0255,0.0425,76.0463
0.0265,0.0425,76.0545
0.0275,0.0425,76.0354
0.0285,0.0425,75.9887
0.0295,0.0425,75.9139
0.0305,0.0425,75.8111
0.0315,0.0425,75.68
0.0325,0.0425,75.5208
0.0335,0.0425,75.3337
0.0345,0.0425,75.1189
0.0355,0.0425,74.8771
0.0365,0.0425,74.6089
0.0375,0.0425,74.3158
0.0385,0.0425,73.9999
0.0395,0.0425,73.6645
0.0405,0.0425,73.3145
0.0415,0.0425,72.9558
0.0425,0.0425,72.5938
0.0435,0.0425,72.2328
0.0445,0.0425,71.8752
0.0455,0.0425,71.5229
0.0465,0.0425,71.1767
0.0475,0.0425,70.8374
0.0485,0.0425,70.5054
0.0495,0.0425,70.1807
0.0505,0.0425,69.8637
0.0515,0.0425,69.5543
0.0525,0.0425,69.2526
0.0535,0.0425,68.9585
0.0545,0.0425,68.6719
0.0555,0.0425,68.3928
0.0565,0.0425,68.121
0.0575,0.0425,67.8566
0.0585,0.0425,67.5995
0.0595,0.0425,67.3494
0.0605,0.0425,67.1064
0.0615,0.0425,66.8704
0.0625,0.0425,66.6412
0.0635,0.0425,66.4188
0.0645,0.0425,66.2032
0.0655,0.0425,65.9941
0.0665,0.0425,65.7917
0.0675,0.0425,65.5957
0.0685,0.0425,65.4062
0.0695,0.0425,65.2231
0.0705,0.0425,65.0462
0.0715,0.0425,64.8757
0.0725,0.0425,64.7113
0.0735,0.0425,64.5532
0.0745,0.0425,64.4011
0.0755,0.0425,64.2552
0.0765,0.0425,64.1153
0.0775,0.0425,63.9814
0.0785,0.0425,63.8535
0.0795,0.0425,63.7315
0.0805,0.0425,63.6154
0.0815,0.0425,63.5053
0.0825,0.0425,63.401
0.0835,0.0425,63.3025
0.0845,0.0425,63.2099
0.0855,0.0425,63.123
0.0865,0.0425,63.042
0.0875,0.0425,62.9666
0.0885,0.0425,62.8971
0.0895,0.0425,62.8332
0.0905,0.0425,62.7751
0.0915,0.0425,62.7227
0.0925,0.0425,62.676
0.0935,0.0425,62.635
0.0945,0.0425,62.5996
0.0955,0.0425,62.5699
0.0965,0.0425,62.5459
0.0975,0.0425,62.5275
0.0985,0.0425,62.5148
0.0995,0.0425,62.5077
0.0005,0.0435,73.9072
0.0015,0.0435,73.9132
0.0025,0.0435,73.9272
0.0035,0.0435,73.9492
0.0045,0.0435,73.9792
0.0055,0.0435,74.0171
0.0065,0.0435,74.063
0.0075,0.0435,74.1168
0.0085,0.0435,74.1783
0.0095,0.0435,74.2475
0.0105,0.0435,74.3243
0.0115,0.0435,74.4085
0.0125,0.0435,74.4997
0.0135,0.0435,74.5976
0.0145,0.0435,74.7016
0.0155,0.0435,74.8109
0.0165,0.0435,74.9246
0.0175,0.0435,75.0411
0.0185,0.0435,75.1581
0.0195,0.0435,75.2729
0.0205,0.0435,75.3816
0.0215,0.0435,75.4796
0.0225,0.0435,75.5628
0.0235,0.0435,75.6277
0.0245,0.0435,75.6719
0.0255,0.0435,75.6936
0.0265,0.0435,75.6915
0.0275,0.0435,75.6648
0.0285,0.0435,75.6129
0.0295,0.0435,75.5353
0.0305,0.0435,75.432
0.0315,0.0435,75.3028
0.0325,0.0435,75.1479
0.0335,0.0435,74.9674
0.0345,0.0435,74.7618
0.0355,0.0435,74.5319
0.0365,0.0435,74.2785
0.0375,0.0435,74.0032
0.0385,0.0435,73.708
0.0395,0.0435,73.3959
0.0405,0.0435,73.0706
0.0415,0.0435,72.7366
0.0425,0.0435,72.398
0.0435,0.0435,72.0582
0.0445,0.0435,71.7197
0.0455,0.0435,71.3842
0.0465,0.0435,71.053
0.0475,0.0435,70.727
0.0485,0.0435,70.4066
0.0495,0.0435,70.0925
0.0505,0.0435,69.7847
0.0515,0.0435,69.4836
0.0525,0.0435,69.1892
0.0535,0.0435,68.9016
0.0545,0.0435,68.6209
0.0555,0.0435,68.347
0.0565,0.0435,68.08
0.0575,0.0435,67.8198
0.0585,0.0435,67.5664
0.0595,0.0435,67.3197
0.0605,0.0435,67.0797
0.0615,0.0435,66.8464
0.0625,0.0435,66.6196
0.0635,0.0435,66.3994
0.0645,0.0435,66.1857
0.0655,0.0435,65.9785
0.0665,0.0435,65.7776
0.0675,0.0435,65.5831
0.0685,0.0435,65.3948
0.0695,0.0435,65.2128
0.0705,0.0435,65.037
0.0715,0.0435,64.8674
0.0725,0.0435,64.7039
0.0735,0.0435,64.5464
0.0745,0.0435,64.3951
0.0755,0.0435,64.2497
0.0765,0.0435,64.1104
0.0775,0.0435,63.9769
0.0785,0.0435,63.8495
0.0795,0.0435,63.7279
0.0805,0.0435,63.6122
0.0815,0.0435,63.5023
0.0825,0.0435,63.3983
0.0835,0.0435,63.3001
0.0845,0.0435,63.2077
0.0855,0.0435,63.1211
0.0865,0.0435,63.0402
0.0875,0.0435,62.965
0.0885,0.0435,62.8956
0.0895,0.0435,62.8319
0.0905,0.0435,62.7739
0.0915,0.0435,62.7216
0.0925,0.0435,62.6749
0.0935,0.0435,62.634
0.0945,0.0435,62.5987
0.0955,0.0435,62.569
0.0965,0.0435,62.545
0.0975,0.0435,62.5267
0.0985,0.0435,62.514
0.0995,0.0435,62.5069
0.0005,0.0445,73.8517
0.0015,0.0445,73.8572
0.0025,0.0445,73.8701
0.0035,0.0445,73.8904
0.0045,0.0445,73.9179
0.0055,0.0445,73.9527
0.0065,0.0445,73.9947
0.0075,0.0445,74.0437
0.0085,0.0445,74.0997
0.0095,0.0445,74.1625
0.0105,0.0445,74.2318
0.0115,0.0445,74.3074
0.0125,0.0445,74.3887
0.0135,0.0445,74.4755
0.0145,0.0445,74.5669
0.0155,0.0445,74.662
0.0165,0.0445,74.7598
0.0175,0.0445,74.8586
0.0185,0.0445,74.9564
0.0195,0.0445,75.0507
0.0205,0.0445,75.1384
0.0215,0.0445,75.2161
0.0225,0.0445,75.2805
0.0235,0.0445,75.3287
0.0245,0.0445,75.3586
0.0255,0.0445,75.3685
0.0265,0.0445,75.3569
0.0275,0.0445,75.3231
0.0285,0.0445,75.2663
0.0295,0.0445,75.1862
0.0305,0.0445,75.0824
0.0315,0.0445,74.955
0.0325,0.0445,74.804
0.0335,0.0445,74.6298
0.0345,0.0445,74.4327
0.0355,0.0445,74.2137
0.0365,0.0445,73.9737
0.0375,0.0445,73.7142
0.0385,0.0445,73.4372
0.0395,0.0445,73.1451
0.0405,0.0445,72.841
0.0415,0.0445,72.5282
0.0425,0.0445,72.21
0.0435,0.0445,71.8892
0.0445,0.0445,71.568
0.0455,0.0445,71.2482
0.0465,0.0445,70.9311
0.0475,0.0445,70.6176
0.0485,0.0445,70.3086
0.0495,0.0445,70.0045
0.0505,0.0445,69.7058
0.0515,0.0445,69.4127
0.0525,0.0445,69.1256
0.0535,0.0445,68.8445
0.0545,0.0445,68.5695
0.0555,0.0445,68.3009
0.0565,0.0445,68.0385
0.0575,0.0445,67.7825
0.0585,0.0445,67.5329
0.0595,0.0445,67.2896
0.0605,0.0445,67.0527
0.0615,0.0445,66.8221
0.0625,0.0445,66.5978
0.0635,0.0445,66.3798
0.0645,0.0445,66.168
0.0655,0.0445,65.9626
0.0665,0.0445,65.7633
0.0675,0.0445,65.5702
0.0685,0.0445,65.3832
0.0695,0.0445,65.2024
0.0705,0.0445,65.0276
0.0715,0.0445,64.8589
0.0725,0.0445,64.6963
0.0735,0.0445,64.5396
0.0745,0.0445,64.3889
0.0755,0.0445,64.2442
0.0765,0.0445,64.1054
0.0775,0.0445,63.9724
0.0785,0.0445,63.8454
0.0795,0.0445,63.7242
0.0805,0.0445,63.6089
0.0815,0.0445,63.4994
0.0825,0.0445,63.3956
0.0835,0.0445,63.2977
0.0845,0.0445,63.2055
0.0855,0.0445,63.119
0.0865,0.0445,63.0383
0.0875,0.0445,62.9633
0.0885,0.0445,62.8941
0.0895,0.0445,62.8305
0.0905,0.0445,62.7726
0.0915,0.0445,62.7204
0.0925,0.0445,62.6738
0.0935,0.0445,62.6329
0.0945,0.0445,62.5977
0.0955,0.0445,62.5681
0.0965,0.0445,62.5441
0.0975,0.0445,62.5258
0.0985,0.0445,62.5132
0.0995,0.0445,62.5061
0.0005,0.0455,73.7962
0.0015,0.0455,73.8013
0.0025,0.0455,73.8131
0.0035,0.0455,73.8316
0.0045,0.0455,73.8567
0.0055,0.0455,73.8885
0.0065,0.0455,73.9266
0.0075,0.0455,73.9711
0.0085,0.0455,74.0218
0.0095,0.0455,74.0783
0.0105,0.0455,74.1404
0.0115,0.0455,74.2078
0.0125,0.0455,74.2799
0.0135,0.0455,74.3561
0.0145,0.0455,74.4358
0.0155,0.0455,74.5179
0.0165,0.0455,74.6012
0.0175,0.0455,74.6843
0.0185,0.0455,74.7653
0.0195,0.0455,74.842
0.0205,0.0455,74.9119
0.0215,0.0455,74.9723
0.0225,0.0455,75.0205
0.0235,0.0455,75.0543
0.0245,0.0455,75.0715
0.0255,0.0455,75.0708
0.0265,0.0455,75.0507
0.0275,0.0455,75.0104
0.0285,0.0455,74.9492
0.0295,0.0455,74.8667
0.0305,0.0455,74.7626
0.0315,0.0455,74.6368
0.0325,0.0455,74.4894
0.0335,0.0455,74.3209
0.0345,0.0455,74.1316
0.0355,0.0455,73.9224
0.0365,0.0455,73.6944
0.0375,0.0455,73.4488
0.0385,0.0455,73.1875
0.0395,0.0455,72.9125
0.0405,0.0455,72.6264
0.0415,0.0455,72.3319
0.0425,0.0455,72.0314
0.0435,0.0455,71.7274
0.0445,0.0455,71.4219
0.0455,0.0455,71.1164
0.0465,0.0455,70.8123
0.0475,0.0455,70.5107
0.0485,0.0455,70.2124
0.0495,0.0455,69.9179
0.0505,0.0455,69.6279
0.0515,0.0455,69.3426
0.0525,0.0455,69.0625
0.0535,0.0455,68.7877
0.0545,0.0455,68.5185
0.0555,0.0455,68.255
0.0565,0.0455,67.9972
0.0575,0.0455,67.7454
0.0585,0.0455,67.4994
0.0595,0.0455,67.2595
0.0605,0.0455,67.0256
0.0615,0.0455,66.7977
0.0625,0.0455,66.5758
0.0635,0.0455,66.36
0.0645,0.0455,66.1503
0.0655,0.0455,65.9466
0.0665,0.0455,65.7489
0.0675,0.0455,65.5572
0.0685,0.0455,65.3716
0.0695,0.0455,65.1919
0.0705,0.0455,65.0182
0.0715,0.0455,64.8504
0.0725,0.0455,64.6886
0.0735,0.0455,64.5327
0.0745,0.0455,64.3827
0.0755,0.0455,64.2386
0.0765,0.0455,64.1003
0.0775,0.0455,63.9679
0.0785,0.0455,63.8413
0.0795,0.0455,63.7205
0.0805,0.0455,63.6055
0.0815,0.0455,63.4963
0.0825,0.0455,63.3929
0.0835,0.0455,63.2952
0.0845,0.0455,63.2033
0.0855,0.0455,63.117
0.0865,0.0455,63.0365
0.0875,0.0455,62.9617
0.0885,0.0455,62.8925
0.0895,0.0455,62.8291
0.0905,0.0455,62.7713
0.0915,0.0455,62.7192
0.0925,0.0455,62.6727
0.0935,0.0455,62.6319
0.0945,0.0455,62.5967
0.0955,0.0455,62.5672
0.0965,0.0455,62.5433
0.0975,0.0455,62.525
0.0985,0.0455,62.5123
0.0995,0.0455,62.5053
0.0005,0.0465,73.7412
0.0015,0.0465,73.7458
0.0025,0.0465,73.7566
0.0035,0.0465,73.7734
0.0045,0.0465,73.7963
0.0055,0.0465,73.8251
0.0065,0.0465,73.8596
0.0075,0.0465,73.8997
0.0085,0.0465,73.9452
0.0095,0.0465,73.9958
0.0105,0.0465,74.0511
0.0115,0.0465,74.1108
0.0125,0.0465,74.1742
0.0135,0.0465,74.2408
0.0145,0.0465,74.3097
0.0155,0.0465,74.3799
0.0165,0.0465,74.4504
0.0175,0.0465,74.5196
0.0185,0.0465,74.5859
0.0195,0.0465,74.6475
0.0205,0.0465,74.7022
0.0215,0.0465,74.7478
0.0225,0.0465,74.7821
0.0235,0.0465,74.8033
0.0245,0.0465,74.8095
0.0255,0.0465,74.7994
0.0265,0.0465,74.7717
0.0275,0.0465,74.7256
0.0285,0.0465,74.6605
0.0295,0.0465,74.5758
0.0305,0.0465,74.4713
0.0315,0.0465,74.347
0.0325,0.0465,74.203
0.0335,0.0465,74.0396
0.0345,0.0465,73.8573
0.0355,0.0465,73.6568
0.0365,0.0465,73.4393
0.0375,0.0465,73.2059
0.0385,0.0465,72.9582
0.0395,0.0465,72.698
0.0405,0.0465,72.4273
0.0415,0.0465,72.1484
0.0425,0.0465,71.8633
0.0435,0.0465,71.5741
0.0445,0.0465,71.2825
0.0455,0.0465,70.9901
0.0465,0.0465,70.698
0.0475,0.0465,70.4073
0.0485,0.0465,70.119
0.0495,0.0465,69.8336
0.0505,0.0465,69.5518
0.0515,0.0465,69.2741
0.0525,0.0465,69.0007
0.0535,0.0465,68.732
0.0545,0.0465,68.4683
0.0555,0.0465,68.2097
0.0565,0.0465,67.9565
0.0575,0.0465,67.7087
0.0585,0.0465,67.4664
0.0595,0.0465,67.2297
0.0605,0.0465,66.9988
0.0615,0.0465,66.7735
0.0625,0.0465,66.5541
0.0635,0.0465,66.3405
0.0645,0.0465,66.1327
0.0655,0.0465,65.9307
0.0665,0.0465,65.7346
0.0675,0.0465,65.5444
0.0685,0.0465,65.36
0.0695,0.0465,65.1814
0.0705,0.0465,65.0088
0.0715,0.0465,64.842
0.0725,0.0465,64.681
0.0735,0.0465,64.5258
0.0745,0.0465,64.3765
0.0755,0.0465,64.233
0.0765,0.0465,64.0953
0.0775,0.0465,63.9634
0.0785,0.0465,63.8372
0.0795,0.0465,63.7169
0.0805,0.0465,63.6022
0.0815,0.0465,63.4933
0.0825,0.0465,63.3902
0.0835,0.0465,63.2928
0.0845,0.0465,63.201
0.0855,0.0465,63.115
0.0865,0.0465,63.0347
0.0875,0.0465,62.96
0.0885,0.0465,62.891
0.0895,0.0465,62.8277
0.0905,0.0465,62.77
0.0915,0.0465,62.718
0.0925,0.0465,62.6716
0.0935,0.0465,62.6309
0.0945,0.0465,62.5957
0.0955,0.0465,62.5662
0.0965,0.0465,62.5424
0.0975,0.0465,62.5241
0.0985,0.0465,62.5115
0.0995,0.0465,62.5045
0.0005,0.0475,73.6874
0.0015,0.0475,73.6916
0.0025,0.0475,73.7014
0.0035,0.0475,73.7166
0.0045,0.0475,73.7373
0.0055,0.0475,73.7632
0.0065,0.0475,73.7943
0.0075,0.0475,73.8303
0.0085,0.0475,73.8709
0.0095,0.0475,73.9159
0.0105,0.0475,73.9649
0.0115,0.0475,74.0174
0.0125,0.0475,74.0728
0.0135,0.0475,74.1304
0.0145,0.0475,74.1895
0.0155,0.0475,74.2491
0.0165,0.0475,74.3081
0.0175,0.0475,74.3651
0.0185,0.0475,74.4187
0.0195,0.0475,74.4672
0.0205,0.0475,74.5089
0.0215,0.0475,74.5418
0.0225,0.0475,74.5643
0.0235,0.0475,74.5745
0.0245,0.0475,74.5711
0.0255,0.0475,74.5528
0.0265,0.0475,74.5184
0.0275,0.0475,74.4672
0.0285,0.0475,74.3985
0.0295,0.0475,74.3119
0.0305,0.0475,74.2072
0.0315,0.0475,74.0842
0.0325,0.0475,73.9431
0.0335,0.0475,73.7843
0.0345,0.0475,73.6082
0.0355,0.0475,73.4155
0.0365,0.0475,73.2072
0.0375,0.0475,72.9844
0.0385,0.0475,72.7484
0.0395,0.0475,72.5009
0.0405,0.0475,72.2435
0.0415,0.0475,71.9781
0.0425,0.0475,71.7064
0.0435,0.0475,71.4302
0.0445,0.0475,71.151
0.0455,0.0475,70.8702
0.0465,0.0475,70.589
0.0475,0.0475,70.3084
0.0485,0.0475,70.0294
0.0495,0.0475,69.7525
0.0505,0.0475,69.4784
0.0515,0.0475,69.2077
0.0525,0.0475,68.9408
0.0535,0.0475,68.6779
0.0545,0.0475,68.4195
0.0555,0.0475,68.1657
0.0565,0.0475,67.9167
0.0575,0.0475,67.6728
0.0585,0.0475,67.4341
0.0595,0.0475,67.2006
0.0605,0.0475,66.9725
0.0615,0.0475,66.7499
0.0625,0.0475,66.5328
0.0635,0.0475,66.3213
0.0645,0.0475,66.1154
0.0655,0.0475,65.9151
0.0665,0.0475,65.7206
0.0675,0.0475,65.5317
0.0685,0.0475,65.3486
0.0695,0.0475,65.1712
0.0705,0.0475,64.9995
0.0715,0.0475,64.8336
0.0725,0.0475,64.6735
0.0735,0.0475,64.5191
0.0745,0.0475,64.3704
0.0755,0.0475,64.2275
0.0765,0.0475,64.0904
0.0775,0.0475,63.9589
0.0785,0.0475,63.8332
0.0795,0.0475,63.7132
0.0805,0.0475,63.5989
0.0815,0.0475,63.4904
0.0825,0.0475,63.3875
0.0835,0.0475,63.2903
0.0845,0.0475,63.1988
0.0855,0.0475,63.113
0.0865,0.0475,63.0329
0.0875,0.0475,62.9584
0.0885,0.0475,62.8895
0.0895,0.0475,62.8263
0.0905,0.0475,62.7687
0.0915,0.0475,62.7168
0.0925,0.0475,62.6705
0.0935,0.0475,62.6298
0.0945,0.0475,62.5948
0.0955,0.0475,62.5653
0.0965,0.0475,62.5415
0.0975,0.0475,62.5233
0.0985,0.0475,62.5107
0.0995,0.0475,62.5037
0.0005,0.0485,73.6354
0.0015,0.0485,73.6391
0.0025,0.0485,73.6479
0.0035,0.0485,73.6617
0.0045,0.0485,73.6802
0.0055,0.0485,73.7035
0.0065,0.0485,73.7314
0.0075,0.0485,73.7635
0.0085,0.0485,73.7996
0.0095,0.0485,73.8394
0.0105,0.0485,73.8825
0.0115,0.0485,73.9284
0.0125,0.0485,73.9764
0.0135,0.0485,74.026
0.0145,0.0485,74.0763
0.0155,0.0485,74.1263
0.0165,0.0485,74.1751
0.0175,0.0485,74.2214
0.0185,0.0485,74.2639
0.0195,0.0485,74.3012
0.0205,0.0485,74.3316
0.0215,0.0485,74.3537
0.0225,0.0485,74.366
0.0235,0.0485,74.3668
0.0245,0.0485,74.3551
0.0255,0.0485,74.3296
0.0265,0.0485,74.2893
0.0275,0.0485,74.2336
0.0285,0.0485,74.1618
0.0295,0.0485,74.0735
0.0305,0.0485,73.9685
0.0315,0.0485,73.8468
0.0325,0.0485,73.7084
0.0335,0.0485,73.5536
0.0345,0.0485,73.3829
0.0355,0.0485,73.197
0.0365,0.0485,72.9968
0.0375,0.0485,72.7831
0.0385,0.0485,72.5573
0.0395,0.0485,72.3207
0.0405,0.0485,72.0748
0.0415,0.0485,71.821
0.0425,0.0485,71.561
0.0435,0.0485,71.2962
0.0445,0.0485,71.028
0.0455,0.0485,70.7576
0.0465,0.0485,70.4863
0.0475,0.0485,70.2149
0.0485,0.0485,69.9443
0.0495,0.0485,69.6752
0.0505,0.0485,69.4084
0.0515,0.0485,69.1443
0.0525,0.0485,68.8833
0.0535,0.0485,68.6259
0.0545,0.0485,68.3725
0.0555,0.0485,68.1232
0.0565,0.0485,67.8784
0.0575,0.0485,67.6382
0.0585,0.0485,67.4028
0.0595,0.0485,67.1724
0.0605,0.0485,66.9471
0.0615,0.0485,66.727
0.0625,0.0485,66.5121
0.0635,0.0485,66.3026
0.0645,0.0485,66.0986
0.0655,0.0485,65.9
0.0665,0.0485,65.7069
0.0675,0.0485,65.5194
0.0685,0.0485,65.3375
0.0695,0.0485,65.1612
0.0705,0.0485,64.9905
0.0715,0.0485,64.8255
0.0725,0.0485,64.6662
0.0735,0.0485,64.5125
0.0745,0.0485,64.3645
0.0755,0.0485,64.2222
0.0765,0.0485,64.0855
0.0775,0.0485,63.9546
0.0785,0.0485,63.8293
0.0795,0.0485,63.7097
0.0805,0.0485,63.5958
0.0815,0.0485,63.4875
0.0825,0.0485,63.3849
0.0835,0.0485,63.288
0.0845,0.0485,63.1967
0.0855,0.0485,63.1111
0.0865,0.0485,63.0311
0.0875,0.0485,62.9567
0.0885,0.0485,62.888
0.0895,0.0485,62.825
0.0905,0.0485,62.7675
0.0915,0.0485,62.7157
0.0925,0.0485,62.6695
0.0935,0.0485,62.6288
0.0945,0.0485,62.5938
0.0955,0.0485,62.5645
0.0965,0.0485,62.5407
0.0975,0.0485,62.5225
0.0985,0.0485,62.5099
0.0995,0.0485,62.5029
0.0005,0.0495,73.5855
0.0015,0.0495,73.5889
0.0025,0.0495,73.5968
0.0035,0.0495,73.6092
0.0045,0.0495,73.6258
0.0055,0.0495,73.6466
0.0065,0.0495,73.6714
0.0075,0.0495,73.7
0.0085,0.0495,73.7319
0.0095,0.0495,73.767
0.0105,0.0495,73.8047
0.0115,0.0495,73.8445
0.0125,0.0495,73.8859
0.0135,0.0495,73.9282
0.0145,0.0495,73.9705
0.0155,0.0495,74.0121
0.0165,0.0495,74.052
0.0175,0.0495,74.0889
0.0185,0.0495,74.1218
0.0195,0.0495,74.1493
0.0205,0.0495,74.1702
0.0215,0.0495,74.183
0.0225,0.0495,74.1864
0.0235,0.0495,74.1792
0.0245,0.0495,74.1602
0.0255,0.0495,74.1285
0.0265,0.0495,74.0832
0.0275,0.0495,74.0235
0.0285,0.0495,73.949
0.0295,0.0495,73.8592
0.0305,0.0495,73.754
0.0315,0.0495,73.6333
0.0325,0.0495,73.4972
0.0335,0.0495,73.346
0.0345,0.0495,73.1802
0.0355,0.0495,73.0002
0.0365,0.0495,72.8069
0.0375,0.0495,72.6012
0.0385,0.0495,72.3842
0.0395,0.0495,72.157
0.0405,0.0495,71.9209
0.0415,0.0495,71.6772
0.0425,0.0495,71.4273
0.0435,0.0495,71.1725
0.0445,0.0495,70.914
0.0455,0.0495,70.6529
0.0465,0.0495,70.3903
0.0475,0.0495,70.1272
0.0485,0.0495,69.8643
0.0495,0.0495,69.6025
0.0505,0.0495,69.3422
0.0515,0.0495,69.0842
0.0525,0.0495,68.8289
0.0535,0.0495,68.5766
0.0545,0.0495,68.3278
0.0555,0.0495,68.0828
0.0565,0.0495,67.8419
0.0575,0.0495,67.6052
0.0585,0.0495,67.373
0.0595,0.0495,67.1455
0.0605,0.0495,66.9228
0.0615,0.0495,66.705
0.0625,0.0495,66.4923
0.0635,0.0495,66.2848
0.0645,0.0495,66.0825
0.0655,0.0495,65.8855
0.0665,0.0495,65.6938
0.0675,0.0495,65.5076
0.0685,0.0495,65.3269
0.0695,0.0495,65.1516
0.0705,0.0495,64.9819
0.0715,0.0495,64.8177
0.0725,0.0495,64.6592
0.0735,0.0495,64.5062
0.0745,0.0495,64.3588
0.0755,0.0495,64.217
0.0765,0.0495,64.0809
0.0775,0.0495,63.9504
0.0785,0.0495,63.8255
0.0795,0.0495,63.7063
0.0805,0.0495,63.5927
0.0815,0.0495,63.4847
0.0825,0.0495,63.3824
0.0835,0.0495,63.2857
0.0845,0.0495,63.1946
0.0855,0.0495,63.1092
0.0865,0.0495,63.0294
0.0875,0.0495,62.9552
0.0885,0.0495,62.8866
0.0895,0.0495,62.8237
0.0905,0.0495,62.7663
0.0915,0.0495,62.7146
0.0925,0.0495,62.6684
0.0935,0.0495,62.6279
0.0945,0.0495,62.593
0.0955,0.0495,62.5636
0.0965,0.0495,62.5398
0.0975,0.0495,62.5217
0.0985,0.0495,62.5091
0.0995,0.0495,62.5021
0.0005,0.0505,73.5385
0.0015,0.0505,73.5415
0.0025,0.0505,73.5486
0.0035,0.0505,73.5596
0.0045,0.0505,73.5745
0.0055,0.0505,73.593
0.0065,0.0505,73.6151
0.0075,0.0505,73.6403
0.0085,0.0505,73.6685
0.0095,0.0505,73.6992
0.0105,0.0505,73.732
0.0115,0.0505,73.7664
0.0125,0.0505,73.8018
0.0135,0.0505,73.8376
0.0145,0.0505,73.8729
0.0155,0.0505,73.9071
0.0165,0.0505,73.9391
0.0175,0.0505,73.9679
0.0185,0.0505,73.9924
0.0195,0.0505,74.0116
0.0205,0.0505,74.0241
0.0215,0.0505,74.0289
0.0225,0.0505,74.0248
0.0235,0.0505,74.0107
0.0245,0.0505,73.9855
0.0255,0.0505,73.9484
0.0265,0.0505,73.8987
0.0275,0.0505,73.8356
0.0285,0.0505,73.7587
0.0295,0.0505,73.6677
0.0305,0.0505,73.5623
0.0315,0.0505,73.4426
0.0325,0.0505,73.3085
0.0335,0.0505,73.1604
0.0345,0.0505,72.9987
0.0355,0.0505,72.8239
0.0365,0.0505,72.6367
0.0375,0.0505,72.4378
0.0385,0.0505,72.2283
0.0395,0.0505,72.0092
0.0405,0.0505,71.7816
0.0415,0.0505,71.5467
0.0425,0.0505,71.3055
0.0435,0.0505,71.0594
0.0445,0.0505,70.8094
0.0455,0.0505,70.5565
0.0465,0.0505,70.3018
0.0475,0.0505,70.0461
0.0485,0.0505,69.7901
0.0495,0.0505,69.5348
0.0505,0.0505,69.2806
0.0515,0.0505,69.0281
0.0525,0.0505,68.7779
0.0535,0.0505,68.5303
0.0545,0.0505,68.2859
0.0555,0.0505,68.0448
0.0565,0.0505,67.8074
0.0575,0.0505,67.5741
0.0585,0.0505,67.3448
0.0595,0.0505,67.12
0.0605,0.0505,66.8998
0.0615,0.0505,66.6842
0.0625,0.0505,66.4736
0.0635,0.0505,66.2679
0.0645,0.0505,66.0672
0.0655,0.0505,65.8717
0.0665,0.0505,65.6814
0.0675,0.0505,65.4964
0.0685,0.0505,65.3168
0.0695,0.0505,65.1425
0.0705,0.0505,64.9737
0.0715,0.0505,64.8104
0.0725,0.0505,64.6525
0.0735,0.0505,64.5002
0.0745,0.0505,64.3534
0.0755,0.0505,64.2122
0.0765,0.0505,64.0765
0.0775,0.0505,63.9464
0.0785,0.0505,63.8219
0.0795,0.0505,63.7031
0.0805,0.0505,63.5898
0.0815,0.0505,63.4821
0.0825,0.0505,63.38
0.0835,0.0505,63.2835
0.0845,0.0505,63.1927
0.0855,0.0505,63.1074
0.0865,0.0505,63.0278
0.0875,0.0505,62.9537
0.0885,0.0505,62.8853
0.0895,0.0505,62.8224
0.0905,0.0505,62.7652
0.0915,0.0505,62.7135
0.0925,0.0505,62.6675
0.0935,0.0505,62.627
0.0945,0.0505,62.5921
0.0955,0.0505,62.5628
0.0965,0.0505,62.5391
0.0975,0.0505,62.5209
0.0985,0.0505,62.5084
0.0995,0.0505,62.5014
0.0005,0.0515,73.4946
0.0015,0.0515,73.4973
0.0025,0.0515,73.5037
0.0035,0.0515,73.5135
0.0045,0.0515,73.5268
0.0055,0.0515,73.5433
0.0065,0.0515,73.5628
0.0075,0.0515,73.5851
0.0085,0.0515,73.6098
0.0095,0.0515,73.6366
0.0105,0.0515,73.665
0.0115,0.0515,73.6946
0.0125,0.0515,73.7247
0.0135,0.0515,73.7547
0.0145,0.0515,73.7839
0.0155,0.0515,73.8115
0.0165,0.0515,73.8366
0.0175,0.0515,73.8584
0.0185,0.0515,73.8757
0.0195,0.0515,73.8877
0.0205,0.0515,73.8932
0.0215,0.0515,73.8912
0.0225,0.0515,73.8806
0.0235,0.0515,73.8605
0.0245,0.0515,73.83
0.0255,0.0515,73.7884
0.0265,0.0515,73.7348
0.0275,0.0515,73.6688
0.0285,0.0515,73.5899
0.0295,0.0515,73.4978
0.0305,0.0515,73.3923
0.0315,0.0515,73.2734
0.0325,0.0515,73.1411
0.0335,0.0515,72.9957
0.0345,0.0515,72.8376
0.0355,0.0515,72.6672
0.0365,0.0515,72.4851
0.0375,0.0515,72.2922
0.0385,0.0515,72.0892
0.0395,0.0515,71.877
0.0405,0.0515,71.6567
0.0415,0.0515,71.4292
0.0425,0.0515,71.1957
0.0435,0.0515,70.9571
0.0445,0.0515,70.7145
0.0455,0.0515,70.4688
0.0465,0.0515,70.221
0.0475,0.0515,69.9718
0.0485,0.0515,69.7221
0.0495,0.0515,69.4725
0.0505,0.0515,69.2238
0.0515,0.0515,68.9763
0.0525,0.0515,68.7308
0.0535,0.0515,68.4875
0.0545,0.0515,68.247
0.0555,0.0515,68.0095
0.0565,0.0515,67.7755
0.0575,0.0515,67.5451
0.0585,0.0515,67.3186
0.0595,0.0515,67.0963
0.0605,0.0515,66.8784
0.0615,0.0515,66.6649
0.0625,0.0515,66.4561
0.0635,0.0515,66.2521
0.0645,0.0515,66.0529
0.0655,0.0515,65.8588
0.0665,0.0515,65.6698
0.0675,0.0515,65.486
0.0685,0.0515,65.3073
0.0695,0.0515,65.134
0.0705,0.0515,64.966
0.0715,0.0515,64.8034
0.0725,0.0515,64.6463
0.0735,0.0515,64.4946
0.0745,0.0515,64.3483
0.0755,0.0515,64.2076
0.0765,0.0515,64.0724
0.0775,0.0515,63.9427
0.0785,0.0515,63.8186
0.0795,0.0515,63.7
0.0805,0.0515,63.587
0.0815,0.0515,63.4796
0.0825,0.0515,63.3778
0.0835,0.0515,63.2815
0.0845,0.0515,63.1908
0.0855,0.0515,63.1058
0.0865,0.0515,63.0263
0.0875,0.0515,62.9524
0.0885,0.0515,62.884
0.0895,0.0515,62.8213
0.0905,0.0515,62.7641
0.0915,0.0515,62.7125
0.0925,0.0515,62.6665
0.0935,0.0515,62.6261
0.0945,0.0515,62.5913
0.0955,0.0515,62.562
0.0965,0.0515,62.5383
0.0975,0.0515,62.5202
0.0985,0.0515,62.5077
0.0995,0.0515,62.5007
0.0005,0.0525,73.4544
0.0015,0.0525,73.4568
0.0025,0.0525,73.4625
0.0035,0.0525,73.4713
0.0045,0.0525,73.4831
0.0055,0.0525,73.4977
0.0065,0.0525,73.515
0.0075,0.0525,73.5347
0.0085,0.0525,73.5563
0.0095,0.0525,73.5797
0.0105,0.0525,73.6042
0.0115,0.0525,73.6295
0.0125,0.0525,73.6549
0.0135,0.0525,73.6799
0.0145,0.0525,73.7037
0.0155,0.0525,73.7257
0.0165,0.0525,73.7449
0.0175,0.0525,73.7606
0.0185,0.0525,73.7718
0.0195,0.0525,73.7776
0.0205,0.0525,73.7771
0.0215,0.0525,73.7693
0.0225,0.0525,73.7532
0.0235,0.0525,73.7281
0.0245,0.0525,73.6931
0.0255,0.0525,73.6476
0.0265,0.0525,73.5908
0.0275,0.0525,73.5223
0.0285,0.0525,73.4417
0.0295,0.0525,73.3486
0.0305,0.0525,73.243
0.0315,0.0525,73.1248
0.0325,0.0525,72.994
0.0335,0.0525,72.8509
0.0345,0.0525,72.6959
0.0355,0.0525,72.5293
0.0365,0.0525,72.3517
0.0375,0.0525,72.1637
0.0385,0.0525,71.9662
0.0395,0.0525,71.76
0.0405,0.0525,71.5459
0.0415,0.0525,71.3249
0.0425,0.0525,71.0978
0.0435,0.0525,70.8658
0.0445,0.0525,70.6296
0.0455,0.0525,70.3901
0.0465,0.0525,70.1483
0.0475,0.0525,69.9049
0.0485,0.0525,69.6606
0.0495,0.0525,69.4162
0.0505,0.0525,69.1722
0.0515,0.0525,68.9293
0.0525,0.0525,68.6879
0.0535,0.0525,68.4485
0.0545,0.0525,68.2115
0.0555,0.0525,67.9773
0.0565,0.0525,67.7463
0.0575,0.0525,67.5186
0.0585,0.0525,67.2947
0.0595,0.0525,67.0746
0.0605,0.0525,66.8587
0.0615,0.0525,66.6471
0.0625,0.0525,66.44
0.0635,0.0525,66.2376
0.0645,0.0525,66.0398
0.0655,0.0525,65.847
0.0665,0.0525,65.6591
0.0675,0.0525,65.4763
0.0685,0.0525,65.2987
0.0695,0.0525,65.1262
0.0705,0.0525,64.959
0.0715,0.0525,64.7971
0.0725,0.0525,64.6405
0.0735,0.0525,64.4894
0.0745,0.0525,64.3437
0.0755,0.0525,64.2034
0.0765,0.0525,64.0686
0.0775,0.0525,63.9393
0.0785,0.0525,63.8155
0.0795,0.0525,63.6972
0.0805,0.0525,63.5845
0.0815,0.0525,63.4773
0.0825,0.0525,63.3757
0.0835,0.0525,63.2797
0.0845,0.0525,63.1892
0.0855,0.0525,63.1042
0.0865,0.0525,63.0249
0.0875,0.0525,62.9511
0.0885,0.0525,62.8829
0.0895,0.0525,62.8202
0.0905,0.0525,62.7631
0.0915,0.0525,62.7116
0.0925,0.0525,62.6657
0.0935,0.0525,62.6253
0.0945,0.0525,62.5906
0.0955,0.0525,62.5613
0.0965,0.0525,62.5377
0.0975,0.0525,62.5196
0.0985,0.0525,62.5071
0.0995,0.0525,62.5001
0.0005,0.0535,73.4182
0.0015,0.0535,73.4204
0.0025,0.0535,73.4254
0.0035,0.0535,73.4333
0.0045,0.0535,73.4438
0.0055,0.0535,73.4568
0.0065,0.0535,73.4722
0.0075,0.0535,73.4895
0.0085,0.0535,73.5085
0.0095,0.0535,73.5288
0.0105,0.0535,73.5499
0.0115,0.0535,73.5715
0.0125,0.0535,73.5929
0.0135,0.0535,73.6136
0.0145,0.0535,73.6328
0.0155,0.0535,73.6499
0.0165,0.0535,73.6641
0.0175,0.0535,73.6746
0.0185,0.0535,73.6806
0.0195,0.0535,73.6812
0.0205,0.0535,73.6756
0.0215,0.0535,73.6629
0.0225,0.0535,73.6423
0.0235,0.0535,73.6129
0.0245,0.0535,73.5741
0.0255,0.0535,73.5253
0.0265,0.0535,73.4658
0.0275,0.0535,73.3952
0.0285,0.0535,73.3131
0.0295,0.0535,73.2193
0.0305,0.0535,73.1136
0.0315,0.0535,72.9959
0.0325,0.0535,72.8665
0.0335,0.0535,72.7253
0.0345,0.0535,72.5729
0.0355,0.0535,72.4095
0.0365,0.0535,72.2356
0.0375,0.0535,72.0519
0.0385,0.0535,71.8591
0.0395,0.0535,71.6579
0.0405,0.0535,71.4491
0.0415,0.0535,71.2334
0.0425,0.0535,71.0119
0.0435,0.0535,70.7854
0.0445,0.0535,70.5547
0.0455,0.0535,70.3206
0.0465,0.0535,70.084
0.0475,0.0535,69.8455
0.0485,0.0535,69.606
0.0495,0.0535,69.3661
0.0505,0.0535,69.1263
0.0515,0.0535,68.8873
0.0525,0.0535,68.6496
0.0535,0.0535,68.4136
0.0545,0.0535,68.1797
0.0555,0.0535,67.9484
0.0565,0.0535,67.72
0.0575,0.0535,67.4948
0.0585,0.0535,67.2731
0.0595,0.0535,67.0551
0.0605,0.0535,66.841
0.0615,0.0535,66.6311
0.0625,0.0535,66.4256
0.0635,0.0535,66.2245
0.0645,0.0535,66.028
0.0655,0.0535,65.8363
0.0665,0.0535,65.6495
0.0675,0.0535,65.4676
0.0685,0.0535,65.2908
0.0695,0.0535,65.1191
0.0705,0.0535,64.9526
0.0715,0.0535,64.7913
0.0725,0.0535,64.6353
0.0735,0.0535,64.4847
0.0745,0.0535,64.3394
0.0755,0.0535,64.1996
0.0765,0.0535,64.0651
0.0775,0.0535,63.9362
0.0785,0.0535,63.8127
0.0795,0.0535,63.6947
0.0805,0.0535,63.5822
0.0815,0.0535,63.4753
0.0825,0.0535,63.3739
0.0835,0.0535,63.278
0.0845,0.0535,63.1876
0.0855,0.0535,63.1028
0.0865,0.0535,63.0236
0.0875,0.0535,62.9499
0.0885,0.0535,62.8818
0.0895,0.0535,62.8193
0.0905,0.0535,62.7623
0.0915,0.0535,62.7108
0.0925,0.0535,62.6649
0.0935,0.0535,62.6246
0.0945,0.0535,62.5899
0.0955,0.0535,62.5607
0.0965,0.0535,62.5371
0.0975,0.0535,62.519
0.0985,0.0535,62.5065
0.0995,0.0535,62.4995
0.0005,0.0545,73.3863
0.0015,0.0545,73.3883
0.0025,0.0545,73.3928
0.0035,0.0545,73.3999
0.0045,0.0545,73.4093
0.0055,0.0545,73.4209
0.0065,0.0545,73.4346
0.0075,0.0545,73.4499
0.0085,0.0545,73.4666
0.0095,0.0545,73.4843
0.0105,0.0545,73.5026
0.0115,0.0545,73.521
0.0125,0.0545,73.5389
0.0135,0.0545,73.5559
0.0145,0.0545,73.5713
0.0155,0.0545,73.5843
0.0165,0.0545,73.5943
0.0175,0.0545,73.6005
0.0185,0.0545,73.6021
0.0195,0.0545,73.5984
0.0205,0.0545,73.5885
0.0215,0.0545,73.5718
0.0225,0.0545,73.5473
0.0235,0.0545,73.5144
0.0245,0.0545,73.4725
0.0255,0.0545,73.4209
0.0265,0.0545,73.3591
0.0275,0.0545,73.2868
0.0285,0.0545,73.2035
0.0295,0.0545,73.109
0.0305,0.0545,73.0033
0.0315,0.0545,72.8861
0.0325,0.0545,72.7578
0.0335,0.0545,72.6183
0.0345,0.0545,72.468
0.0355,0.0545,72.3072
0.0365,0.0545,72.1365
0.0375,0.0545,71.9564
0.0385,0.0545,71.7674
0.0395,0.0545,71.5704
0.0405,0.0545,71.3659
0.0415,0.0545,71.1549
0.0425,0.0545,70.938
0.0435,0.0545,70.7161
0.0445,0.0545,70.49
0.0455,0.0545,70.2604
0.0465,0.0545,70.0282
0.0475,0.0545,69.794
0.0485,0.0545,69.5585
0.0495,0.0545,69.3224
0.0505,0.0545,69.0863
0.0515,0.0545,68.8506
0.0525,0.0545,68.6161
0.0535,0.0545,68.383
0.0545,0.0545,68.1519
0.0555,0.0545,67.9231
0.0565,0.0545,67.697
0.0575,0.0545,67.4739
0.0585,0.0545,67.2541
0.0595,0.0545,67.0379
0.0605,0.0545,66.8255
0.0615,0.0545,66.617
0.0625,0.0545,66.4128
0.0635,0.0545,66.213
0.0645,0.0545,66.0176
0.0655,0.0545,65.8269
0.0665,0.0545,65.641
0.0675,0.0545,65.46
0.0685,0.0545,65.2839
0.0695,0.0545,65.1129
0.0705,0.0545,64.947
0.0715,0.0545,64.7862
0.0725,0.0545,64.6307
0.0735,0.0545,64.4806
0.0745,0.0545,64.3357
0.0755,0.0545,64.1962
0.0765,0.0545,64.0621
0.0775,0.0545,63.9334
0.0785,0.0545,63.8102
0.0795,0.0545,63.6925
0.0805,0.0545,63.5802
0.0815,0.0545,63.4735
0.0825,0.0545,63.3722
0.0835,0.0545,63.2765
0.0845,0.0545,63.1863
0.0855,0.0545,63.1016
0.0865,0.0545,63.0225
0.0875,0.0545,62.9489
0.0885,0.0545,62.8809
0.0895,0.0545,62.8184
0.0905,0.0545,62.7615
0.0915,0.0545,62.7101
0.0925,0.0545,62.6643
0.0935,0.0545,62.624
0.0945,0.0545,62.5893
0.0955,0.0545,62.5601
0.0965,0.0545,62.5365
0.0975,0.0545,62.5185
0.0985,0.0545,62.506
0.0995,0.0545,62.499
0.0005,0.0555,73.3591
0.0015,0.0555,73.3609
0.0025,0.0555,73.365
0.0035,0.0555,73.3714
0.0045,0.0555,73.3799
0.0055,0.0555,73.3903
0.0065,0.0555,73.4025
0.0075,0.0555,73.4161
0.0085,0.0555,73.4309
0.0095,0.0555,73.4465
0.0105,0.0555,73.4624
0.0115,0.0555,73.4781
0.0125,0.0555,73.4933
0.0135,0.0555,73.5072
0.0145,0.0555,73.5193
0.0155,0.0555,73.529
0.0165,0.0555,73.5355
0.0175,0.0555,73.5382
0.0185,0.0555,73.5362
0.0195,0.0555,73.529
0.0205,0.0555,73.5157
0.0215,0.0555,73.4956
0.0225,0.0555,73.468
0.0235,0.0555,73.4323
0.0245,0.0555,73.3878
0.0255,0.0555,73.334
0.0265,0.0555,73.2704
0.0275,0.0555,73.1966
0.0285,0.0555,73.1124
0.0295,0.0555,73.0174
0.0305,0.0555,72.9115
0.0315,0.0555,72.7948
0.0325,0.0555,72.6673
0.0335,0.0555,72.5292
0.0345,0.0555,72.3806
0.0355,0.0555,72.2221
0.0365,0.0555,72.0539
0.0375,0.0555,71.8767
0.0385,0.0555,71.6909
0.0395,0.0555,71.4972
0.0405,0.0555,71.2964
0.0415,0.0555,71.089
0.0425,0.0555,70.8759
0.0435,0.0555,70.6579
0.0445,0.0555,70.4355
0.0455,0.0555,70.2097
0.0465,0.0555,69.9811
0.0475,0.0555,69.7504
0.0485,0.0555,69.5183
0.0495,0.0555,69.2854
0.0505,0.0555,69.0523
0.0515,0.0555,68.8195
0.0525,0.0555,68.5876
0.0535,0.0555,68.357
0.0545,0.0555,68.1282
0.0555,0.0555,67.9015
0.0565,0.0555,67.6774
0.0575,0.0555,67.4561
0.0585,0.0555,67.2379
0.0595,0.0555,67.0232
0.0605,0.0555,66.8122
0.0615,0.0555,66.605
0.0625,0.0555,66.4019
0.0635,0.0555,66.2031
0.0645,0.0555,66.0087
0.0655,0.0555,65.8189
0.0665,0.0555,65.6337
0.0675,0.0555,65.4534
0.0685,0.0555,65.278
0.0695,0.0555,65.1075
0.0705,0.0555,64.9421
0.0715,0.0555,64.7819
0.0725,0.0555,64.6268
0.0735,0.0555,64.477
0.0745,0.0555,64.3325
0.0755,0.0555,64.1933
0.0765,0.0555,64.0595
0.0775,0.0555,63.9311
0.0785,0.0555,63.8081
0.0795,0.0555,63.6906
0.0805,0.0555,63.5785
0.0815,0.0555,63.4719
0.0825,0.0555,63.3708
0.0835,0.0555,63.2752
0.0845,0.0555,63.1851
0.0855,0.0555,63.1006
0.0865,0.0555,63.0215
0.0875,0.0555,62.948
0.0885,0.0555,62.8801
0.0895,0.0555,62.8177
0.0905,0.0555,62.7608
0.0915,0.0555,62.7095
0.0925,0.0555,62.6637
0.0935,0.0555,62.6235
0.0945,0.0555,62.5888
0.0955,0.0555,62.5597
0.0965,0.0555,62.5361
0.0975,0.0555,62.518
0.0985,0.0555,62.5055
0.0995,0.0555,62.4986
0.0005,0.0565,73.3367
0.0015,0.0565,73.3384
0.0025,0.0565,73.3421
0.0035,0.0565,73.348
0.0045,0.0565,73.3557
0.0055,0.0565,73.3652
0.0065,0.0565,73.3763
0.0075,0.0565,73.3885
0.0085,0.0565,73.4018
0.0095,0.0565,73.4156
0.0105,0.0565,73.4295
0.0115,0.0565,73.4432
0.0125,0.0565,73.4561
0.0135,0.0565,73.4676
0.0145,0.0565,73.4771
0.0155,0.0565,73.4841
0.0165,0.0565,73.4879
0.0175,0.0565,73.4877
0.0185,0.0565,73.483
0.0195,0.0565,73.4729
0.0205,0.0565,73.4569
0.0215,0.0565,73.4342
0.0225,0.0565,73.4042
0.0235,0.0565,73.3662
0.0245,0.0565,73.3197
0.0255,0.0565,73.2641
0.0265,0.0565,73.1991
0.0275,0.0565,73.1242
0.0285,0.0565,73.0391
0.0295,0.0565,72.9437
0.0305,0.0565,72.8379
0.0315,0.0565,72.7215
0.0325,0.0565,72.5947
0.0335,0.0565,72.4576
0.0345,0.0565,72.3105
0.0355,0.0565,72.1536
0.0365,0.0565,71.9875
0.0375,0.0565,71.8125
0.0385,0.0565,71.6292
0.0395,0.0565,71.4382
0.0405,0.0565,71.2402
0.0415,0.0565,71.0358
0.0425,0.0565,70.8258
0.0435,0.0565,70.6107
0.0445,0.0565,70.3914
0.0455,0.0565,70.1686
0.0465,0.0565,69.9429
0.0475,0.0565,69.715
0.0485,0.0565,69.4856
0.0495,0.0565,69.2552
0.0505,0.0565,69.0246
0.0515,0.0565,68.7941
0.0525,0.0565,68.5643
0.0535,0.0565,68.3357
0.0545,0.0565,68.1088
0.0555,0.0565,67.8838
0.0565,0.0565,67.6613
0.0575,0.0565,67.4414
0.0585,0.0565,67.2246
0.0595,0.0565,67.0112
0.0605,0.0565,66.8012
0.0615,0.0565,66.5951
0.0625,0.0565,66.393
0.0635,0.0565,66.195
0.0645,0.0565,66.0014
0.0655,0.0565,65.8123
0.0665,0.0565,65.6278
0.0675,0.0565,65.448
0.0685,0.0565,65.2731
0.0695,0.0565,65.1031
0.0705,0.0565,64.9381
0.0715,0.0565,64.7783
0.0725,0.0565,64.6236
0.0735,0.0565,64.4741
0.0745,0.0565,64.3299
0.0755,0.0565,64.1909
0.0765,0.0565,64.0574
0.0775,0.0565,63.9292
0.0785,0.0565,63.8064
0.0795,0.0565,63.689
0.0805,0.0565,63.5771
0.0815,0.0565,63.4706
0.0825,0.0565,63.3696
0.0835,0.0565,63.2741
0.0845,0.0565,63.1842
0.0855,0.0565,63.0997
0.0865,0.0565,63.0207
0.0875,0.0565,62.9473
0.0885,0.0565,62.8794
0.0895,0.0565,62.8171
0.0905,0.0565,62.7602
0.0915,0.0565,62.709
0.0925,0.0565,62.6632
0.0935,0.0565,62.623
0.0945,0.0565,62.5884
0.0955,0.0565,62.5593
0.0965,0.0565,62.5357
0.0975,0.0565,62.5177
0.0985,0.0565,62.5052
0.0995,0.0565,62.4983
0.0005,0.0575,73.3195
0.0015,0.0575,73.321
0.0025,0.0575,73.3245
0.0035,0.0575,73.3299
0.0045,0.0575,73.3371
0.0055,0.0575,73.3458
0.0065,0.0575,73.356
0.0075,0.0575,73.3673
0.0085,0.0575,73.3793
0.0095,0.0575,73.3918
0.0105,0.0575,73.4043
0.0115,0.0575,73.4163
0.0125,0.0575,73.4275
0.0135,0.0575,73.4371
0.0145,0.0575,73.4447
0.0155,0.0575,73.4497
0.0165,0.0575,73.4514
0.0175,0.0575,73.4491
0.0185,0.0575,73.4423
0.0195,0.0575,73.4301
0.0205,0.0575,73.4121
0.0215,0.0575,73.3874
0.0225,0.0575,73.3555
0.0235,0.0575,73.3158
0.0245,0.0575,73.2678
0.0255,0.0575,73.211
0.0265,0.0575,73.1448
0.0275,0.0575,73.0691
0.0285,0.0575,72.9835
0.0295,0.0575,72.8878
0.0305,0.0575,72.7819
0.0315,0.0575,72.6658
0.0325,0.0575,72.5395
0.0335,0.0575,72.4032
0.0345,0.0575,72.2571
0.0355,0.0575,72.1016
0.0365,0.0575,71.9369
0.0375,0.0575,71.7636
0.0385,0.0575,71.5823
0.0395,0.0575,71.3933
0.0405,0.0575,71.1974
0.0415,0.0575,70.9952
0.0425,0.0575,70.7874
0.0435,0.0575,70.5747
0.0445,0.0575,70.3576
0.0455,0.0575,70.137
0.0465,0.0575,69.9135
0.0475,0.0575,69.6878
0.0485,0.0575,69.4604
0.0495,0.0575,69.232
0.0505,0.0575,69.0032
0.0515,0.0575,68.7745
0.0525,0.0575,68.5464
0.0535,0.0575,68.3193
0.0545,0.0575,68.0938
0.0555,0.0575,67.8702
0.0565,0.0575,67.6488
0.0575,0.0575,67.4301
0.0585,0.0575,67.2144
0.0595,0.0575,67.0018
0.0605,0.0575,66.7928
0.0615,0.0575,66.5874
0.0625,0.0575,66.386
0.0635,0.0575,66.1887
0.0645,0.0575,65.9957
0.0655,0.0575,65.8071
0.0665,0.0575,65.6231
0.0675,0.0575,65.4438
0.0685,0.0575,65.2693
0.0695,0.0575,65.0997
0.0705,0.0575,64.9351
0.0715,0.0575,64.7755
0.0725,0.0575,64.6211
0.0735,0.0575,64.4718
0.0745,0.0575,64.3278
0.0755,0.0575,64.1891
0.0765,0.0575,64.0557
0.0775,0.0575,63.9277
0.0785,0.0575,63.805
0.0795,0.0575,63.6878
0.0805,0.0575,63.576
0.0815,0.0575,63.4696
0.0825,0.0575,63.3687
0.0835,0.0575,63.2733
0.0845,0.0575,63.1834
0.0855,0.0575,63.099
0.0865,0.0575,63.0201
0.0875,0.0575,62.9468
0.0885,0.0575,62.8789
0.0895,0.0575,62.8166
0.0905,0.0575,62.7598
0.0915,0.0575,62.7086
0.0925,0.0575,62.6628
0.0935,0.0575,62.6227
0.0945,0.0575,62.588
0.0955,0.0575,62.5589
0.0965,0.0575,62.5354
0.0975,0.0575,62.5174
0.0985,0.0575,62.5049
0.0995,0.0575,62.498
0.0005,0.0585,73.3074
0.0015,0.0585,73.3088
0.0025,0.0585,73.3122
0.0035,0.0585,73.3173
0.0045,0.0585,73.3241
0.0055,0.0585,73.3323
0.0065,0.0585,73.3419
0.0075,0.0585,73.3524
0.0085,0.0585,73.3637
0.0095,0.0585,73.3752
0.0105,0.0585,73.3867
0.0115,0.0585,73.3977
0.0125,0.0585,73.4076
0.0135,0.0585,73.416
0.0145,0.0585,73.4223
0.0155,0.0585,73.4259
0.0165,0.0585,73.4261
0.0175,0.0585,73.4224
0.0185,0.0585,73.4141
0.0195,0.0585,73.4006
0.0205,0.0585,73.3811
0.0215,0.0585,73.3551
0.0225,0.0585,73.322
0.0235,0.0585,73.2811
0.0245,0.0585,73.2321
0.0255,0.0585,73.1743
0.0265,0.0585,73.1075
0.0275,0.0585,73.0312
0.0285,0.0585,72.9452
0.0295,0.0585,72.8493
0.0305,0.0585,72.7433
0.0315,0.0585,72.6274
0.0325,0.0585,72.5015
0.0335,0.0585,72.3657
0.0345,0.0585,72.2203
0.0355,0.0585,72.0657
0.0365,0.0585,71.9021
0.0375,0.0585,71.7299
0.0385,0.0585,71.5498
0.0395,0.0585,71.3623
0.0405,0.0585,71.1678
0.0415,0.0585,70.9672
0.0425,0.0585,70.7609
0.0435,0.0585,70.5497
0.0445,0.0585,70.3342
0.0455,0.0585,70.1152
0.0465,0.0585,69.8932
0.0475,0.0585,69.6689
0.0485,0.0585,69.443
0.0495,0.0585,69.2159
0.0505,0.0585,68.9884
0.0515,0.0585,68.7609
0.0525,0.0585,68.5339
0.0535,0.0585,68.3079
0.0545,0.0585,68.0834
0.0555,0.0585,67.8606
0.0565,0.0585,67.6402
0.0575,0.0585,67.4223
0.0585,0.0585,67.2072
0.0595,0.0585,66.9953
0.0605,0.0585,66.7869
0.0615,0.0585,66.5821
0.0625,0.0585,66.3812
0.0635,0.0585,66.1843
0.0645,0.0585,65.9917
0.0655,0.0585,65.8035
0.0665,0.0585,65.6199
0.0675,0.0585,65.4409
0.0685,0.0585,65.2667
0.0695,0.0585,65.0973
0.0705,0.0585,64.9329
0.0715,0.0585,64.7736
0.0725,0.0585,64.6193
0.0735,0.0585,64.4702
0.0745,0.0585,64.3264
0.0755,0.0585,64.1878
0.0765,0.0585,64.0545
0.0775,0.0585,63.9266
0.0785,0.0585,63.8041
0.0795,0.0585,63.6869
0.0805,0.0585,63.5752
0.0815,0.0585,63.4689
0.0825,0.0585,63.3681
0.0835,0.0585,63.2728
0.0845,0.0585,63.1829
0.0855,0.0585,63.0985
0.0865,0.0585,63.0197
0.0875,0.0585,62.9464
0.0885,0.0585,62.8786
0.0895,0.0585,62.8163
0.0905,0.0585,62.7595
0.0915,0.0585,62.7083
0.0925,0.0585,62.6626
0.0935,0.0585,62.6224
0.0945,0.0585,62.5878
0.0955,0.0585,62.5587
0.0965,0.0585,62.5352
0.0975,0.0585,62.5172
0.0985,0.0585,62.5047
0.0995,0.0585,62.4978
0.0005,0.0595,73.3007
0.0015,0.0595,73.3021
0.0025,0.0595,73.3053
0.0035,0.0595,73.3102
0.0045,0.0595,73.3168
0.0055,0.0595,73.3248
0.0065,0.0595,73.334
0.0075,0.0595,73.3441
0.0085,0.0595,73.3549
0.0095,0.0595,73.366
0.0105,0.0595,73.3769
0.0115,0.0595,73.3873
0.0125,0.0595,73.3966
0.0135,0.0595,73.4043
0.0145,0.0595,73.4098
0.0155,0.0595,73.4126
0.0165,0.0595,73.4121
0.0175,0.0595,73.4076
0.0185,0.0595,73.3985
0.0195,0.0595,73.3841
0.0205,0.0595,73.3639
0.0215,0.0595,73.3372
0.0225,0.0595,73.3033
0.0235,0.0595,73.2619
0.0245,0.0595,73.2122
0.0255,0.0595,73.154
0.0265,0.0595,73.0868
0.0275,0.0595,73.0101
0.0285,0.0595,72.9239
0.0295,0.0595,72.8279
0.0305,0.0595,72.722
0.0315,0.0595,72.6061
0.0325,0.0595,72.4804
0.0335,0.0595,72.3449
0.0345,0.0595,72.2
0.0355,0.0595,72.0458
0.0365,0.0595,71.8827
0.0375,0.0595,71.7113
0.0385,0.0595,71.5318
0.0395,0.0595,71.345
0.0405,0.0595,71.1514
0.0415,0.0595,70.9516
0.0425,0.0595,70.7462
0.0435,0.0595,70.5358
0.0445,0.0595,70.3212
0.0455,0.0595,70.103
0.0465,0.0595,69.8819
0.0475,0.0595,69.6584
0.0485,0.0595,69.4333
0.0495,0.0595,69.207
0.0505,0.0595,68.9801
0.0515,0.0595,68.7533
0.0525,0.0595,68.5269
0.0535,0.0595,68.3015
0.0545,0.0595,68.0775
0.0555,0.0595,67.8553
0.0565,0.0595,67.6353
0.0575,0.0595,67.4179
0.0585,0.0595,67.2032
0.0595,0.0595,66.9917
0.0605,0.0595,66.7836
0.0615,0.0595,66.5791
0.0625,0.0595,66.3785
0.0635,0.0595,66.1819
0.0645,0.0595,65.9895
0.0655,0.0595,65.8015
0.0665,0.0595,65.6181
0.0675,0.0595,65.4392
0.0685,0.0595,65.2652
0.0695,0.0595,65.096
0.0705,0.0595,64.9317
0.0715,0.0595,64.7725
0.0725,0.0595,64.6183
0.0735,0.0595,64.4694
0.0745,0.0595,64.3256
0.0755,0.0595,64.1871
0.0765,0.0595,64.0539
0.0775,0.0595,63.926
0.0785,0.0595,63.8035
0.0795,0.0595,63.6864
0.0805,0.0595,63.5748
0.0815,0.0595,63.4685
0.0825,0.0595,63.3677
0.0835,0.0595,63.2724
0.0845,0.0595,63.1826
0.0855,0.0595,63.0983
0.0865,0.0595,63.0195
0.0875,0.0595,62.9462
0.0885,0.0595,62.8784
0.0895,0.0595,62.8161
0.0905,0.0595,62.7593
0.0915,0.0595,62.7081
0.0925,0.0595,62.6624
0.0935,0.0595,62.6223
0.0945,0.0595,62.5877
0.0955,0.0595,62.5586
0.0965,0.0595,62.5351
0.0975,0.0595,62.5171
0.0985,0.0595,62.5046
0.0995,0.0595,62.4977
