$MeshFormat
2.2 0 8
$EndMeshFormat
$PhysicalNames
2
2 2 "walls"
3 1 "solid"
$EndPhysicalNames
$Nodes
2201
1 0 0 0.02
2 0 0 0
3 0 0.06 0.02
4 0 0.06 0
5 0.1 0 0
6 0.1 0 0.02
7 0.1 0.06 0.02
8 0.082 0.03 0.02
9 0.1 0.06 0
10 0.082 0.03 0
11 0 0 0.003999999999999998
12 0 0 0.007999999999999998
13 0 0 0.012
14 0 0 0.016
15 0 0.00400000000000001 0.02
16 0 0.008000000000000021 0.02
17 0 0.01200000000000003 0.02
18 0 0.01600000000000005 0.02
19 0 0.02000000000000006 0.02
20 0 0.02400000000000008 0.02
21 0 0.02800000000000009 0.02
22 0 0.0320000000000001 0.02
23 0 0.03600000000000009 0.02
24 0 0.04000000000000008 0.02
25 0 0.04400000000000005 0.02
26 0 0.04800000000000004 0.02
27 0 0.05200000000000003 0.02
28 0 0.05600000000000001 0.02
29 0 0.06 0.003999999999999998
30 0 0.06 0.007999999999999998
31 0 0.06 0.012
32 0 0.06 0.016
33 0 0.00400000000000001 0
34 0 0.008000000000000021 0
35 0 0.01200000000000003 0
36 0 0.01600000000000005 0
37 0 0.02000000000000006 0
38 0 0.02400000000000008 0
39 0 0.02800000000000009 0
40 0 0.0320000000000001 0
41 0 0.03600000000000009 0
42 0 0.04000000000000008 0
43 0 0.04400000000000005 0
44 0 0.04800000000000004 0
45 0 0.05200000000000003 0
46 0 0.05600000000000001 0
47 0.004000000000000009 0 0
48 0.008000000000000018 0 0
49 0.01200000000000003 0 0
50 0.01600000000000004 0 0
51 0.02000000000000005 0 0
52 0.02400000000000006 0 0
53 0.02800000000000008 0 0
54 0.03200000000000009 0 0
55 0.03600000000000008 0 0
56 0.04000000000000008 0 0
57 0.04400000000000007 0 0
58 0.04800000000000007 0 0
59 0.05200000000000006 0 0
60 0.05600000000000006 0 0
61 0.06000000000000005 0 0
62 0.06400000000000006 0 0
63 0.06800000000000005 0 0
64 0.07200000000000004 0 0
65 0.07600000000000004 0 0
66 0.08000000000000002 0 0
67 0.08400000000000002 0 0
68 0.08800000000000002 0 0
69 0.09200000000000001 0 0
70 0.096 0 0
71 0.1 0 0.003999999999999998
72 0.1 0 0.007999999999999998
73 0.1 0 0.012
74 0.1 0 0.016
75 0.004000000000000009 0 0.02
76 0.008000000000000018 0 0.02
77 0.01200000000000003 0 0.02
78 0.01600000000000004 0 0.02
79 0.02000000000000005 0 0.02
80 0.02400000000000006 0 0.02
81 0.02800000000000008 0 0.02
82 0.03200000000000009 0 0.02
83 0.03600000000000008 0 0.02
84 0.04000000000000008 0 0.02
85 0.04400000000000007 0 0.02
86 0.04800000000000007 0 0.02
87 0.05200000000000006 0 0.02
88 0.05600000000000006 0 0.02
89 0.06000000000000005 0 0.02
90 0.06400000000000006 0 0.02
91 0.06800000000000005 0 0.02
92 0.07200000000000004 0 0.02
93 0.07600000000000004 0 0.02
94 0.08000000000000002 0 0.02
95 0.08400000000000002 0 0.02
96 0.08800000000000002 0 0.02
97 0.09200000000000001 0 0.02
98 0.096 0 0.02
99 0.004000000000000009 0.06 0.02
100 0.008000000000000018 0.06 0.02
101 0.01200000000000003 0.06 0.02
102 0.01600000000000004 0.06 0.02
103 0.02000000000000005 0.06 0.02
104 0.02400000000000006 0.06 0.02
105 0.02800000000000008 0.06 0.02
106 0.03200000000000009 0.06 0.02
107 0.03600000000000008 0.06 0.02
108 0.04000000000000008 0.06 0.02
109 0.04400000000000007 0.06 0.02
110 0.04800000000000007 0.06 0.02
111 0.05200000000000006 0.06 0.02
112 0.05600000000000006 0.06 0.02
113 0.06000000000000005 0.06 0.02
114 0.06400000000000006 0.06 0.02
115 0.06800000000000005 0.06 0.02
116 0.07200000000000004 0.06 0.02
117 0.07600000000000004 0.06 0.02
118 0.08000000000000002 0.06 0.02
119 0.08400000000000002 0.06 0.02
120 0.08800000000000002 0.06 0.02
121 0.09200000000000001 0.06 0.02
122 0.096 0.06 0.02
123 0.1 0.00400000000000001 0.02
124 0.1 0.008000000000000021 0.02
125 0.1 0.01200000000000003 0.02
126 0.1 0.01600000000000005 0.02
127 0.1 0.02000000000000006 0.02
128 0.1 0.02400000000000008 0.02
129 0.1 0.02800000000000009 0.02
130 0.1 0.0320000000000001 0.02
131 0.1 0.03600000000000009 0.02
132 0.1 0.04000000000000008 0.02
133 0.1 0.04400000000000005 0.02
134 0.1 0.04800000000000004 0.02
135 0.1 0.05200000000000003 0.02
136 0.1 0.05600000000000001 0.02
137 0.08134980690040762 0.0338963936304562 0.02
138 0.07946968611275672 0.03737055255227602 0.02
139 0.07656337789746911 0.04004599773915035 0.02
140 0.07294582584568958 0.04163280319127197 0.02
141 0.069009047854332 0.04195901391608003 0.02
142 0.06517965490416436 0.04098927991986068 0.02
143 0.06187262114049109 0.03882868692807756 0.02
144 0.05944631498552212 0.03571136871644486 0.02
145 0.05816366435916733 0.03197513508336878 0.02
146 0.05816366435916734 0.02802486491663117 0.02
147 0.05944631498552215 0.02428863128355509 0.02
148 0.06187262114049114 0.0211713130719224 0.02
149 0.0651796549041644 0.0190107200801393 0.02
150 0.06900904785433205 0.01804098608391996 0.02
151 0.07294582584568965 0.01836719680872805 0.02
152 0.07656337789746918 0.01995400226084969 0.02
153 0.07946968611275676 0.02262944744772403 0.02
154 0.08134980690040762 0.0261036063695438 0.02
155 0.004000000000000009 0.06 0
156 0.008000000000000018 0.06 0
157 0.01200000000000003 0.06 0
158 0.01600000000000004 0.06 0
159 0.02000000000000005 0.06 0
160 0.02400000000000006 0.06 0
161 0.02800000000000008 0.06 0
162 0.03200000000000009 0.06 0
163 0.03600000000000008 0.06 0
164 0.04000000000000008 0.06 0
165 0.04400000000000007 0.06 0
166 0.04800000000000007 0.06 0
167 0.05200000000000006 0.06 0
168 0.05600000000000006 0.06 0
169 0.06000000000000005 0.06 0
170 0.06400000000000006 0.06 0
171 0.06800000000000005 0.06 0
172 0.07200000000000004 0.06 0
173 0.07600000000000004 0.06 0
174 0.08000000000000002 0.06 0
175 0.08400000000000002 0.06 0
176 0.08800000000000002 0.06 0
177 0.09200000000000001 0.06 0
178 0.096 0.06 0
179 0.1 0.06 0.003999999999999998
180 0.1 0.06 0.007999999999999998
181 0.1 0.06 0.012
182 0.1 0.06 0.016
183 0.1 0.00400000000000001 0
184 0.1 0.008000000000000021 0
185 0.1 0.01200000000000003 0
186 0.1 0.01600000000000005 0
187 0.1 0.02000000000000006 0
188 0.1 0.02400000000000008 0
189 0.1 0.02800000000000009 0
190 0.1 0.0320000000000001 0
191 0.1 0.03600000000000009 0
192 0.1 0.04000000000000008 0
193 0.1 0.04400000000000005 0
194 0.1 0.04800000000000004 0
195 0.1 0.05200000000000003 0
196 0.1 0.05600000000000001 0
197 0.08134980690040762 0.0338963936304562 0
198 0.07946968611275672 0.03737055255227602 0
199 0.07656337789746911 0.04004599773915035 0
200 0.07294582584568958 0.04163280319127197 0
201 0.069009047854332 0.04195901391608003 0
202 0.06517965490416436 0.04098927991986068 0
203 0.06187262114049109 0.03882868692807756 0
204 0.05944631498552212 0.03571136871644486 0
205 0.05816366435916733 0.03197513508336878 0
206 0.05816366435916734 0.02802486491663117 0
207 0.05944631498552215 0.02428863128355509 0
208 0.06187262114049114 0.0211713130719224 0
209 0.0651796549041644 0.0190107200801393 0
210 0.06900904785433205 0.01804098608391996 0
211 0.07294582584568965 0.01836719680872805 0
212 0.07656337789746918 0.01995400226084969 0
213 0.07946968611275676 0.02262944744772403 0
214 0.08134980690040762 0.0261036063695438 0
215 0.082 0.03 0.003999999999999998
216 0.082 0.03 0.007999999999999998
217 0.082 0.03 0.012
218 0.082 0.03 0.016
219 0 0.04200000000000007 0.01653589838486226
220 0 0.0340000000000001 0.01653589838486226
221 0 0.05672602210072628 0.009839333960553922
222 0 0.003255103123598425 0.009806641890102837
223 0 0.02589354888059534 0.003202565051528918
224 0 0.01800000000000007 0.01653589838486224
225 0 0.04600000000000005 0.00346410161513774
226 0 0.03796198174306983 0.003299157956115989
227 0 0.01400000000000004 0.003464101615137766
228 0 0.02600000000000009 0.01653589838486224
229 0 0.01000000000000003 0.01653589838486224
230 0 0.04996730792954895 0.01655477316053756
231 0 0.05372229815464837 0.003838041092465934
232 0 0.006277701845351678 0.003838041092465959
233 0 0.0300000000000001 0.01653589838486225
234 0 0.03200000000000012 0.0130717967697245
235 0 0.03600000000000012 0.01307179676972453
236 0 0.03394677444029776 0.009638424945808704
237 0 0.02999112907338307 0.009678315277602862
238 0 0.03793790351368068 0.009708930718581232
239 0 0.03188319946620879 0.006422021755430865
240 0 0.02799852151223059 0.01308356679022717
241 0 0.02399975358537185 0.01307375843980826
242 0 0.02594500846879526 0.009717982072554896
243 0 0.02193756811599221 0.009657133043817313
244 0 0.01998955361689406 0.01308036336294354
245 0 0.01798785362214776 0.009682861059474128
246 0 0.01988111917028527 0.006425897402077487
247 0 0.01400000000000005 0.01653589838486224
248 0 0.01200000000000004 0.01307179676972448
249 0 0.007925974746131935 0.01339877861314849
250 0 0.009685118141133989 0.009675647815575091
251 0 0.01394549529388032 0.009762430880947363
252 0 0.00600889520588183 0.0166050939906799
253 0 0.01021977354462315 0.00335225925642544
254 0 0.04599455132159154 0.01653904418080814
255 0 0.04799364320852349 0.01307546686499472
256 0 0.0520159502640871 0.01345410293776583
257 0 0.05030567731868646 0.009684075589844729
258 0 0.04604988675453509 0.009751805191479206
259 0 0.04400634688077507 0.01309695109107592
260 0 0.04199902285816519 0.009783546756764235
261 0 0.05629725884425918 0.01378080776678777
262 0 0.02199821786704437 0.01653765309541271
263 0 0.04199676715502303 0.003383357282667671
264 0 0.01600000000000005 0.01307179676972448
265 0 0.04978022645537697 0.003352259256425428
266 0 0.03800000000000009 0.01653589838486226
267 0 0.03999054554210353 0.01312217035097841
268 0 0.05389205230126996 0.01681024677246928
269 0 0.05681603328689767 0.006101315702725077
270 0 0.00318082091715647 0.006095867024316575
271 0 0.003760453117370472 0.01367426381017394
272 0 0.006274113160888873 0.007754874612684835
273 0 0.05372068265381104 0.007762636033206344
274 0 0.02996279139113409 0.003205380326924431
275 0 0.03595497652720954 0.006445924071510348
276 0 0.01798018652838092 0.003249615695300333
277 0 0.02394287410594471 0.006435212120760894
278 0 0.03997510863285807 0.006526135861750288
279 0 0.01214855440033744 0.006511089750082679
280 0 0.04400346423343027 0.006574140848776913
281 0 0.04784971922327365 0.006516982824625095
282 0 0.0339604915212704 0.003228747351663605
283 0 0.02194962144753439 0.003218881711611271
284 0 0.01600000000000006 0.006536584486323752
285 0 0.0279364252310102 0.006443579434133811
286 0 0.002928203230275527 0.01707179676972448
287 0 0.002928203230275519 0.002928203230275516
288 0 0.05707179676972453 0.01707179676972449
289 0 0.0570717967697245 0.002928203230275536
290 0 0.009009731799542425 0.00626272499881473
291 0 0.05095906057761309 0.006275514446086551
292 0 0.0537950044842944 0.01083753540756185
293 0 0.006180152457824739 0.01086204134833704
294 0.07800000000000001 0 0.003267834842187536
295 0.03400000000000009 0 0.01653589838486206
296 0.05000000000000008 0 0.01653589838486216
297 0.06589354888059532 0 0.003202565051528862
298 0.04200000000000009 0 0.0165358983848621
299 0.05800000000000008 0 0.0165358983848622
300 0.08594677444029766 0 0.01663201231698642
301 0.003255103123598356 0 0.009806641890102781
302 0.01800000000000004 0 0.00346410161513776
303 0.02600000000000008 0 0.01653589838486202
304 0.07400000000000004 0 0.01653589838486226
305 0.05403801825693035 0 0.00329915795611594
306 0.08996730792954889 0 0.00344522683946241
307 0.03800000000000008 0 0.003464101615137748
308 0.04600000000000006 0 0.003464101615137748
309 0.02996198174306981 0 0.003299157956115871
310 0.01400000000000005 0 0.01653589838486191
311 0.06600000000000006 0 0.01653589838486222
312 0.09672602210072628 0 0.01016066603944612
313 0.01017348990373118 0 0.003289936010203984
314 0.0937222981546484 0 0.01616195890753416
315 0.006016949477123523 0 0.01661291181977655
316 0.07800000000000003 0 0.01653589838486225
317 0.07600000000000004 0 0.0130717967697245
318 0.07994697625565819 0 0.01316780653660751
319 0.07200000000000006 0 0.0130717967697245
320 0.07394677444029771 0 0.009638424945808702
321 0.06999112907338303 0 0.009678315277602812
322 0.07188319946620876 0 0.006422021755430852
323 0.06799852151223057 0 0.01308356679022712
324 0.06594504953789992 0 0.009717655127540832
325 0.06399059517502181 0 0.01309208510196724
326 0.06193604855911797 0 0.009660132996674713
327 0.05998777395569002 0 0.01308391779877956
328 0.05804052931217045 0 0.009649184757665734
329 0.05999609631188145 0 0.006351247277404538
330 0.0560000000000001 0 0.01307179676972429
331 0.05405998044506423 0 0.009710724020557244
332 0.05200999674084411 0 0.01308896824738611
333 0.05000595044097871 0 0.009684634783367044
334 0.0480026578636372 0 0.01308748195413134
335 0.04600037346872046 0 0.009645753711091269
336 0.04400050522205969 0 0.01308075405987622
337 0.04200003812173676 0 0.009643774979723605
338 0.04000009055729948 0 0.01307930295560574
339 0.03800000558270164 0 0.009643626177330531
340 0.03600001602333359 0 0.01307903630449512
341 0.03400000093737153 0 0.009643608153004527
342 0.03200000282678426 0 0.01307898885858891
343 0.02994677506765699 0 0.009710993267924271
344 0.02799112964907362 0 0.01309021180342447
345 0.02593642522641947 0 0.009658710470314509
346 0.02398792581258224 0 0.01308336849462871
347 0.02198739183983375 0 0.009683624819170768
348 0.01999588627540272 0 0.0130863803346388
349 0.01799927452603256 0 0.009645691866970904
350 0.02388085172497079 0 0.006426287599776274
351 0.01599919346690594 0 0.01308056014927388
352 0.01399993353433213 0 0.009643763883881037
353 0.0119998545002064 0 0.01307926878786455
354 0.009695662896620575 0 0.009635156230433446
355 0.007878052558456958 0 0.01341743636796512
356 0.0219973020146642 0 0.01654025759983196
357 0.03000000000000008 0 0.01653589838486168
358 0.04600013722952671 0 0.01653696749124839
359 0.06199639485511867 0 0.01654129994507854
360 0.00998247608929783 0 0.01660758589341135
361 0.03399676715502303 0 0.003383357282667615
362 0.08599455132159148 0 0.003460955819191817
363 0.08799364320852339 0 0.006924533135005233
364 0.08405145979674872 0 0.006830849151040788
365 0.08596749530228827 0 0.01021534177395212
366 0.09029875518128651 0 0.01034525913823822
367 0.05000323284497712 0 0.003383357282667637
368 0.01400000000000003 0 0.00346410161513776
369 0.03800000000000009 0 0.01653589838486224
370 0.00630248611731323 0 0.003813160291761136
371 0.09619952441886261 0 0.006361484293360147
372 0.06999975358537179 0 0.01653786005494601
373 0.01799873029282883 0 0.01654051607810109
374 0.05400166612347407 0 0.01653876029780579
375 0.04200000000000006 0 0.003464101615137744
376 0.08206089407942574 0 0.003383910715893992
377 0.08192906622295694 0 0.01659864879258538
378 0.08977135552875988 0 0.01666375973226202
379 0.07798249359801986 0 0.00982486667173639
380 0.09200968046663482 0 0.00659830349326501
381 0.09387471826412848 0 0.003222202976060506
382 0.09681603328689767 0 0.01389868429727498
383 0.003232352009703125 0 0.006121557995201247
384 0.003754757700737099 0 0.01367804603644721
385 0.09371952896424432 0 0.0122422530881409
386 0.006288589847554601 0 0.007748261043524472
387 0.0799627841680239 0 0.006605801446032089
388 0.06996279139113404 0 0.003205380326924411
389 0.08396525385222739 0 0.01334621434063705
390 0.07596254194542502 0 0.006471676721576444
391 0.05602243738767444 0 0.006436220510811418
392 0.06396179054824913 0 0.006423215934622584
393 0.02198014195416188 0 0.003249680728250034
394 0.02795433896035289 0 0.006450359724542614
395 0.08781811581374545 0 0.01348784547599826
396 0.05202160322927081 0 0.006508332156396889
397 0.04800519333065789 0 0.006537012988920451
398 0.04400024316782585 0 0.006539163213132465
399 0.04000001244586754 0 0.006539164197550866
400 0.03600000000000021 0 0.006535898384862036
401 0.03197664397724574 0 0.006503895794852822
402 0.01600000000000004 0 0.006535898384861755
403 0.01215167095951182 0 0.006474061761767444
404 0.07396808880046131 0 0.003227818941019873
405 0.06793958481624503 0 0.006441525578941725
406 0.0620000000000001 0 0.003071110668262895
407 0.0580048088398373 0 0.003133276688927639
408 0.02596288573042591 0 0.003237581001447466
409 0.02000000000000024 0 0.006536584486323419
410 0.08197941049549437 0 0.009998479986667657
411 0.09707179676972461 0 0.01707179676972448
412 0.002928203230275517 0 0.002928203230275515
413 0.002928203230275516 0 0.01707179676972449
414 0.09707179676972466 0 0.00292820323027547
415 0.009040939422386983 0 0.006275514446086678
416 0.09095906057761309 0 0.01372448555391374
417 0.09379500448429408 0 0.009162464592438175
418 0.006204995515705343 0 0.01083753540756155
419 0.05487913347077197 0.0301679164872581 0.02
420 0.003852006751729937 0.03043591663196947 0.02
421 0.03000237492896101 0.05653629819064541 0.02
422 0.03035108725709978 0.003843484875329583 0.02
423 0.01816883167003047 0.05642520662501317 0.02
424 0.00385184509644469 0.01757878638957451 0.02
425 0.04210831583435652 0.05659885605821672 0.02
426 0.04210900301769782 0.003401432727130711 0.02
427 0.01748997632955837 0.003827567746480679 0.02
428 0.003854391756455021 0.04157039756601195 0.02
429 0.05795979130005281 0.03937127058982288 0.02
430 0.05795979130005287 0.02062872941017706 0.02
431 0.08050569837948984 0.0188540718444945 0.02
432 0.08032553778430099 0.04126116334634221 0.02
433 0.05400110711453859 0.0565891068704795 0.02
434 0.05400157080699442 0.00341344255087208 0.02
435 0.09584526365603745 0.04566135773177896 0.02
436 0.09643660761580032 0.01396277129462603 0.02
437 0.08600007748995848 0.00321354900699938 0.02
438 0.08564577818281499 0.05660464557219736 0.02
439 0.009992490958945723 0.05595444475872283 0.02
440 0.009991999592294028 0.003552518561668655 0.02
441 0.09659583611475683 0.03746432377687427 0.02
442 0.09666559269810814 0.02199813526511565 0.02
443 0.06200087143964041 0.05670655621133099 0.02
444 0.06200087132813231 0.003293665509940996 0.02
445 0.07798233966383117 0.003451432937291853 0.02
446 0.07795065755919695 0.05684205774980678 0.02
447 0.0700728277690167 0.05648497206593805 0.02
448 0.07008577103945973 0.003542434017548226 0.02
449 0.09653589838486225 0.0300000000000001 0.02
450 0.06622025896758046 0.04480376644345693 0.02
451 0.06635167540291673 0.01510969734225602 0.02
452 0.08488894351087403 0.02734422117514797 0.02
453 0.003464101615137765 0.01000000000000003 0.02
454 0.003755710689560473 0.05001064201561244 0.02
455 0.09380041842087275 0.05628812355440459 0.02
456 0.09384325756305768 0.003373895884760635 0.02
457 0.05446980350285397 0.0260540342781733 0.02
458 0.05129365377115162 0.02805406778682637 0.02
459 0.05128422256887373 0.02407004805725793 0.02
460 0.04787798793660171 0.02605200796581843 0.02
461 0.04788322933340481 0.03001348937963616 0.02
462 0.04445274441653656 0.02803034968336052 0.02
463 0.04445617457064309 0.03199474784051796 0.02
464 0.04101951274550436 0.03001287661313436 0.02
465 0.04101800993049833 0.02604681541584494 0.02
466 0.03758019073622674 0.02802975681192083 0.02
467 0.03758583052501767 0.03200343457816982 0.02
468 0.03413970935353018 0.03001710684986071 0.02
469 0.03414424144605729 0.0260351553400619 0.02
470 0.03069473404924413 0.02802839534382132 0.02
471 0.03069696895027898 0.03200906304058217 0.02
472 0.02724746665452254 0.03002045401516113 0.02
473 0.02724681314972813 0.02603915049810714 0.02
474 0.02725093683099256 0.03400389801109131 0.02
475 0.0237981835219437 0.03201342895575786 0.02
476 0.02380053737356808 0.03599845202256337 0.02
477 0.02725513745086327 0.03798940452688172 0.02
478 0.02380303785670572 0.03998556188988902 0.02
479 0.02034692167018578 0.03400735943150878 0.02
480 0.02034524721755929 0.03002022534268379 0.02
481 0.04787938419985145 0.02208614282870238 0.02
482 0.02725848601732399 0.04197609606733738 0.02
483 0.02380576297806397 0.04397390985042286 0.02
484 0.02034853171645297 0.0419819326255176 0.02
485 0.01689161350389095 0.03201483247354475 0.02
486 0.01689073396032896 0.0280249197240319 0.02
487 0.03071001442327928 0.03997967268244385 0.02
488 0.0307137531603946 0.04396611254333927 0.02
489 0.03416428206362603 0.04196932269309326 0.02
490 0.03417601531120741 0.04594215328042944 0.02
491 0.03761886922781954 0.04395676681611019 0.02
492 0.04789194423580902 0.0339742154681479 0.02
493 0.02035114061755262 0.04597309234688937 0.02
494 0.01689180891709378 0.04397950640473891 0.02
495 0.04446218468360025 0.03596226130912336 0.02
496 0.04790180580308019 0.03794195289261096 0.02
497 0.02380642038001273 0.04808728968398522 0.02
498 0.01351936625530922 0.03002159457413851 0.02
499 0.01353225751700804 0.02603027537584043 0.02
500 0.01690755612178337 0.02403309179210968 0.02
501 0.01344995271864749 0.03401106193893967 0.02
502 0.01353699632093306 0.02203799789328023 0.02
503 0.01691098646735083 0.02004073836379612 0.02
504 0.01353759872511681 0.01804475029509633 0.02
505 0.01691124245294948 0.01604782764280437 0.02
506 0.02034892025904719 0.0180448346932624 0.02
507 0.02035212023404718 0.01405144759684402 0.02
508 0.02380678234513385 0.01604789133055595 0.02
509 0.013451848344898 0.0140504340348259 0.02
510 0.02380681934830239 0.01205532044458742 0.02
511 0.02726280211208614 0.01405209691299015 0.02
512 0.009974698402388456 0.02403525470939427 0.02
513 0.03763123672703036 0.04792893378681852 0.02
514 0.04106642304264303 0.04592599715177004 0.02
515 0.01689420248889941 0.04797357499087991 0.02
516 0.01351873695355348 0.0459787355240163 0.02
517 0.02726295518292721 0.01804166649737155 0.02
518 0.03071743629061096 0.01604694522283185 0.02
519 0.0307178240889472 0.01205818807606247 0.02
520 0.03417125455995802 0.01405291502294078 0.02
521 0.03417245989212551 0.01006483684941895 0.02
522 0.03762426335616512 0.0120598605743801 0.02
523 0.03762010932538479 0.0160462047574796 0.02
524 0.0410635908186207 0.01408503174563724 0.02
525 0.03057176068233482 0.04769427692498092 0.02
526 0.01353309327513103 0.0419869991624866 0.02
527 0.05127335833026532 0.02010427582947411 0.02
528 0.03761002387556171 0.03997368499931796 0.02
529 0.04788459969805653 0.01811890581338537 0.02
530 0.05131731623461514 0.01613510195159994 0.02
531 0.04446049492364192 0.02009236849897796 0.02
532 0.04789063173585045 0.01414809333382042 0.02
533 0.05121006448227204 0.01236557231749572 0.02
534 0.05527620532304714 0.01387072262469118 0.02
535 0.04788541904809517 0.01017102200161238 0.02
536 0.05142452804270273 0.03618734742374013 0.02
537 0.05133725533515705 0.03992074121730559 0.02
538 0.04790812418637912 0.04191053481001612 0.02
539 0.05134644337500273 0.04389150395882947 0.02
540 0.04790777240625028 0.04588252201872564 0.02
541 0.05123307902390437 0.04765872678669389 0.02
542 0.05475432045803012 0.04580818350647815 0.02
543 0.0478603012120575 0.04983589089202714 0.02
544 0.06038643704071684 0.01750896228396321 0.02
545 0.07658798297190963 0.01615628215179212 0.02
546 0.0802499251654783 0.01443757929242341 0.02
547 0.08377668541953226 0.01635460448248196 0.02
548 0.08352617753240144 0.01248722365547549 0.02
549 0.08704700439030368 0.01435525605727618 0.02
550 0.0870746191968565 0.01796431216038724 0.02
551 0.07690901701301958 0.01206741878874587 0.02
552 0.0774262467139826 0.0439037921482725 0.02
553 0.08100129086013204 0.04512039482898422 0.02
554 0.08407157572937191 0.04244913458748818 0.02
555 0.08495457802252414 0.04630691112701239 0.02
556 0.0735396353269443 0.04648374642570739 0.02
557 0.08789377052571741 0.04359254409030285 0.02
558 0.08685881473925179 0.03971697289820117 0.02
559 0.08877996514501796 0.04750119526253722 0.02
560 0.08174998806202925 0.04908107371832839 0.02
561 0.0623955129609025 0.04401140234632785 0.02
562 0.06367775506232934 0.04761256789663258 0.02
563 0.06718570156589315 0.04865313960346214 0.02
564 0.08559087098237939 0.03139597494992756 0.02
565 0.08875935206550792 0.02887206012433183 0.02
566 0.08918448169790927 0.03293461514089722 0.02
567 0.07006708716279658 0.01446876259805831 0.02
568 0.06733970887945577 0.011418973211034 0.02
569 0.06360334518158281 0.01226174100449344 0.02
570 0.08700532976325866 0.01054208715181498 0.02
571 0.01338620327750176 0.04986497344718231 0.02
572 0.05382613891392982 0.009998695315128097 0.02
573 0.05435206368527114 0.04986342075681523 0.02
574 0.02030886384022713 0.01012846071031863 0.02
575 0.0238640888052159 0.007464351014631089 0.02
576 0.0877997878690982 0.02491922307186085 0.02
577 0.07096375975057348 0.01068950381269612 0.02
578 0.03071412141704486 0.02003885338042918 0.02
579 0.01017602356935713 0.03218730063996965 0.02
580 0.01001288728542624 0.03603728891561934 0.02
581 0.009667425106946128 0.0475403616827968 0.02
582 0.0101783373087715 0.01587336636502481 0.02
583 0.01009372734163346 0.01202317698307149 0.02
584 0.01345459252022338 0.01004916125502763 0.02
585 0.04095855110235996 0.01000313957164826 0.02
586 0.04095973858748563 0.0500027057378061 0.02
587 0.03774954780687796 0.05189969024018612 0.02
588 0.09034021112825849 0.01598494033542676 0.02
589 0.09171708235079065 0.02636214415331939 0.02
590 0.09066214664258429 0.04091836563538766 0.02
591 0.08379079317228923 0.008806708747901213 0.02
592 0.09067871698374902 0.02274127470116516 0.02
593 0.06480406195507894 0.05070341270538814 0.02
594 0.06113890771290265 0.05026984889344581 0.02
595 0.06481202358414939 0.009288442316280751 0.02
596 0.06138135929184001 0.009575460884126585 0.02
597 0.08356637562596139 0.02303724594727279 0.02
598 0.07739518329945286 0.04850318660427816 0.02
599 0.07367530146668287 0.05006169452403428 0.02
600 0.006518923926845058 0.03401714455436462 0.02
601 0.006382149140861344 0.01378970527990369 0.02
602 0.07887613652643566 0.05181327701678801 0.02
603 0.006520663331358898 0.03801284846047624 0.02
604 0.08276925103847431 0.05295714776610394 0.02
605 0.08601814623167099 0.03561822052712821 0.02
606 0.01656667408763835 0.05251356849250553 0.02
607 0.03071929243923058 0.008069656190397727 0.02
608 0.03417533382847404 0.006075609391967392 0.02
609 0.01008606623585004 0.007911934576119224 0.02
610 0.009983748732570992 0.05189465358379917 0.02
611 0.01351185659408289 0.006042963686549549 0.02
612 0.006401263092482589 0.00584072040640685 0.02
613 0.06777278117821252 0.0528512874575361 0.02
614 0.05556931643162703 0.03495405992651014 0.02
615 0.05969031137915215 0.01344147159707784 0.02
616 0.08982305368752275 0.03699626344746974 0.02
617 0.09309618344146599 0.03446113993414515 0.02
618 0.08584535071649214 0.05010565578787513 0.02
619 0.08974174201270756 0.05127722003736272 0.02
620 0.09269531941150294 0.04860658007984972 0.02
621 0.09354317586822296 0.05249525920578482 0.02
622 0.02726570757269316 0.0220289878172615 0.02
623 0.0966761485594783 0.02599705197105395 0.02
624 0.06608223315806244 0.003344171469709421 0.02
625 0.06597489964408781 0.05673284742790723 0.02
626 0.07393804170609898 0.05667523702207892 0.02
627 0.07402873383537648 0.003443505782395197 0.02
628 0.07599964521519692 0.006703547074708893 0.02
629 0.09675492685939964 0.01817068072727235 0.02
630 0.09651192562136231 0.04129435893084519 0.02
631 0.0580010076370809 0.003258673420794217 0.02
632 0.05800092914008989 0.05674518573599794 0.02
633 0.08197852803788172 0.003192464934471224 0.02
634 0.04105338067861215 0.04194415105190648 0.02
635 0.03417012040245682 0.01803974211603237 0.02
636 0.03762249252174409 0.02003008993675344 0.02
637 0.03416987540264263 0.02202838623017522 0.02
638 0.03415713562921298 0.03798345687497388 0.02
639 0.03759391042711212 0.0359848101071172 0.02
640 0.08997338986748571 0.003373751313579435 0.02
641 0.09194751470307112 0.00666784352611781 0.02
642 0.09631027490419392 0.006479601004966652 0.02
643 0.09381171832080315 0.01039307217345894 0.02
644 0.08960120310792731 0.05669916329265473 0.02
645 0.05000059267190297 0.05661688826177855 0.02
646 0.05216607677195968 0.05342504771757445 0.02
647 0.04601855919092702 0.05663172977382511 0.02
648 0.04421506522021229 0.05270412031493994 0.02
649 0.05000200812835123 0.003386624984274058 0.02
650 0.05207700446256669 0.006560382247217486 0.02
651 0.04601978639727027 0.003371998191228871 0.02
652 0.04421806160554909 0.007303269501531569 0.02
653 0.0307020167940143 0.03599286728209908 0.02
654 0.03779350895674323 0.003831286937093835 0.02
655 0.03793523890727264 0.05601503010755497 0.02
656 0.03400152195684486 0.05653677708705626 0.02
657 0.03187940632899056 0.05341482646750172 0.02
658 0.0280843678188439 0.0532048639386532 0.02
659 0.02600490707084507 0.05653131151882102 0.02
660 0.02391682759225043 0.05248764129361391 0.02
661 0.02203272149290647 0.05649364260709953 0.02
662 0.02380675235543291 0.0200374807271255 0.02
663 0.02035223361465945 0.0220353152016711 0.02
664 0.02034984189755713 0.02602835752152236 0.02
665 0.02600167787904236 0.003463132891221036 0.02
666 0.02200274145185604 0.003464455597939796 0.02
667 0.003464101615137758 0.02600000000000009 0.02
668 0.006894507985943443 0.0274681921123292 0.02
669 0.003458157490500515 0.02198235393542162 0.02
670 0.006895766102802285 0.02055227828671214 0.02
671 0.01429754218125465 0.05636755928430097 0.02
672 0.003464090827852335 0.04600001868412655 0.02
673 0.006927977859441114 0.04400001868348965 0.02
674 0.005930807878713364 0.05661543538624164 0.02
675 0.05477953296794441 0.04189930082881571 0.02
676 0.05830521873222996 0.04384828712450636 0.02
677 0.05468940370445839 0.01814320336825536 0.02
678 0.01690909222619568 0.03999013333812217 0.02
679 0.03756143922504952 0.008098766425710356 0.02
680 0.02380536870764915 0.0240260048261865 0.02
681 0.01689091921669933 0.008055440960926138 0.02
682 0.01689060630894771 0.01205470210055611 0.02
683 0.03070591550623503 0.02403315476830938 0.02
684 0.0237979117633626 0.02803058824245118 0.02
685 0.02035448086593725 0.04996548317760217 0.02
686 0.02726238946323657 0.01006165264157701 0.02
687 0.0514903008809112 0.03222518274535313 0.02
688 0.02726315812644687 0.04596318744144025 0.02
689 0.02035066219927575 0.03799399820796573 0.02
690 0.03414592861319436 0.03399845645546715 0.02
691 0.04445252365244391 0.02406544395318771 0.02
692 0.01689658593128949 0.03600158585525466 0.02
693 0.0375845841656015 0.02405535924329498 0.02
694 0.04102585847451472 0.03398380722890872 0.02
695 0.04104952396620475 0.01806723544567246 0.02
696 0.04103789888700416 0.03796315612856607 0.02
697 0.09247363421477552 0.03026049502811876 0.02
698 0.06791295774979894 0.007239449626619708 0.02
699 0.01346297881998944 0.03800405841636484 0.02
700 0.04102679341587259 0.02206582305237436 0.02
701 0.01018847251973944 0.03983393557951152 0.02
702 0.09156472832766423 0.04476537472120251 0.02
703 0.09021057501670693 0.01244537427542118 0.02
704 0.04447708909081236 0.03993693817474481 0.02
705 0.04449042526701219 0.04390878918366296 0.02
706 0.04441662095594349 0.04804333754982196 0.02
707 0.0964982932205042 0.05012719950290227 0.02
708 0.04447610439707123 0.01611201087996551 0.02
709 0.04441539311792442 0.0119704278390359 0.02
710 0.03386502620870751 0.05019448115882414 0.02
711 0.08015201434055737 0.00682229388673856 0.02
712 0.08186944923991334 0.05676844270914259 0.02
713 0.08751426102433719 0.006777938488347299 0.02
714 0.05792773829953986 0.0477846539267764 0.02
715 0.07220980626707085 0.007010853893151117 0.02
716 0.003282324096252076 0.0540652100829449 0.02
717 0.08313342533648355 0.03866146524433985 0.02
718 0.06987301274398951 0.04555747113574099 0.02
719 0.05450426386116972 0.02208976141993847 0.02
720 0.05595828015141684 0.006705488819908595 0.02
721 0.09681591195677341 0.03383101984380051 0.02
722 0.05603539035223652 0.05354189081866041 0.02
723 0.08039237674789207 0.01064840771799071 0.02
724 0.07189975869060855 0.05319950743562737 0.02
725 0.09682319582017995 0.05400131161242858 0.02
726 0.04833795627922007 0.006648924673171689 0.02
727 0.04834526726213727 0.05335804622639079 0.02
728 0.02716627028595445 0.04964861366384635 0.02
729 0.07362360712600143 0.01369930786749317 0.02
730 0.07584252642336899 0.05322805270280351 0.02
731 0.05421408481549681 0.03846654399723889 0.02
732 0.02010813673957709 0.006541296111359959 0.02
733 0.002552941981385058 0.006148013121142369 0.02
734 0.003307777403654064 0.03726673176347551 0.02
735 0.002735741616445812 0.03394395858996196 0.02
736 0.01034001514212006 0.02824950692631673 0.02
737 0.006137446319354492 0.02400761580877146 0.02
738 0.02010576262431276 0.05351769620514919 0.02
739 0.0103434169712148 0.01981181413391405 0.02
740 0.007334498277354631 0.04995328272050191 0.02
741 0.00273961917048876 0.01387369833389566 0.02
742 0.0102521998798869 0.04355690465450077 0.02
743 0.00728546148519304 0.009913107449100256 0.02
744 0.09366528207849791 0.02055953484833245 0.02
745 0.02763970716876504 0.006580455522631289 0.02
746 0.08724563064335794 0.02128399766186856 0.02
747 0.09329590102216995 0.03874220202021696 0.02
748 0.0600003504365066 0.006210407105740431 0.02
749 0.06000035173176804 0.05379223146431198 0.02
750 0.04064451821442927 0.006557865229753599 0.02
751 0.04064528134915787 0.05344270189039733 0.02
752 0.01400000000000003 0.002724461674774517 0.02
753 0.09298672985395329 0.01403030574977114 0.02
754 0.03400000000000008 0.002711149557995374 0.02
755 0.0128453318475823 0.05331903991330216 0.02
756 0.09731658617290287 0.01000121253318116 0.02
757 0.006914753503361886 0.05332065633965456 0.02
758 0.08710498741157348 0.05341403938469162 0.02
759 0.0574456540658843 0.01629357497226375 0.02
760 0.06304228478170658 0.01546651846158596 0.02
761 0.07065769849538847 0.04946780776368471 0.02
762 0.0061318987636818 0.002499987517312013 0.02
763 0.08443380185303959 0.01949884641930101 0.02
764 0.09396333273462913 0.02418249061128384 0.02
765 0.09045973906921002 0.01926615641354032 0.02
766 0.06029405649463912 0.04152893283110935 0.02
767 0.05768877424931541 0.009967041057778788 0.02
768 0.0898821752418358 0.009215338236848563 0.02
769 0.07442310169257671 0.01017115201635213 0.02
770 0.09707179676972459 0.002928203230275513 0.02
771 0.002928203230275546 0.05707179676972449 0.02
772 0.09709728741147985 0.05709728741147977 0.02
773 0.002972666759840469 0.002946749486105211 0.02
774 0.03505349614660835 0.0536232744855655 0.02
775 0.05779338340782846 0.05094556502250715 0.02
776 0.006289163149179218 0.0472555922136358 0.02
777 0.09351190458512539 0.0423122055273587 0.02
778 0.007333948985905499 0.03074720059573179 0.02
779 0.007272676892998359 0.04113110845134055 0.02
780 0.007224001857889491 0.0171343533652926 0.02
781 0.06072309154243357 0.04659932330693692 0.02
782 0.03031336626496625 0.05083141243076126 0.02
783 0.06386166193804027 0.05404635891792074 0.02
784 0.06384750001081715 0.006077451457461944 0.02
785 0.09430039282893091 0.02779287380461414 0.02
786 0.08400054693246153 0.005626291435169716 0.02
787 0.09363976461157375 0.01703840821554612 0.02
788 0.07977381580976373 0.05440062012361011 0.02
789 0.07772633326360663 0.009269221936659702 0.02
790 0.05663757275044962 0.02394822856671131 0.02
791 0.09097853326098809 0.05392632978543679 0.02
792 0.05066731663721676 0.009148919310925074 0.02
793 0.05067889046031276 0.05065964696652558 0.02
794 0.09473040699946929 0.03213816370151613 0.02
795 0.07800000000000004 0.06 0.01653589838486227
796 0.03400000000000011 0.06 0.003464101615137931
797 0.0500000000000001 0.06 0.003464101615137872
798 0.06600000000000011 0.06 0.003464101615137706
799 0.04200000000000013 0.06 0.003464101615138005
800 0.05800000000000009 0.06 0.003464101615137732
801 0.08599999999999997 0.06 0.01653589838486218
802 0.002686751345948131 0.06 0.01001185425508465
803 0.01800000000000005 0.06 0.01653589838486224
804 0.02600000000000007 0.06 0.01653589838486224
805 0.07400000000000002 0.06 0.00346410161513774
806 0.082 0.06 0.003464101615137745
807 0.06205322555970248 0.06 0.01663201231698639
808 0.07000000000000003 0.06 0.0165358983848623
809 0.08979372163878946 0.06 0.003270998478405475
810 0.05400000000000006 0.06 0.01653589838486225
811 0.03794677444029766 0.06 0.01663201231698648
812 0.04600000000000006 0.06 0.01653589838486225
813 0.01400000000000003 0.06 0.00339860312399196
814 0.02200000000000005 0.06 0.003464101615137763
815 0.09672586775903488 0.06 0.009773301714825251
816 0.01000000000000002 0.06 0.01653589838486224
817 0.09398305052287648 0.06 0.01661291181977665
818 0.006016949477123518 0.06 0.003387088180223333
819 0.07400000000000004 0.06 0.0165358983848623
820 0.07599999999999994 0.06 0.01307179676972455
821 0.0799999999999999 0.06 0.01307179676972445
822 0.07799999999999978 0.06 0.00960769515458674
823 0.07399999999999979 0.06 0.009607695154586938
824 0.08199999999999977 0.06 0.009607695154586589
825 0.08399999999999988 0.06 0.01307179676972435
826 0.08599999999999977 0.06 0.009607695154586478
827 0.08799999999999987 0.06 0.01307179676972425
828 0.0903040919122679 0.06 0.009628326814271691
829 0.09212170481645601 0.06 0.01341479067959778
830 0.03000000000000008 0.06 0.01653589838486225
831 0.02794677444029768 0.06 0.01310252656094643
832 0.02399112907338301 0.06 0.0130769184015948
833 0.03188467795397816 0.06 0.01320364777469739
834 0.02598345091261749 0.06 0.009651260065031551
835 0.02200000000000009 0.06 0.009607695154586714
836 0.01999852151223055 0.06 0.0130726503750362
837 0.01800000000000009 0.06 0.009607695154586706
838 0.06200000000000011 0.06 0.003464101615137663
839 0.06000000000000022 0.06 0.006928203230275478
840 0.0560000000000002 0.06 0.006928203230275564
841 0.05800000000000032 0.06 0.01039230484541327
842 0.06203801825693055 0.06 0.01022736118639146
843 0.05400000000000033 0.06 0.01039230484541344
844 0.0520000000000002 0.06 0.006928203230275676
845 0.05000000000000034 0.06 0.01039230484541358
846 0.04800000000000021 0.06 0.006928203230275834
847 0.04600000000000033 0.06 0.01039230484541369
848 0.04400000000000021 0.06 0.006928203230275935
849 0.04200000000000034 0.06 0.01039230484541381
850 0.04000000000000022 0.06 0.006928203230275935
851 0.03796198174306989 0.06 0.01022736118639196
852 0.03599366362384503 0.06 0.006835214129293008
853 0.04600000000000013 0.06 0.003464101615137941
854 0.05800323284497715 0.06 0.0165893922881027
855 0.02600000000000006 0.06 0.003464101615137761
856 0.01000282491285394 0.06 0.003440349627461054
857 0.01203835455607958 0.06 0.006752634514251049
858 0.08600000000000006 0.06 0.003464101615137715
859 0.01400000000000003 0.06 0.01653589838486224
860 0.01205322555970242 0.06 0.01316791070184863
861 0.008022688221392876 0.06 0.01335047105404828
862 0.01606185007169125 0.06 0.01311868781718572
863 0.006018327527499668 0.06 0.01662983810040857
864 0.01800000000000004 0.06 0.003427190159692379
865 0.0500000000000001 0.06 0.01653589838486227
866 0.07800000000000001 0.06 0.003464101615137749
867 0.008023505452451972 0.06 0.006639249336677554
868 0.03799894393730761 0.06 0.003448603431640813
869 0.0319457183776051 0.06 0.006681669573904482
870 0.02999764500805249 0.06 0.003436356031559631
871 0.08199999999999998 0.06 0.0165358983848622
872 0.09661235713046469 0.06 0.006002271532095408
873 0.03391868317267695 0.06 0.01660462233226705
874 0.0219982750976023 0.06 0.01653689425772591
875 0.04199676715502299 0.06 0.01658939228810275
876 0.06606209648631947 0.06 0.01658264716477157
877 0.06811680053379138 0.06 0.01320631760614537
878 0.05400000000000012 0.06 0.003464101615137807
879 0.07000000000000003 0.06 0.003398603123991966
880 0.06803801825693037 0.06 0.006755380453086253
881 0.09001745922322205 0.06 0.01660589960899347
882 0.06401267275231028 0.06 0.006806410333094541
883 0.07207269231533421 0.06 0.01312494670035002
884 0.09368751135716814 0.06 0.003782373021446202
885 0.09624233704182422 0.06 0.01367268052794035
886 0.003564518382789006 0.06 0.006316604268095689
887 0.003650041777931179 0.06 0.01365040863990925
888 0.09368037497317606 0.06 0.007716228950607357
889 0.07011832847211544 0.06 0.009848790888180123
890 0.01410950931514142 0.06 0.009843228313794859
891 0.06404502347279076 0.06 0.01335195896466184
892 0.02996010361408302 0.06 0.009862271692753246
893 0.03595201955167041 0.06 0.01335517652066997
894 0.01016322231872286 0.06 0.009968794199340604
895 0.02400000000000006 0.06 0.006535898384862226
896 0.02000000000000005 0.06 0.006535898384862219
897 0.07599999999999993 0.06 0.006535784034618689
898 0.06002325002240021 0.06 0.01344285520278227
899 0.0799999999999999 0.06 0.006535879326488249
900 0.05600441381122975 0.06 0.01346947619695195
901 0.08399999999999992 0.06 0.006535895208466454
902 0.05200073563520517 0.06 0.01346499737877356
903 0.04800012260586767 0.06 0.01346425090907725
904 0.08784271596775003 0.06 0.006463692530035852
905 0.04400000000000003 0.06 0.01346410161513814
906 0.03997625714834355 0.06 0.01344339146211718
907 0.07200678305606362 0.06 0.006552526317882906
908 0.06604391211248445 0.06 0.0100231634271491
909 0.02799999999999993 0.06 0.006535212283400833
910 0.01600641502981491 0.06 0.006550569424122249
911 0.03398166696211426 0.06 0.01000960650583211
912 0.006222339218738256 0.06 0.01000948009692522
913 0.09707179676972461 0.06 0.01707179676972448
914 0.002928203230275524 0.06 0.01707179676972448
915 0.002928203230275517 0.06 0.002928203230275515
916 0.09707179676972466 0.06 0.00292820323027547
917 0.09106168316983032 0.06 0.006172323958953315
918 0.09381487530055181 0.06 0.01084106573744848
919 0.05487913347077197 0.0301679164872581 0
920 0.003852006751729937 0.03043591663196947 0
921 0.03000237492896101 0.05653629819064541 0
922 0.03035108725709978 0.003843484875329583 0
923 0.01816883167003047 0.05642520662501317 0
924 0.00385184509644469 0.01757878638957451 0
925 0.04210831583435652 0.05659885605821672 0
926 0.04210900301769782 0.003401432727130711 0
927 0.01748997632955837 0.003827567746480679 0
928 0.003854391756455021 0.04157039756601195 0
929 0.05795979130005281 0.03937127058982288 0
930 0.05795979130005287 0.02062872941017706 0
931 0.08050569837948984 0.0188540718444945 0
932 0.08032553778430099 0.04126116334634221 0
933 0.05400110711453859 0.0565891068704795 0
934 0.05400157080699442 0.00341344255087208 0
935 0.09584526365603745 0.04566135773177896 0
936 0.09666845842298473 0.0140009385384201 0
937 0.08600000000000003 0.003464101615137751 0
938 0.08564577818281499 0.05660464557219736 0
939 0.009992490958945723 0.05595444475872283 0
940 0.009991999592294028 0.003552518561668655 0
941 0.09659583611475683 0.03746432377687427 0
942 0.09666559269810814 0.02199813526511565 0
943 0.06200087143964041 0.05670655621133099 0
944 0.06200087132813231 0.003293665509940996 0
945 0.07798233841415761 0.003451432214131882 0
946 0.07795065755919695 0.05684205774980678 0
947 0.0700728277690167 0.05648497206593805 0
948 0.07008577103945973 0.003542434017548226 0
949 0.09653589838486225 0.0300000000000001 0
950 0.06622025896758046 0.04480376644345693 0
951 0.06635167540291673 0.01510969734225602 0
952 0.08488894351087403 0.02734422117514797 0
953 0.003464101615137765 0.01000000000000003 0
954 0.003755710689560473 0.05001064201561244 0
955 0.09380041842087275 0.05628812355440459 0
956 0.09662604058260811 0.006155253211148385 0
957 0.05446980350285397 0.0260540342781733 0
958 0.05129365377115162 0.02805406778682637 0
959 0.05128422256887373 0.02407004805725793 0
960 0.04787798793660171 0.02605200796581843 0
961 0.04788322933340481 0.03001348937963616 0
962 0.04445274441653656 0.02803034968336052 0
963 0.04445617457064309 0.03199474784051796 0
964 0.04101951274550436 0.03001287661313436 0
965 0.04101800993049833 0.02604681541584494 0
966 0.03758019073622674 0.02802975681192083 0
967 0.03758583052501767 0.03200343457816982 0
968 0.03413970935353018 0.03001710684986071 0
969 0.03414424144605729 0.0260351553400619 0
970 0.03069473404924413 0.02802839534382132 0
971 0.03069696895027898 0.03200906304058217 0
972 0.02724746665452254 0.03002045401516113 0
973 0.02724681314972813 0.02603915049810714 0
974 0.02725093683099256 0.03400389801109131 0
975 0.0237981835219437 0.03201342895575786 0
976 0.02380053737356808 0.03599845202256337 0
977 0.02725513745086327 0.03798940452688172 0
978 0.02380303785670572 0.03998556188988902 0
979 0.02034692167018578 0.03400735943150878 0
980 0.02034524721755929 0.03002022534268379 0
981 0.04787938419985145 0.02208614282870238 0
982 0.02725848601732399 0.04197609606733738 0
983 0.02380576297806397 0.04397390985042286 0
984 0.02034853171645297 0.0419819326255176 0
985 0.01689161350389095 0.03201483247354475 0
986 0.01689073396032896 0.0280249197240319 0
987 0.03071001442327928 0.03997967268244385 0
988 0.0307137531603946 0.04396611254333927 0
989 0.03416428206362603 0.04196932269309326 0
990 0.03417601531120741 0.04594215328042944 0
991 0.03761886922781954 0.04395676681611019 0
992 0.04789194423580902 0.0339742154681479 0
993 0.02035114061755262 0.04597309234688937 0
994 0.01689180891709378 0.04397950640473891 0
995 0.04446218468360025 0.03596226130912336 0
996 0.04790180580308019 0.03794195289261096 0
997 0.02380642038001273 0.04808728968398522 0
998 0.01351936625530922 0.03002159457413851 0
999 0.01353225751700804 0.02603027537584043 0
1000 0.01690755612178337 0.02403309179210968 0
1001 0.01344995271864749 0.03401106193893967 0
1002 0.01353699632093306 0.02203799789328023 0
1003 0.01691098646735083 0.02004073836379612 0
1004 0.01353759872511681 0.01804475029509633 0
1005 0.01691124245294948 0.01604782764280437 0
1006 0.02034892025904719 0.0180448346932624 0
1007 0.02035212023404718 0.01405144759684402 0
1008 0.02380678234513385 0.01604789133055595 0
1009 0.013451848344898 0.0140504340348259 0
1010 0.02380681934830239 0.01205532044458742 0
1011 0.02726280211208614 0.01405209691299015 0
1012 0.009974698402388456 0.02403525470939427 0
1013 0.03763123672703036 0.04792893378681852 0
1014 0.04106642304264303 0.04592599715177004 0
1015 0.01689420248889941 0.04797357499087991 0
1016 0.01351873695355348 0.0459787355240163 0
1017 0.02726295518292721 0.01804166649737155 0
1018 0.03071743629061096 0.01604694522283185 0
1019 0.0307178240889472 0.01205818807606247 0
1020 0.03417125455995802 0.01405291502294078 0
1021 0.03417245989212551 0.01006483684941895 0
1022 0.03762426335616512 0.0120598605743801 0
1023 0.03762010932538479 0.0160462047574796 0
1024 0.0410635908186207 0.01408503174563724 0
1025 0.03057176068233482 0.04769427692498092 0
1026 0.01353309327513103 0.0419869991624866 0
1027 0.05127335833026532 0.02010427582947411 0
1028 0.03761002387556171 0.03997368499931796 0
1029 0.04788459969805653 0.01811890581338537 0
1030 0.05131731623461514 0.01613510195159994 0
1031 0.04446049492364192 0.02009236849897796 0
1032 0.04789063173585045 0.01414809333382042 0
1033 0.05121006448227204 0.01236557231749572 0
1034 0.05527620532304714 0.01387072262469118 0
1035 0.04788541904809517 0.01017102200161238 0
1036 0.05142452804270273 0.03618734742374013 0
1037 0.05133725533515705 0.03992074121730559 0
1038 0.04790812418637912 0.04191053481001612 0
1039 0.05134644337500273 0.04389150395882947 0
1040 0.04790777240625028 0.04588252201872564 0
1041 0.05123307902390437 0.04765872678669389 0
1042 0.05475432045803012 0.04580818350647815 0
1043 0.0478603012120575 0.04983589089202714 0
1044 0.06038643704071684 0.01750896228396321 0
1045 0.07658798297190963 0.01615628215179212 0
1046 0.08024992517321333 0.01443757917050026 0
1047 0.08377668542082142 0.01635460446216144 0
1048 0.08352617753240144 0.01248722365547549 0
1049 0.08697075201735906 0.01449752054071195 0
1050 0.08706191046824725 0.01798802290423978 0
1051 0.07690901701301958 0.01206741878874587 0
1052 0.0774262467139826 0.0439037921482725 0
1053 0.08100129086013204 0.04512039482898422 0
1054 0.08407157572937191 0.04244913458748818 0
1055 0.08495457802252414 0.04630691112701239 0
1056 0.0735396353269443 0.04648374642570739 0
1057 0.08789377052571741 0.04359254409030285 0
1058 0.08685881473925179 0.03971697289820117 0
1059 0.08877996514501796 0.04750119526253722 0
1060 0.08174998806202925 0.04908107371832839 0
1061 0.0623955129609025 0.04401140234632785 0
1062 0.06367775506232934 0.04761256789663258 0
1063 0.06718570156589315 0.04865313960346214 0
1064 0.08559087098237939 0.03139597494992756 0
1065 0.08875935206550792 0.02887206012433183 0
1066 0.08918448169790927 0.03293461514089722 0
1067 0.07006708716279658 0.01446876259805831 0
1068 0.06733970887945577 0.011418973211034 0
1069 0.06360334518158281 0.01226174100449344 0
1070 0.08676519629957703 0.01095411427494197 0
1071 0.01338620327750176 0.04986497344718231 0
1072 0.05382613891392982 0.009998695315128097 0
1073 0.05435206368527114 0.04986342075681523 0
1074 0.02030886384022713 0.01012846071031863 0
1075 0.0238640888052159 0.007464351014631089 0
1076 0.0877997878690982 0.02491922307186085 0
1077 0.07096375975057348 0.01068950381269612 0
1078 0.03071412141704486 0.02003885338042918 0
1079 0.01017602356935713 0.03218730063996965 0
1080 0.01001288728542624 0.03603728891561934 0
1081 0.009667425106946128 0.0475403616827968 0
1082 0.0101783373087715 0.01587336636502481 0
1083 0.01009372734163346 0.01202317698307149 0
1084 0.01345459252022338 0.01004916125502763 0
1085 0.04095855110235996 0.01000313957164826 0
1086 0.04095973858748563 0.0500027057378061 0
1087 0.03774954780687796 0.05189969024018612 0
1088 0.09052617750735456 0.01625234000243952 0
1089 0.09171708235079065 0.02636214415331939 0
1090 0.09066214664258429 0.04091836563538766 0
1091 0.08347679113142623 0.008938154978190881 0
1092 0.09067871698374902 0.02274127470116516 0
1093 0.06480406195507894 0.05070341270538814 0
1094 0.06113890771290265 0.05026984889344581 0
1095 0.06481202358414939 0.009288442316280751 0
1096 0.06138135929184001 0.009575460884126585 0
1097 0.08356637562596139 0.02303724594727279 0
1098 0.07739518329945286 0.04850318660427816 0
1099 0.07367530146668287 0.05006169452403428 0
1100 0.006518923926845058 0.03401714455436462 0
1101 0.006382149140861344 0.01378970527990369 0
1102 0.07887613652643566 0.05181327701678801 0
1103 0.006520663331358898 0.03801284846047624 0
1104 0.08276925103847431 0.05295714776610394 0
1105 0.08601814623167099 0.03561822052712821 0
1106 0.01656667408763835 0.05251356849250553 0
1107 0.03071929243923058 0.008069656190397727 0
1108 0.03417533382847404 0.006075609391967392 0
1109 0.01008606623585004 0.007911934576119224 0
1110 0.009983748732570992 0.05189465358379917 0
1111 0.01351185659408289 0.006042963686549549 0
1112 0.006401263092482589 0.00584072040640685 0
1113 0.06777278117821252 0.0528512874575361 0
1114 0.05556931643162703 0.03495405992651014 0
1115 0.05969031137915215 0.01344147159707784 0
1116 0.08982305368752275 0.03699626344746974 0
1117 0.09309618344146599 0.03446113993414515 0
1118 0.08584535071649214 0.05010565578787513 0
1119 0.08974174201270756 0.05127722003736272 0
1120 0.09269531941150294 0.04860658007984972 0
1121 0.09354317586822296 0.05249525920578482 0
1122 0.02726570757269316 0.0220289878172615 0
1123 0.0966761485594783 0.02599705197105395 0
1124 0.06608223315806244 0.003344171469709421 0
1125 0.06597489964408781 0.05673284742790723 0
1126 0.07393804170609898 0.05667523702207892 0
1127 0.07402873362709754 0.003443505661868535 0
1128 0.07599964368416301 0.006703546217710504 0
1129 0.09673310452565254 0.01800128038782219 0
1130 0.09651192562136231 0.04129435893084519 0
1131 0.0580010076370809 0.003258673420794217 0
1132 0.05800092914008989 0.05674518573599794 0
1133 0.08196417492285261 0.00323821836448556 0
1134 0.04105338067861215 0.04194415105190648 0
1135 0.03417012040245682 0.01803974211603237 0
1136 0.03762249252174409 0.02003008993675344 0
1137 0.03416987540264263 0.02202838623017522 0
1138 0.03415713562921298 0.03798345687497388 0
1139 0.03759391042711212 0.0359848101071172 0
1140 0.08960120310792731 0.05669916329265473 0
1141 0.0965743038454254 0.01002595681268109 0
1142 0.0932116763215793 0.008031391299865652 0
1143 0.09350344101989369 0.003685325825381885 0
1144 0.08972231850361817 0.0059373405659746 0
1145 0.09342599410991867 0.01186782454785927 0
1146 0.05000059267190297 0.05661688826177855 0
1147 0.05216607677195968 0.05342504771757445 0
1148 0.04601855919092702 0.05663172977382511 0
1149 0.04421506522021229 0.05270412031493994 0
1150 0.05000200812835123 0.003386624984274058 0
1151 0.05207700446256669 0.006560382247217486 0
1152 0.04601978639727027 0.003371998191228871 0
1153 0.04421806160554909 0.007303269501531569 0
1154 0.0307020167940143 0.03599286728209908 0
1155 0.03779350895674323 0.003831286937093835 0
1156 0.03793523890727264 0.05601503010755497 0
1157 0.03400152195684486 0.05653677708705626 0
1158 0.03187940632899056 0.05341482646750172 0
1159 0.0280843678188439 0.0532048639386532 0
1160 0.02600490707084507 0.05653131151882102 0
1161 0.02391682759225043 0.05248764129361391 0
1162 0.02203272149290647 0.05649364260709953 0
1163 0.02380675235543291 0.0200374807271255 0
1164 0.02035223361465945 0.0220353152016711 0
1165 0.02034984189755713 0.02602835752152236 0
1166 0.02600167787904236 0.003463132891221036 0
1167 0.02200274145185604 0.003464455597939796 0
1168 0.003464101615137758 0.02600000000000009 0
1169 0.006894507985943443 0.0274681921123292 0
1170 0.003458157490500515 0.02198235393542162 0
1171 0.006895766102802285 0.02055227828671214 0
1172 0.01429754218125465 0.05636755928430097 0
1173 0.003464090827852335 0.04600001868412655 0
1174 0.006927977859441114 0.04400001868348965 0
1175 0.005930807878713364 0.05661543538624164 0
1176 0.05477953296794441 0.04189930082881571 0
1177 0.05830521873222996 0.04384828712450636 0
1178 0.05468940370445839 0.01814320336825536 0
1179 0.01690909222619568 0.03999013333812217 0
1180 0.03756143922504952 0.008098766425710356 0
1181 0.02380536870764915 0.0240260048261865 0
1182 0.01689091921669933 0.008055440960926138 0
1183 0.01689060630894771 0.01205470210055611 0
1184 0.03070591550623503 0.02403315476830938 0
1185 0.0237979117633626 0.02803058824245118 0
1186 0.02035448086593725 0.04996548317760217 0
1187 0.02726238946323657 0.01006165264157701 0
1188 0.0514903008809112 0.03222518274535313 0
1189 0.02726315812644687 0.04596318744144025 0
1190 0.02035066219927575 0.03799399820796573 0
1191 0.03414592861319436 0.03399845645546715 0
1192 0.04445252365244391 0.02406544395318771 0
1193 0.01689658593128949 0.03600158585525466 0
1194 0.0375845841656015 0.02405535924329498 0
1195 0.04102585847451472 0.03398380722890872 0
1196 0.04104952396620475 0.01806723544567246 0
1197 0.04103789888700416 0.03796315612856607 0
1198 0.09247363421477552 0.03026049502811876 0
1199 0.06791295774979894 0.007239449626619708 0
1200 0.01346297881998944 0.03800405841636484 0
1201 0.04102679341587259 0.02206582305237436 0
1202 0.01018847251973944 0.03983393557951152 0
1203 0.09156472832766423 0.04476537472120251 0
1204 0.04447708909081236 0.03993693817474481 0
1205 0.04449042526701219 0.04390878918366296 0
1206 0.04441662095594349 0.04804333754982196 0
1207 0.0964982932205042 0.05012719950290227 0
1208 0.04447610439707123 0.01611201087996551 0
1209 0.04441539311792442 0.0119704278390359 0
1210 0.03386502620870751 0.05019448115882414 0
1211 0.08019833976709315 0.006834543582391747 0
1212 0.08186944923991334 0.05676844270914259 0
1213 0.05792773829953986 0.0477846539267764 0
1214 0.07220980597718538 0.007010853730230276 0
1215 0.003282324096252076 0.0540652100829449 0
1216 0.08313342533648355 0.03866146524433985 0
1217 0.06987301274398951 0.04555747113574099 0
1218 0.05450426386116972 0.02208976141993847 0
1219 0.05595828015141684 0.006705488819908595 0
1220 0.09681591195677341 0.03383101984380051 0
1221 0.05603539035223652 0.05354189081866041 0
1222 0.08034776394175844 0.01067235702543668 0
1223 0.07189975869060855 0.05319950743562737 0
1224 0.09682319582017995 0.05400131161242858 0
1225 0.04833795627922007 0.006648924673171689 0
1226 0.04834526726213727 0.05335804622639079 0
1227 0.02716627028595445 0.04964861366384635 0
1228 0.07362360712600143 0.01369930786749317 0
1229 0.07584252642336899 0.05322805270280351 0
1230 0.05421408481549681 0.03846654399723889 0
1231 0.02010813673957709 0.006541296111359959 0
1232 0.002552941981385058 0.006148013121142369 0
1233 0.003307777403654064 0.03726673176347551 0
1234 0.002735741616445812 0.03394395858996196 0
1235 0.01034001514212006 0.02824950692631673 0
1236 0.006137446319354492 0.02400761580877146 0
1237 0.02010576262431276 0.05351769620514919 0
1238 0.0103434169712148 0.01981181413391405 0
1239 0.007334498277354631 0.04995328272050191 0
1240 0.00273961917048876 0.01387369833389566 0
1241 0.0102521998798869 0.04355690465450077 0
1242 0.00728546148519304 0.009913107449100256 0
1243 0.09322882256576104 0.0197686198900801 0
1244 0.02763970716876504 0.006580455522631289 0
1245 0.08724351252192306 0.02128794945251065 0
1246 0.09329590102216995 0.03874220202021696 0
1247 0.08991749118384243 0.009502911626550991 0
1248 0.0600003504365066 0.006210407105740431 0
1249 0.06000035173176804 0.05379223146431198 0
1250 0.04064451821442927 0.006557865229753599 0
1251 0.04064528134915787 0.05344270189039733 0
1252 0.01400000000000003 0.002724461674774517 0
1253 0.03400000000000008 0.002711149557995374 0
1254 0.08644207912992538 0.007082848725413646 0
1255 0.0128453318475823 0.05331903991330216 0
1256 0.09363537616868017 0.01574937352051951 0
1257 0.08984515190470238 0.002617353601298847 0
1258 0.006914753503361886 0.05332065633965456 0
1259 0.08710498741157348 0.05341403938469162 0
1260 0.0574456540658843 0.01629357497226375 0
1261 0.06304228478170658 0.01546651846158596 0
1262 0.07065769849538847 0.04946780776368471 0
1263 0.0061318987636818 0.002499987517312013 0
1264 0.0844308364832886 0.01950437892213583 0
1265 0.09387938646021994 0.02413538012633169 0
1266 0.08974782800940698 0.01960764139008704 0
1267 0.0902068312144553 0.0131373474188372 0
1268 0.06029405649463912 0.04152893283110935 0
1269 0.05768877424931541 0.009967041057778788 0
1270 0.07442310151816096 0.01017115193308146 0
1271 0.09707179676972467 0.002928203230275448 0
1272 0.002928203230275546 0.05707179676972449 0
1273 0.09709728741147985 0.05709728741147977 0
1274 0.002972666759840469 0.002946749486105211 0
1275 0.03505349614660835 0.0536232744855655 0
1276 0.05779338340782846 0.05094556502250715 0
1277 0.006289163149179218 0.0472555922136358 0
1278 0.09351190458512539 0.0423122055273587 0
1279 0.007333948985905499 0.03074720059573179 0
1280 0.007272676892998359 0.04113110845134055 0
1281 0.007224001857889491 0.0171343533652926 0
1282 0.06072309154243357 0.04659932330693692 0
1283 0.03031336626496625 0.05083141243076126 0
1284 0.06386166193804027 0.05404635891792074 0
1285 0.06384750001081715 0.006077451457461944 0
1286 0.09429602244813076 0.02779042115546003 0
1287 0.07977381580976373 0.05440062012361011 0
1288 0.07772633303339693 0.00926922197731582 0
1289 0.08370148770160254 0.005836913743441983 0
1290 0.05663757275044962 0.02394822856671131 0
1291 0.09097853326098809 0.05392632978543679 0
1292 0.05066731663721676 0.009148919310925074 0
1293 0.05067889046031276 0.05065964696652558 0
1294 0.09473040699946929 0.03213816370151613 0
1295 0.1 0.04200000000000009 0.01673216515781242
1296 0.1 0.03400000000000011 0.003464101615137743
1297 0.1 0.05672602210072628 0.00983933396055392
1298 0.1 0.003255103123598423 0.01019335810989716
1299 0.1 0.0260000000000001 0.00346410161513777
1300 0.1 0.01800000000000006 0.01653589838486223
1301 0.1 0.04594677444029766 0.003367987683013571
1302 0.1 0.0300000000000001 0.01653589838486225
1303 0.1 0.01400000000000007 0.00346410161513781
1304 0.1 0.01017348990373125 0.01671006398979592
1305 0.1 0.04996730792954896 0.01655477316053757
1306 0.1 0.05372229815464835 0.00383804109246595
1307 0.1 0.006016949477123527 0.003387088180223346
1308 0.1 0.03000000000000011 0.003464101615137753
1309 0.1 0.03200000000000013 0.006928203230275495
1310 0.1 0.03600000000000012 0.006928203230275473
1311 0.1 0.03400000000000015 0.01032680635426744
1312 0.1 0.03794677444029775 0.0103506586390003
1313 0.1 0.03000000000000016 0.01035539338996789
1314 0.1 0.03993790351368066 0.00689053240465137
1315 0.1 0.04192755409929412 0.01008681898524293
1316 0.1 0.0358846779539783 0.01357701244734901
1317 0.1 0.02800000000000013 0.006922051321034622
1318 0.1 0.02400000000000012 0.006927177912068733
1319 0.1 0.02200000000000009 0.003463930728769983
1320 0.1 0.02000000000000012 0.006928003862846471
1321 0.1 0.02200000000000016 0.01039230484541332
1322 0.1 0.01800000000000016 0.01039230484541336
1323 0.1 0.01600000000000011 0.006928170002370754
1324 0.1 0.01400000000000016 0.0103923048454134
1325 0.1 0.01200000000000011 0.00692819769229148
1326 0.1 0.009695693177400936 0.01037106308520209
1327 0.1 0.007878081855219338 0.006584844597999908
1328 0.1 0.01800000000000008 0.003464034368187503
1329 0.1 0.01400000000000005 0.01653589838486224
1330 0.1 0.009982505222057183 0.00339403868094209
1331 0.1 0.006302486117313298 0.01618683970823884
1332 0.1 0.04604777688129394 0.01660248510085509
1333 0.1 0.04805573969484296 0.01311677014289113
1334 0.1 0.05202629967847368 0.01346098681741524
1335 0.1 0.05031602673307299 0.009690959469494109
1336 0.1 0.04603563339609652 0.009820108970654549
1337 0.1 0.02200000000000006 0.01653589838486224
1338 0.1 0.02600000000000007 0.01653589838486223
1339 0.1 0.0562983149069517 0.01378151020348669
1340 0.1 0.02600000000000016 0.01035635201440019
1341 0.1 0.04977135552875983 0.003336240267738052
1342 0.1 0.03798965058561352 0.003457823144200382
1343 0.1 0.0419258291968963 0.003410027952468191
1344 0.1 0.05389395321411648 0.01681151115852733
1345 0.1 0.05681603328689767 0.006101315702725077
1346 0.1 0.003754761885988909 0.006322279815833439
1347 0.1 0.003232352009703164 0.01387844200479874
1348 0.1 0.00628859489435143 0.01225277550908137
1349 0.1 0.05372240755620875 0.007763783346481264
1350 0.1 0.04388181506982754 0.006701970611899749
1351 0.1 0.03398077965899648 0.01675086927960407
1352 0.1 0.04395789178555225 0.01333839601177924
1353 0.1 0.03995281637985376 0.01350232342882014
1354 0.1 0.0280000000000001 0.01346410161513779
1355 0.1 0.02400000000000018 0.01346410161513773
1356 0.1 0.02000000000000014 0.01346410161513777
1357 0.1 0.04781844429094457 0.006532130241481114
1358 0.1 0.01600000000000013 0.0134641016151378
1359 0.1 0.01215168708391995 0.01353298624572078
1360 0.1 0.03796971233213813 0.01676039505226427
1361 0.1 0.03200000000000019 0.01346341551367622
1362 0.1 0.002928203230275519 0.002928203230275516
1363 0.1 0.00292820323027552 0.01707179676972449
1364 0.1 0.05707179676972453 0.01707179676972449
1365 0.1 0.0570717967697245 0.002928203230275536
1366 0.1 0.009040939422387201 0.01372448555391326
1367 0.1 0.05095906057761291 0.006275514446086667
1368 0.1 0.05379500448429438 0.01083753540756186
1369 0.1 0.006204995515705557 0.009162464592438149
1370 0.05800005368015286 0.03003589318580055 0.003281625274601716
1371 0.0673720620214253 0.04170871222555088 0.004093783604331215
1372 0.06047440367523033 0.02270184854517705 0.002993265515728604
1373 0.0748203450958357 0.01901072008013933 0.01658288282755752
1374 0.0748203450958356 0.0409892799198607 0.01658288282755752
1375 0.06053031388724327 0.03737055255227599 0.01658288282755752
1376 0.06725953876359037 0.01831711199181743 0.004222295920492112
1377 0.07812737885950893 0.02117131307192246 0.00341711717244245
1378 0.05860076198877654 0.02625068369386123 0.01615834316126267
1379 0.07812737885950888 0.0388286869280776 0.003417117172442476
1380 0.06335383180298865 0.02000858126705547 0.01655418700563294
1381 0.0674338678346251 0.04172241296448083 0.01601589659287943
1382 0.06042335552813687 0.03723103593266783 0.003458164115392891
1383 0.08149999999999955 0.02657217269979791 0.01
1384 0.0815 0.03342782730020052 0.01
1385 0.0804619750987908 0.03587767615918751 0.01619628105820808
1386 0.08046196832337911 0.02412231178092846 0.01619601802810404
1387 0.0815010131048295 0.02657557339653187 0.006006081776756879
1388 0.08005058221544335 0.02344364452377589 0.008000007805928777
1389 0.0800486104173031 0.0234406228434959 0.01197829632831443
1390 0.07778031919452932 0.02086399248953687 0.00998606911455424
1391 0.0777763890787251 0.02086064701982218 0.01394852068294234
1392 0.07486770728391867 0.01903161699255149 0.01169471161340839
1393 0.07149854595569621 0.01809393599804425 0.01362719819710682
1394 0.0714044332182321 0.0180824680686173 0.0102319609118862
1395 0.06799713994086609 0.0181683242275861 0.01174349054582333
1396 0.06789834626884296 0.01818547285777743 0.008406370244364551
1397 0.06472067540006035 0.01922369582052956 0.01000276104096632
1398 0.0712305378698251 0.01806325938327692 0.006514326019393087
1399 0.06457792839860542 0.01929480782286696 0.006575034583340687
1400 0.06189676672139712 0.02114914634441724 0.009286037841895746
1401 0.06196159121979525 0.02109023096358121 0.01263729251821791
1402 0.05966254335358478 0.02390598735778423 0.01064624779479464
1403 0.07488258594177656 0.0190382321443498 0.008007508518823045
1404 0.0745167523397197 0.01888249361135166 0.004309721242155621
1405 0.08149999999999907 0.03342782730020367 0.005999999999999997
1406 0.08004961654988857 0.03655783555757582 0.008000000000002795
1407 0.08004848751567152 0.03655956543129144 0.01197866698668279
1408 0.07777956350232629 0.03913665101190107 0.009987568616043453
1409 0.07777670729809802 0.0391390822077334 0.01395004255568709
1410 0.07486345144029802 0.04097027073904118 0.01158437162657779
1411 0.07484274933708905 0.04097942525172077 0.008219163025934837
1412 0.07158472224646843 0.04189490039477204 0.009985433800344489
1413 0.07158678819748848 0.04189462497165469 0.006032252311138559
1414 0.06816321221838338 0.04185859227080954 0.008007056938898425
1415 0.06449302582696678 0.04066176511922604 0.00676630782390745
1416 0.06512800999258909 0.04096648135765014 0.01046083502953634
1417 0.06199863805288433 0.03894305356079506 0.009109834706387076
1418 0.07158155830277502 0.04189532148934712 0.01393919416128492
1419 0.06253627494221192 0.03939642529165992 0.01300056995033657
1420 0.06003861498146735 0.03669109920062116 0.01259373645280838
1421 0.05869973130493863 0.03403781220705171 0.01471217232262806
1422 0.05840650448306121 0.03309691163882988 0.01094430580548328
1423 0.05800346073635526 0.03028817650117591 0.01361342631447935
1424 0.05801994911100476 0.0293083492954648 0.009909901630710061
1425 0.05958492283809484 0.03596038318496064 0.007708057167458008
1426 0.05865612186982654 0.02608637904648751 0.003275926762911845
1427 0.05944631498552215 0.02428863128355509 0.006834234344884957
1428 0.06059680110847163 0.02254481049158644 0.01667250327948261
1429 0.0586745363459192 0.03396659463773331 0.003640021122243002
1430 0.05816317990681163 0.03197222972330605 0.007062913125557299
1431 0.06722854920532248 0.01832442461834615 0.01610290156625663
1432 0.07482034509583563 0.04098927991986069 0.003417117172444044
1433 0.06344712130165837 0.04005284938536435 0.01632788932262285
1434 0.0815325011762033 0.02668316165288843 0.01380164922423889
1435 0.08153250117620459 0.03331683834710707 0.01380164922423069
1436 0.08045167280894711 0.02410402378780952 0.003813298616254273
1437 0.080450189164432 0.03589860546464908 0.003813017567523128
1438 0.06840659390079661 0.04189374024447404 0.0119597721381749
1439 0.0634366221025309 0.01995400226084965 0.003116071799141756
1440 0.05843809430860945 0.02678716063529615 0.0124977399013471
1441 0.06345663138886116 0.04005904206267988 0.003304006847466004
1442 0.05816109432213638 0.02804032850950764 0.006572386164501986
1443 0.05800000000000001 0.02999999999999998 0.01711306314985286
1444 0.07099095214566803 0.01804098608391996 0.002828561406418802
1445 0.07099095214566797 0.04195901391608003 0.0172701659179202
1446 0.07099095214566797 0.04195901391608003 0.002714652346943985
1447 0.07812737885950893 0.02117131307192246 0.01728632032721437
1448 0.07812737885950888 0.0388286869280776 0.01728719246412887
1449 0.06508737752597789 0.01905166038032557 0.01333365373719923
1450 0.07754284126683987 0.03933303517743599 0.007001783476803447
1451 0.07755251651176326 0.02067479253101876 0.007040899983834512
1452 0.06532417266690138 0.0410515446319077 0.013791169137982
1453 0.07099095214566804 0.01804098608391996 0.01743139075297351
1454 0.06189383542579915 0.03884816907026369 0.005908639445543819
1455 0.05944849553515463 0.02428460381702649 0.01413180127522525
1456 0.05860278098071212 0.02624455080897337 0.009168686256902375
1457 0.08164308608826037 0.02709508238647673 0.002940348416322607
1458 0.08164383451946486 0.03290191620887278 0.002937324828032861
1459 0.06200487934781758 0.02105136626310776 0.005609411513946866
1460 0.08165361424036248 0.02713761024023266 0.01709671175115788
1461 0.08165361424036247 0.0328623897597674 0.01709671175115788
1462 0.05865019309959238 0.03389639363045618 0.01773212206043046
1463 0.05203101989407838 0.009911665162697524 0.01
1464 0.04864783196657033 0.02406934619067229 0.01
1465 0.03196853833990596 0.05003391677846381 0.01
1466 0.08824437682256718 0.01621069991131163 0.009997159628068164
1467 0.05620060143403761 0.04999782927719972 0.01
1468 0.04218570244025224 0.03203158725853057 0.01
1469 0.04904752664793798 0.03992442477774573 0.01
1470 0.02839779185540019 0.03201117541907076 0.01
1471 0.03875729344331295 0.04196268795248289 0.01
1472 0.08044248761541201 0.009909940335441134 0.009998939834764976
1473 0.03647232434823207 0.01405183443469573 0.01
1474 0.01804998427884544 0.03799226266416239 0.01
1475 0.0249591974103418 0.01804269469164519 0.01
1476 0.01804725693151346 0.02603384407372928 0.01
1477 0.01461898689265514 0.01602345636696653 0.01
1478 0.03545352301290174 0.02433124350513641 0.009999999999999998
1479 0.08990128300778287 0.0391754463625265 0.01
1480 0.01122468162038871 0.0456590815704692 0.01
1481 0.02120268628562377 0.04767040695787562 0.01
1482 0.08940509217040585 0.04935246918846022 0.01
1483 0.01002988405397958 0.03201488219602471 0.01
1484 0.06394149390960334 0.009453293015527083 0.009623042032720025
1485 0.07599999999999985 0.05073412769159631 0.01076239569296607
1486 0.04400000000000031 0.05034299578087863 0.0096126765168803
1487 0.06548486224745911 0.05070721893370299 0.009311861450545448
1488 0.02821907823074522 0.04141167981241402 0.0106419940850202
1489 0.09079253992260668 0.02755055630695923 0.01
1490 0.02836308584679453 0.009260094742948638 0.01065667546234849
1491 0.04526161132270182 0.01577708654083296 0.008974943245307882
1492 0.01949374292394535 0.008655793528250579 0.01107811583926922
1493 0.00892534236735636 0.02304372231458768 0.01101912813112077
1494 0.008969988846677289 0.008963458292916799 0.01102982895682815
1495 0.09169699240320055 0.008303007596799576 0.00871962165330983
1496 0.04243476732785248 0.008236783819234086 0.01169141195100946
1497 0.07220816200899066 0.008183364232783388 0.01092121643602723
1498 0.05398485139714733 0.01786163417616277 0.01167781051531154
1499 0.0502361747390285 0.03196188255211153 0.008868090286938368
1500 0.03528703057688805 0.03520735869721647 0.00774568196937469
1501 0.01507232162626395 0.05232694029285351 0.008205171371777256
1502 0.00744104582971663 0.05193033817800807 0.007779589102332712
1503 0.08216916169007032 0.04586584150314345 0.008573412081962441
1504 0.02533959114088502 0.02535653039216314 0.007476671302217646
1505 0.007503830685350528 0.03911049687136681 0.008216097871391293
1506 0.04199847275536027 0.02157023582798856 0.01253651184555922
1507 0.007517813631259754 0.01545997272336912 0.007392714980636973
1508 0.05561578433089015 0.04283672122465569 0.007502270312188964
1509 0.02149653431145782 0.03201324494856116 0.007116488542439244
1510 0.04991680059879302 0.04688354142756381 0.01265742797430064
1511 0.08304846140110993 0.05288594367611738 0.01131176675917924
1512 0.09283498364524279 0.02113467865599042 0.01278425617477083
1513 0.03490627406715423 0.007129418087674508 0.00802943466481895
1514 0.02568304491390835 0.05296338112372981 0.007653438287920424
1515 0.03165777347417856 0.01876485172077461 0.007143943631199626
1516 0.05804924834324685 0.01339793523951106 0.007283908470631067
1517 0.05798453095623082 0.00700345103828482 0.0130146235223492
1518 0.05026267359794959 0.05265797414259321 0.006908440485617124
1519 0.06138090979870537 0.04667822791961981 0.0131291801434947
1520 0.03799337130083925 0.05314268060381119 0.01244651033775659
1521 0.02912408836393772 0.02299306355625909 0.01308657491432045
1522 0.03597454480658349 0.03066877287310817 0.01316777737731203
1523 0.04255341084164517 0.02572657580845805 0.006871418474495535
1524 0.08709415740025851 0.0224261577154921 0.006930983460177695
1525 0.08664969117917813 0.01020547560924006 0.01308082677290807
1526 0.04331516388037599 0.03797882636172892 0.0134269467985791
1527 0.0192043579856213 0.0200498636831174 0.0134056366013811
1528 0.09328137554379236 0.03285509366528346 0.006585936930132575
1529 0.09327555623676802 0.03285099975829602 0.01341823275941838
1530 0.01626846534635175 0.03201345936758679 0.01307342084728439
1531 0.04332920542809444 0.03795387617884676 0.006517995150035699
1532 0.02405611110436624 0.03644153817437342 0.01308916686911641
1533 0.02265090652885344 0.04184606619448749 0.006561570216845835
1534 0.09327926801514559 0.01306657668252817 0.01328800128655392
1535 0.01217599990015882 0.03963449697530278 0.01333947074155121
1536 0.01920948246152193 0.02004102241526567 0.006505775085037103
1537 0.03046994191592848 0.01533810795365045 0.01314403046552446
1538 0.08237107195788569 0.0155035437043378 0.01338425202902224
1539 0.03944375128725132 0.01923677586970356 0.006588333251923714
1540 0.02294717701679851 0.02949930992253943 0.01334311112955617
1541 0.01428497891947694 0.009960123093746684 0.006808905117102597
1542 0.006555479879989713 0.0487037715198372 0.0135548283061846
1543 0.04690584739277325 0.006766273111414845 0.006704808890290423
1544 0.02199442284557209 0.05349411016205866 0.01345126139710127
1545 0.03313380917817416 0.04412338840836181 0.006594905122834978
1546 0.09308036874969836 0.0444310533906854 0.00676595273739705
1547 0.06080309298500761 0.04677611487270619 0.006576235834616512
1548 0.08241722252525685 0.01544447898394783 0.006592350202285846
1549 0.08666904965634113 0.04411846317210816 0.01334478922352568
1550 0.02111865453113016 0.01355370929153978 0.006703272064012555
1551 0.07027643911728822 0.05341097143911992 0.01336526617594671
1552 0.06089146819699051 0.05333858462449383 0.01339175033658086
1553 0.09270662726301306 0.05367631069590052 0.006375052157899867
1554 0.03382333841766868 0.03875029537837342 0.01330180418117284
1555 0.08501700501783657 0.006580373242429312 0.006486072954668644
1556 0.09334755405741216 0.04511439150158294 0.01347968129772736
1557 0.07517850235604537 0.01242486237075886 0.00654523013161812
1558 0.03791594834086585 0.04902470141423196 0.006755421698728962
1559 0.04526671677833004 0.0444083820340645 0.006677408720995105
1560 0.01125591658654822 0.05340830356631435 0.01354301481374322
1561 0.0862453905765414 0.02151272923247591 0.01344628759217836
1562 0.07127839743773705 0.05330595152005545 0.006705735116077684
1563 0.01232707172141596 0.02673015875954491 0.006563153171340907
1564 0.02691811127874023 0.04733761995905179 0.01346156460170269
1565 0.04862095519819388 0.05337672562090641 0.01331649673633321
1566 0.05658847841349622 0.006578866546488879 0.006573239586138134
1567 0.09366834236766931 0.01427658769671978 0.00684978121923608
1568 0.0607292582357427 0.01396142712802618 0.0134001263201456
1569 0.04360058664228508 0.04493250369019352 0.01347812548208869
1570 0.05035042150332029 0.01892357788504222 0.006356594128168013
1571 0.01623114706692074 0.04324454790724348 0.006495901550242728
1572 0.01745764322223124 0.04353779667004483 0.01347057303064223
1573 0.09359789158459951 0.02279540848430369 0.006518047727591878
1574 0.03306663832931424 0.02921945501197766 0.006390205017543486
1575 0.02709978604892009 0.04662891278786622 0.006862279580851526
1576 0.01518777074503444 0.03346347230573538 0.006269117126224205
1577 0.006193861168059006 0.04224705496788207 0.01372002649910865
1578 0.0938442477825083 0.05384306087374634 0.0127041924935331
1579 0.006363348044892901 0.0175396189571194 0.0135078651204461
1580 0.05332598770195637 0.03695245228398127 0.006202832964760522
1581 0.06036462131894747 0.05352962048395489 0.006480547693544497
1582 0.05560791446686305 0.04385916658526979 0.01389043378583948
1583 0.006083930468706433 0.04589247471803534 0.006229079250245371
1584 0.04453348922570163 0.02733360112720757 0.01364544008973372
1585 0.03581449206277124 0.01917682778084098 0.01386493109262654
1586 0.04918434394923886 0.01421103863865559 0.01375447385908857
1587 0.006380748554223123 0.03584534090497495 0.01361111180018241
1588 0.02155117109569919 0.01410742831657907 0.01371699460028939
1589 0.04115195722943914 0.01155860016659003 0.006282915871306128
1590 0.02899220979016773 0.03701467173429259 0.006071039186434321
1591 0.03642350275077809 0.04689036782514794 0.01364043163450521
1592 0.006055474741638138 0.02583344707950466 0.00608485119960275
1593 0.04820097841457266 0.006345664716345695 0.01363625763093508
1594 0.02388342608605971 0.006617005958751255 0.006563943639038623
1595 0.08784243077438712 0.03317098784273947 0.009846906556084424
1596 0.0315969603914802 0.01248780006614739 0.006262896505816977
1597 0.01428276603373115 0.01098185415322797 0.013801249503164
1598 0.03386770553169615 0.009665715270414299 0.0137115046376149
1599 0.04127116014274889 0.01544500527505586 0.01384614315259364
1600 0.07931369054448408 0.05371602327440846 0.006272814301277406
1601 0.012024828823278 0.02037486532494285 0.006126012177424676
1602 0.07648878591179503 0.006269125077175607 0.006719746680365035
1603 0.06904136712375772 0.01083996137783555 0.006094933287661819
1604 0.07733070931607203 0.006084791352657651 0.01389157044100721
1605 0.07603717487476591 0.0122072811578024 0.01380435236955641
1606 0.005923931173117292 0.02965271110560297 0.01403736780780485
1607 0.02832877974723656 0.05369631247904381 0.01368201369890275
1608 0.05323306189179605 0.02437241291491407 0.005861339184640718
1609 0.03447624985086364 0.05408324424550421 0.00610704422457542
1610 0.05326658105887973 0.02377614467550973 0.01412986570372497
1611 0.0862715111179856 0.04205531031247706 0.005823702353426218
1612 0.01315852538860002 0.02666436991172546 0.0138122246326593
1613 0.01668994810261012 0.04994954106376325 0.01391934517972275
1614 0.09399786974230051 0.005999401948056505 0.01409608449578783
1615 0.05097714565214338 0.04660837274182372 0.006055342883213675
1616 0.04882101088729189 0.03517380534543142 0.01398412431680376
1617 0.04102908720188125 0.05413264308489347 0.005980018851913929
1618 0.06804101061790327 0.01211071881880406 0.0137082298061839
1619 0.06712545751086281 0.006047598316380401 0.01360719748289142
1620 0.07063127317306422 0.04784759650786571 0.01089622727845336
1621 0.08647004012147702 0.05391499310320613 0.006191256466377219
1622 0.005959334848877537 0.009836200860125157 0.00588034129671126
1623 0.04753977002611212 0.01998126315278442 0.01428235290868541
1624 0.01318422925136762 0.02013762660857101 0.01423754646794902
1625 0.0545866546157993 0.05413623594305864 0.01413604236483996
1626 0.04942194979721212 0.01307141364775838 0.00566435415538875
1627 0.02337224998259901 0.04237410331228766 0.01416312811293661
1628 0.08043962309768184 0.0480366327614059 0.01407248088416537
1629 0.0101948962284532 0.005768998918363526 0.006243491998580224
1630 0.08779888312537824 0.01187495423004035 0.005852857489174981
1631 0.005914486246671673 0.03177888994432285 0.005695646703759433
1632 0.05029994799105342 0.0290249008421706 0.01413311022905866
1633 0.09447371449163675 0.02647428741620103 0.01435296547647919
1634 0.03884532237849492 0.03012937299978199 0.005501794144153681
1635 0.005524263279248096 0.05443249876798662 0.01274044409349937
1636 0.02427301559300285 0.006088430400335403 0.01400505335691886
1637 0.09427383985425511 0.03867209243361604 0.006030291823075579
1638 0.02018099637599249 0.05413830187100264 0.005869079988197679
1639 0.05636219248297054 0.01908462882874273 0.00629039523024809
1640 0.04119965688652207 0.005703317844033655 0.005787377189981823
1641 0.03793433531533049 0.005437744095883947 0.01426690784509608
1642 0.06611226817478452 0.005638388063349808 0.005539015959027197
1643 0.0306105643212777 0.02855019117381571 0.01417022907498281
1644 0.01812099212023475 0.005551891978048155 0.006293272446379453
1645 0.04564975423223689 0.03051008378356728 0.00553428839356529
1646 0.08303055221369737 0.005696012563601118 0.01299648413969835
1647 0.09420044260523285 0.03870208798921013 0.01410564816085193
1648 0.02965693883498164 0.006337738136889529 0.005512590047226405
1649 0.05417655807890549 0.03798363729543515 0.01397151817743424
1650 0.01396500869902719 0.005772184185851488 0.01099157221974066
1651 0.01272329832460948 0.03868802869494173 0.005715039238968994
1652 0.02351569439103975 0.02381381446939073 0.01422903810442574
1653 0.03902642928657673 0.02602372643998821 0.01461355413064491
1654 0.005239218203791339 0.005241615847756407 0.009278655953625446
1655 0.08816923820851273 0.05329678805932107 0.01420306956309655
1656 0.04492532192444501 0.02064568808635696 0.005685547144632925
1657 0.07829802784476111 0.05461993341472358 0.01439856376450262
1658 0.08754751974206694 0.02955284292140627 0.01436963475692125
1659 0.03021781501635115 0.005294877541381928 0.01435490791222384
1660 0.08721151957138137 0.02801686921708295 0.005495700878416134
1661 0.07391162569741791 0.04795091569783417 0.005837258653071093
1662 0.08569947096951398 0.0382110855825256 0.01425132792324986
1663 0.09019423537555649 0.01821652372987748 0.005283200141127519
1664 0.02944825875998866 0.03532470852876923 0.01449676814704157
1665 0.03059468422247922 0.02415199999840258 0.005680403117007494
1666 0.0636059063625677 0.0136526100884781 0.005633109421497711
1667 0.05479573597051551 0.01271624499494494 0.01430271731887739
1668 0.03151492553182465 0.04413289733751587 0.01438073583330992
1669 0.02650828822600739 0.01488298162488929 0.005556190420532705
1670 0.08649496289368377 0.04776080750699183 0.005325781954023744
1671 0.08788902132814082 0.03662725251529549 0.005333291935761065
1672 0.03833052444380134 0.03560288750478729 0.01444639524188286
1673 0.06585837854986373 0.0495197112036798 0.01470098270910051
1674 0.06571432750203506 0.05483176004880085 0.005556225481817299
1675 0.01157491386287297 0.04888088451768938 0.005312673824484773
1676 0.02652022700641526 0.02042445675983124 0.00524896713801554
1677 0.05019896458894228 0.04190876713558997 0.01499922644747848
1678 0.0115638321028863 0.03434035175168609 0.01481276279825785
1679 0.05175250446431445 0.008061781746259249 0.00505334231382324
1680 0.0551087125684222 0.05478812888868159 0.00530773638416888
1681 0.005366998129672783 0.02055399779686766 0.00759075025614105
1682 0.06822376885859556 0.04715043921442012 0.00572683998539642
1683 0.04313730957832188 0.05444670765247755 0.0146370731017068
1684 0.03654090363600909 0.0399973184662441 0.005381574218398949
1685 0.03339089076062758 0.05466962865632807 0.01504350385638942
1686 0.08833960559241961 0.005166873928395079 0.01171833948667428
1687 0.09486938670972207 0.02787842133396965 0.005339188815672602
1688 0.005113659240875885 0.02264094746963592 0.01485399110599226
1689 0.02647540488222854 0.0120662866582568 0.01496044856621851
1690 0.04000902603664579 0.04422296008000036 0.005178215016938084
1691 0.005558362566222345 0.01193635889969371 0.01460279057961012
1692 0.04810013153948877 0.03552587675631989 0.005269272348650242
1693 0.02629538617471273 0.03023962780918887 0.005330199809412086
1694 0.09477943088002433 0.005310232202990922 0.005181756100957345
1695 0.05329805053394939 0.005145163403188661 0.01493813836956253
1696 0.08951413367501272 0.01759385323264395 0.01498586388057952
1697 0.02063235181384232 0.0269702119509937 0.005329629936655064
1698 0.05656959066134553 0.04931023663730429 0.004821848453725663
1699 0.01902024361179947 0.03631020637135306 0.0150417226010791
1700 0.02363949415476533 0.03666275554328102 0.005366930635355675
1701 0.01802277216742218 0.0484439132131924 0.005460763908175147
1702 0.03007426619407453 0.05130954986150241 0.00524648612392196
1703 0.01911993729303958 0.004995159885089731 0.01496894886197663
1704 0.01241385562562171 0.0147683043609824 0.005242262188626391
1705 0.06348255206302048 0.009692824033045933 0.01489165126149987
1706 0.05758677858670757 0.04967974207217427 0.01498111633625574
1707 0.0356320981053784 0.01580170083710753 0.00498780208937605
1708 0.08312280940612024 0.04068798571737761 0.01009626953264685
1709 0.04994187818050265 0.04146571464294077 0.004942070941135169
1710 0.04682712552006526 0.01089493379882966 0.01034648931129822
1711 0.03898253323891704 0.01071720229749778 0.01497776261231195
1712 0.09472765597670409 0.04922198176070154 0.008797343007218223
1713 0.01018523493546064 0.01403025520191754 0.0122230848730008
1714 0.01007622903084613 0.005145054228155026 0.0147757584224321
1715 0.0457621098463662 0.05515754592950492 0.008220249712893354
1716 0.0818136826793003 0.01034294246664764 0.01500175731595911
1717 0.06145868436464452 0.005034314430136196 0.0080304590039222
1718 0.03393742710871711 0.02403036565808096 0.01508364397847863
1719 0.05203684498212911 0.004771552829491993 0.009094834334866513
1720 0.01132071292101325 0.0541324075593914 0.004976927578262013
1721 0.01175920706361623 0.04785605995529033 0.01496813928403386
1722 0.04216536638870066 0.03199651586479731 0.01526230808473565
1723 0.03596977390978195 0.02288596970556211 0.004919012364550325
1724 0.03142446938542466 0.0493437206889698 0.01513376975968519
1725 0.0818744939048482 0.01049044486828286 0.005000651598286099
1726 0.03875729344331295 0.04196268795248289 0.01526361801043935
1727 0.01804998427884543 0.03799226266416239 0.004735343904716609
1728 0.0249591974103418 0.01804269469164519 0.01526536504659656
1729 0.07147083901214192 0.005202221376180695 0.005034106945828802
1730 0.0186387063397882 0.02705854910924508 0.01512947233960579
1731 0.004970681884986885 0.006650148700610385 0.01481222850484992
1732 0.0821349894796907 0.04205559610233835 0.01510160413693765
1733 0.04834686685641427 0.02606195458383424 0.005192056091468808
1734 0.01716406608082694 0.05512223310888895 0.01475177908113117
1735 0.04115896732118567 0.04950345393980361 0.01470236711201343
1736 0.05305358491302455 0.0276837367560204 0.009899552747973548
1737 0.01118600185973616 0.0436619965226742 0.005160436396409916
1738 0.01663954204074223 0.01554332753084694 0.01480075873356119
1739 0.07844063219840575 0.01473885960786601 0.009912323031877706
1740 0.07228719327637245 0.004906048330719621 0.01511304787505445
1741 0.07494427179615683 0.04649426622836191 0.01445466579217726
1742 0.0655660435517964 0.0551879511037951 0.01198763937863769
1743 0.01549383695600421 0.02152403114500157 0.009805882852269184
1744 0.02866483297348383 0.0420657817760913 0.004982058910556714
1745 0.05337963724759753 0.03298877304994416 0.01285490739414316
1746 0.08993756237755705 0.02443896882326551 0.0152916242159782
1747 0.03028429023247122 0.05489669555834308 0.00903846691887435
1748 0.0394252701917398 0.03516109874551708 0.004723590407342062
1749 0.0607189557185952 0.009413245900113207 0.00545850651010556
1750 0.08548375799442584 0.04891341357716721 0.01495612478257203
1751 0.01033042727631731 0.03423915835431172 0.00479837890955743
1752 0.04361264043951509 0.004661858196513931 0.01516289463792019
1753 0.05231278084446343 0.02937242768831045 0.004898681627805183
1754 0.06228316487214432 0.004726816773145605 0.01460268576244465
1755 0.01643144885510294 0.02408037929438541 0.005082412861705944
1756 0.0219709400553064 0.04731432346807191 0.01516247277434925
1757 0.03635389275868325 0.01076202345717952 0.004761544444748978
1758 0.08969879774169677 0.004660600034219707 0.005592354066859075
1759 0.02490226873741574 0.01294961858545565 0.0100596937293248
1760 0.09514888057711048 0.01863891570680315 0.009004904110662432
1761 0.04652499319883529 0.04929181559165417 0.005087295649040167
1762 0.03956986004436145 0.03698395347707101 0.009748747610300845
1763 0.06467706951143382 0.04581704730051593 0.009522993312636074
1764 0.06367001253974408 0.0503282357380643 0.004763883463917716
1765 0.03539729194655514 0.01428633025251393 0.01509602556421858
1766 0.02310544781917847 0.04934568997529309 0.004980237441213553
1767 0.07696822797134277 0.04563946938681562 0.009620405305555963
1768 0.09516973899050313 0.01735154768540455 0.01519167772809664
1769 0.0917998627382494 0.04975636878652559 0.0150666521280283
1770 0.01609285341720563 0.0469785043996266 0.009885806730004545
1771 0.03930036638037052 0.02793132347174029 0.009984992306094174
1772 0.08420080882012476 0.01917540721010555 0.009475280027249899
1773 0.07916415919031343 0.04851922169087888 0.005041419187511888
1774 0.0135563384495525 0.0357763990016457 0.01042512944845462
1775 0.02850751932570954 0.04015368534119274 0.01549280269932149
1776 0.05802507887343239 0.01819254038619855 0.01508843362684106
1777 0.046005220217626 0.03528771501548821 0.009827291415651503
1778 0.0326256999796514 0.03950004598216832 0.008484413851601921
1779 0.08087063482190636 0.004684284641791347 0.008581697314376321
1780 0.09538672420681578 0.03594749179306992 0.01008859471708253
1781 0.05094074773804111 0.00997386807780163 0.01525341348067972
1782 0.029520840089654 0.02717628202911742 0.009499848140598028
1783 0.09142969432729711 0.04896270066599947 0.004922417650247784
1784 0.05706969916608275 0.0551073645666964 0.00990092832008131
1785 0.00484124738851189 0.02590786691520038 0.01092348908029393
1786 0.07533208428974293 0.05526906864357838 0.008823497942125788
1787 0.004820183096047688 0.05521121747705637 0.004817078428857557
1788 0.08880749050263383 0.03436006984221232 0.01518468838625393
1789 0.07131750328774993 0.01305329188109478 0.01000299756532351
1790 0.08626394353075208 0.02594371869049249 0.0112217200866038
1791 0.02228294773255768 0.02218952135669506 0.009726211026953082
1792 0.08394394600792822 0.05560577241373919 0.01534883505907111
1793 0.0534659026616625 0.01525290447644289 0.007503893473481568
1794 0.0586938854547632 0.01729112018627522 0.01026922958665329
1795 0.04273637617238656 0.01601017029234852 0.004676559993788327
1796 0.07445019261822938 0.05165772491086036 0.0153753973462644
1797 0.04105751197228651 0.04637727783500087 0.009497701798785002
1798 0.08983263733192109 0.04077063587179343 0.01513177287016648
1799 0.04455592550918266 0.01164510208924098 0.01488342699566308
1800 0.01718498800023966 0.01586867732153051 0.004897580885201387
1801 0.06482321870415216 0.01426986569372704 0.01056890408643578
1802 0.03208375724504148 0.03358920678924599 0.004418909079679062
1803 0.05244896685158879 0.04995470703189496 0.01549700179448229
1804 0.04831516235554011 0.02470585881445418 0.01531177022426163
1805 0.004717876206989749 0.0351577121030142 0.009046318464159807
1806 0.0951148745702935 0.02985855674656449 0.01000185468239659
1807 0.04622432981099736 0.04929734621737032 0.01520551347698861
1808 0.09510178458775197 0.04137829925588425 0.01006583239382894
1809 0.09528648744192092 0.01016470129294711 0.00472772653880019
1810 0.02794132086786916 0.004471262812582144 0.009706273966301247
1811 0.06908801389545172 0.004785990191701052 0.00931664483481605
1812 0.01623750852889097 0.02896941553929847 0.004728062036025636
1813 0.02805478939492979 0.05564175872655718 0.004362791161053172
1814 0.01044579101455632 0.01848657220964135 0.01031178602797998
1815 0.0551182621650633 0.02226313967779742 0.009857421438669368
1816 0.05987016209123937 0.04329424433494494 0.009909165133188761
1817 0.08880753795848596 0.04464601405700892 0.009033013232841999
1818 0.08304737431257546 0.01998840947777592 0.004729362194621513
1819 0.09521208585075112 0.004456426490000501 0.009803762750478048
1820 0.004449234721088701 0.04142981502720854 0.005240279888249125
1821 0.01942171609284118 0.01652054611395864 0.01011574660141505
1822 0.05200000000000033 0.05560095469499175 0.01032554724624135
1823 0.08953482089691613 0.05514078435536963 0.009845787682542772
1824 0.08301691728927514 0.05064457336004278 0.007033424385152864
1825 0.04355807649515671 0.04147615716817768 0.01010943612457168
1826 0.02689044403268992 0.03134802568725294 0.01538888483280161
1827 0.06088497408851039 0.05005650513400575 0.009920696082830398
1828 0.004622784613850057 0.01237540276105257 0.009830795581415096
1829 0.004910348365579214 0.004503149597953473 0.004209038845221493
1830 0.04697386796763957 0.02855098490804783 0.009703665965175644
1831 0.02067727499736492 0.03336401835655082 0.01164249601182561
1832 0.08239715776341977 0.01971701824757992 0.01566740967398236
1833 0.03266484004310113 0.03362380040391384 0.01140680455125734
1834 0.0227483439473462 0.01760615492697695 0.004398303947845189
1835 0.09084952114900137 0.00943252772443939 0.01529365381965644
1836 0.0189141572556542 0.05536246695758139 0.01031139038598166
1837 0.00990472231135286 0.01015377820996271 0.01558402054749038
1838 0.08455362652382735 0.01218491392754221 0.009306624078245979
1839 0.02672117553318376 0.01011244210194053 0.00480357261066544
1840 0.05460528887730227 0.01183944447032865 0.004348602198041058
1841 0.04015648531245042 0.004339531489529507 0.0102155905292721
1842 0.09482016388136398 0.01809978341212173 0.004320866198505487
1843 0.03406706902796107 0.004272317591191239 0.0117451020084234
1844 0.03132004874823421 0.01945004238048121 0.01533828454394573
1845 0.02247250255345507 0.02271602494366848 0.004352707239839145
1846 0.008609491930103092 0.02583457287078986 0.01483121415555272
1847 0.01191964205967829 0.05563964081405807 0.009422760176727869
1848 0.03808971833735653 0.009634955788635486 0.01046423630944288
1849 0.01484822188166039 0.02975385673159854 0.009174991495052225
1850 0.018565635402087 0.01004872791293289 0.004527002202485831
1851 0.08155466100242213 0.04303472141447569 0.004504623942832331
1852 0.04515474125140892 0.004566448623884192 0.01049799512562167
1853 0.01580433667120372 0.05559305797262425 0.004882223942545479
1854 0.004327352890379019 0.04998100122612927 0.004970611038336035
1855 0.09571906146422712 0.0240684310231692 0.01051330486759526
1856 0.005436591008889623 0.0367497553629042 0.004538664751560814
1857 0.0245254339218583 0.04435228226689246 0.01006294035707036
1858 0.0218047101482809 0.004650297549098603 0.01028260065925613
1859 0.03036721644040012 0.04562169027344837 0.01007905206737215
1860 0.01879056556019582 0.01055865041844862 0.01544798803640919
1861 0.04807434604792198 0.05578905379040815 0.004192208887279937
1862 0.05222053238037368 0.04330220465770495 0.01069949484231172
1863 0.03377019083395912 0.04835950849349573 0.004432690770140323
1864 0.01123721658070004 0.0503397596894956 0.01000851822650979
1865 0.04561503129108054 0.04135060386615085 0.01569682937569883
1866 0.01035557305295733 0.01001238879653706 0.00423653419759634
1867 0.04916095094504283 0.01763302044515713 0.01063881787468074
1868 0.08477472673882137 0.03652381822383025 0.008802292919171315
1869 0.05171236766369562 0.05082554942123079 0.01094001579337906
1870 0.004594675752474037 0.04549977313569048 0.01069311856285801
1871 0.01332913200245871 0.04352496654531915 0.0156143745500617
1872 0.04193800901184067 0.04845177417792833 0.004350471434760729
1873 0.08635095423552119 0.01421633779170134 0.01540787380467603
1874 0.03685477875612154 0.004277736805452317 0.004905448664241027
1875 0.0174101535089253 0.01238480569450243 0.00924814227394047
1876 0.03567591360273632 0.01975078047555978 0.009256936156687082
1877 0.09006888273756199 0.0246358028694291 0.004170325885781235
1878 0.09549348401128781 0.01095561595018752 0.009680500702619575
1879 0.09575453011923823 0.05077217296398989 0.004641430541154958
1880 0.07566473999862217 0.05572461642440795 0.004209619218427018
1881 0.009030350429044445 0.02749595815450815 0.009731295247028201
1882 0.07229152656787022 0.009701267945568144 0.0154842123449437
1883 0.08620776829226154 0.01626388826626828 0.004156070990254536
1884 0.08589929633672236 0.03244030637382476 0.004796311741435071
1885 0.004540395306513127 0.01390151757112716 0.004240828213262407
1886 0.0519775891441806 0.01955367490578826 0.01547283565676075
1887 0.04149209505068368 0.05539592066397085 0.01041236244956325
1888 0.03435661779636993 0.04302753410965912 0.01091172419988563
1889 0.09063883817340172 0.04114968438528229 0.004615205080825025
1890 0.06019208001364785 0.0167839302173765 0.004822123664870854
1891 0.03274228295635569 0.03244753787734469 0.0159079774550161
1892 0.008075795571594073 0.01882303788161483 0.004240429810098307
1893 0.04068203304053034 0.01574683842298053 0.009302717756527272
1894 0.05957300044905852 0.0105444018703226 0.010550358610067
1895 0.04573953230881783 0.02058252352421176 0.01015467864619836
1896 0.01457707480742569 0.004399124550501284 0.01533519718440804
1897 0.01647587215420807 0.02304183313311646 0.01554822835587123
1898 0.0278128547863867 0.03684925996911636 0.01049638166068219
1899 0.04614834713899359 0.03157635651511959 0.01304124490551628
1900 0.09017295090527847 0.02019592487659465 0.009303636489556769
1901 0.03459537573693427 0.05548542665693076 0.01046414275968614
1902 0.0205544764558512 0.04176236997576943 0.01061966755070819
1903 0.08001203684686231 0.004069057463965979 0.004093600864015565
1904 0.01303827289553809 0.04153083604813979 0.009275357781353506
1905 0.04546758646726176 0.01071130717890489 0.00446648486464727
1906 0.06433413864015222 0.04565159338930146 0.004007113692667928
1907 0.02232466237051349 0.03329390041373181 0.01588658270732778
1908 0.03899309129685896 0.02167552615456148 0.01594969657839175
1909 0.09585673053798177 0.009919394628061004 0.01509885230290203
1910 0.08987770935974905 0.01203117348647127 0.01050403354042658
1911 0.07475123193973973 0.004410629943798445 0.01051365460819808
1912 0.0959318585000145 0.04799926691542963 0.01589879846888303
1913 0.07975832859271448 0.05585334883692479 0.01026726016482339
1914 0.05937750789416891 0.04268340878604424 0.004550972558868048
1915 0.07410091072701529 0.05586674121862729 0.0131623417707565
1916 0.03590181045846143 0.05088835079050137 0.01589097902250221
1917 0.02517869404500094 0.055794844426326 0.01116994431361752
1918 0.07284491389356727 0.009402669169523517 0.004150968056481914
1919 0.01052255185749315 0.02993799343428378 0.01571176861389743
1920 0.02665129344269188 0.02681586462776725 0.01556483302680651
1921 0.05582217045917025 0.03996460713862576 0.003945697851256699
1922 0.04545047532674183 0.0161268189509705 0.01554329238014755
1923 0.07046130979508579 0.04920010974432164 0.01535211229412896
1924 0.004532883266941925 0.03028867397169895 0.009759208811491938
1925 0.01612218432399056 0.03974776404711448 0.01555066258855165
1926 0.0645314184323105 0.01400455250665784 0.01590008041948747
1927 0.02452817587759145 0.05046967119567885 0.01124354235057728
1928 0.05144058369827446 0.03610030724436943 0.01021742789042106
1929 0.004114171962512615 0.03908612625368457 0.01122480582554307
1930 0.03964191884498799 0.02303295684095907 0.008994403183921477
1931 0.09570136569494787 0.05568612030560671 0.009052823360443985
1932 0.08281806381328193 0.05565525100750029 0.004244535828353093
1933 0.009749778642750567 0.02973583975061499 0.00428101946786071
1934 0.04715210356585888 0.01664804906483428 0.004177833814899323
1935 0.02924217782063102 0.0190516024220176 0.01092565219531732
1936 0.05614512191780882 0.03862042523174188 0.009672117627491494
1937 0.01219355294436602 0.01596212988555613 0.0158738834202137
1938 0.09145221463729825 0.05580121497002553 0.01595346857424714
1939 0.09635030928102442 0.03201764910893131 0.01613860300961897
1940 0.02522545013876855 0.05097140764139687 0.01580869188753151
1941 0.09634322025453715 0.03200000000000011 0.003861287178439821
1942 0.01989957307592158 0.04454281803048814 0.004240365510157646
1943 0.08554441688196074 0.02538967295966778 0.01563742607254656
1944 0.0776744926897579 0.00967310797605624 0.004314313249015132
1945 0.03911536948705285 0.02592432395835815 0.004034143745567247
1946 0.08637805590936862 0.004365953633640993 0.01567694503346615
1947 0.04374055562371113 0.03425875627673455 0.004056822821858685
1948 0.05943016427635896 0.004115934484204812 0.004151020634334064
1949 0.03242575984929359 0.03896806931288779 0.003993996717726864
1950 0.008519887463387821 0.03907344322364615 0.01589506609536781
1951 0.05002344678216319 0.004004282762130211 0.005241786945373458
1952 0.06516320371566416 0.009755122336474326 0.004349852469091457
1953 0.08501813248121103 0.04870044712243859 0.01052004205167998
1954 0.01036623250147092 0.0121162266152896 0.008193338009852698
1955 0.04723146996674887 0.04394343107369831 0.01065226593010704
1956 0.09600160803305846 0.05590560816127726 0.004431068458740162
1957 0.06356102577983463 0.05586824659326908 0.01590982112126074
1958 0.05627256584635157 0.004033935887637936 0.01019542694794693
1959 0.008953833066640994 0.02046101229574989 0.01576098107008087
1960 0.07853271887484915 0.04407289762058966 0.01346879887483826
1961 0.06436882208685529 0.04568298855914889 0.01614853556197414
1962 0.008545711952754874 0.04030993280429807 0.004121998101680388
1963 0.01413895328889116 0.004510008302912907 0.004274741870526692
1964 0.09103672568397814 0.008754403397965021 0.00429253496473222
1965 0.05237618150299654 0.05019150672274292 0.003993446501033318
1966 0.07874800907606669 0.01408995589103082 0.004276194808923753
1967 0.04330117651922516 0.04154588072997935 0.003944163457120356
1968 0.09572627536140355 0.02252501078736571 0.01575929822467862
1969 0.02497073684293996 0.02929399402518351 0.009429507481855805
1970 0.0898473788128314 0.04558886331694811 0.01600939778248026
1971 0.03782745919735993 0.03203521815289159 0.009422462667449756
1972 0.02431830323289709 0.03948115191365751 0.009896984876050178
1973 0.009451578087369222 0.004616129516392673 0.01043861948326009
1974 0.09009229851391586 0.03109357906774441 0.003980767397994456
1975 0.02386116690228793 0.008682266866588196 0.01046134099652978
1976 0.0481506794193363 0.0489224170351629 0.009169376882841484
1977 0.0921830440966686 0.0169182911999908 0.0116461701583713
1978 0.06848762664439446 0.05603338696670525 0.00878089734713812
1979 0.04271280950633885 0.02413626551794354 0.01599605314873762
1980 0.05994159193564325 0.04268461900392923 0.01491523494741025
1981 0.02932680828186288 0.01515325596914486 0.008910184276601202
1982 0.03245046072725218 0.01238458011894052 0.01056863079105008
1983 0.07886266842871439 0.01680241192510366 0.01605695396715331
1984 0.02458270615757879 0.03408806346880332 0.009432007800735203
1985 0.02997518283030809 0.009474125635020302 0.01584897682573942
1986 0.004179302209580267 0.05608498215173928 0.008991134937819185
1987 0.05346512337074658 0.04379520484669753 0.003820844386255529
1988 0.06808382258245535 0.04585088460139641 0.01384157963110339
1989 0.05228751004814591 0.04563246119030833 0.01610611307314351
1990 0.09604053991282975 0.05231515487980909 0.01609835318621628
1991 0.004174253502510665 0.03304723337518976 0.0160366745785653
1992 0.02501751753387212 0.05586184628561597 0.01553567157440554
1993 0.05859631169720809 0.01064870829238101 0.01562161277808449
1994 0.07608168390510064 0.009989027518608256 0.01004899104940173
1995 0.0351275783095182 0.04707365977732975 0.009481257054262945
1996 0.06798730956108937 0.05603371110545723 0.01611137488741481
1997 0.004170583197286762 0.03894947110033058 0.01571881788575413
1998 0.01873866922494607 0.03280403754717749 0.003853102701713088
1999 0.05000770639105552 0.02234714777582478 0.003747816319778576
2000 0.06815050691074549 0.0513448183864073 0.004189287154941461
2001 0.08005857601586329 0.04940109868729599 0.009964020850163539
2002 0.07726060476593033 0.04437992993788396 0.005246899393299493
2003 0.03157318763912759 0.02244220880477266 0.009546911727222057
2004 0.004152561661154229 0.01670074035888612 0.009855608706317465
2005 0.02375584451039622 0.05617692350800131 0.004507881173750972
2006 0.04260907208975432 0.01932560709573387 0.01617476745568462
2007 0.06446316068540853 0.003889649085786721 0.01094501602873735
2008 0.03358731013003051 0.02818930302659142 0.01055466332053775
2009 0.008366312391623455 0.05590681614725543 0.01584648961928055
2010 0.08306803907460839 0.03901097972543313 0.005561930057954215
2011 0.009128118845215619 0.04454784905967759 0.01593182521018759
2012 0.0682200551878822 0.009652749522064711 0.0101635997623931
2013 0.05103946182081069 0.05586435045245138 0.01588082005600925
2014 0.05823453994274112 0.05575597532581734 0.01579776031844927
2015 0.08372433334281285 0.05617875538664941 0.008618310674810958
2016 0.004240409462227899 0.05087587104082836 0.0105565287231468
2017 0.0804612826693602 0.004024974184475114 0.01604144221218076
2018 0.03023329521465136 0.04594865343741947 0.003992838880565657
2019 0.04287514607062028 0.01246164423197476 0.01100804137694484
2020 0.09168677335722959 0.02952718896365245 0.01576597595937997
2021 0.06182307994657794 0.05570422012575801 0.009907799868461973
2022 0.08159861518284345 0.05200278646937896 0.01526240392634839
2023 0.07606083050604631 0.05146090678394243 0.004594293258719909
2024 0.00408078347446439 0.05160045101295227 0.01585566140651715
2025 0.0325181134175503 0.00906656844793252 0.003835591025775133
2026 0.009688529738938415 0.02380076127745704 0.004455280240422212
2027 0.01917817210217649 0.05130397839236628 0.008934614180867812
2028 0.09054236709466743 0.003896416743429015 0.01526570925775856
2029 0.08971857625432293 0.05623501553433333 0.005031569460573298
2030 0.02932958982291657 0.01755654496821608 0.003759223790926284
2031 0.07247422464980802 0.01418058929562117 0.0156887560292495
2032 0.0342257516992823 0.004234703836549903 0.01601462341304754
2033 0.03538444141664897 0.02785548241826884 0.01633425260800008
2034 0.02677970222227075 0.04402500181471115 0.01619530993815055
2035 0.004285572114668124 0.0456455527293436 0.01571423799061262
2036 0.03924960899939377 0.05616388159753938 0.01522106648654011
2037 0.04747065335327363 0.04522516596455801 0.01577641055408572
2038 0.0223009656318306 0.03877997779191821 0.01619446779748557
2039 0.02416502108955505 0.04505974359418983 0.004142786401457079
2040 0.014610202069499 0.0515884683105224 0.004030296405545642
2041 0.04448979051811506 0.0245973076047977 0.01044033000745623
2042 0.01571555315018094 0.019783574809755 0.004081276723824114
2043 0.04127361367608813 0.02226861308674686 0.004238137487651559
2044 0.05435211616050724 0.0333020026265145 0.00864255235774429
2045 0.03795837342011006 0.05636512491363539 0.007962315927170166
2046 0.05022693942830129 0.01368388617103612 0.009730536325057463
2047 0.08749167677373006 0.00877329346199468 0.009163804751193681
2048 0.007832818392173544 0.04326287668009388 0.009078911420267856
2049 0.02969166695833031 0.02799679635879993 0.004124508045825159
2050 0.05427448017019269 0.02780750694291067 0.0158592598599917
2051 0.02302537996090376 0.009657047745902942 0.0162702204986501
2052 0.07170751698327639 0.01382029523038245 0.004104018407019233
2053 0.04505393209985799 0.03502415732079599 0.0159129945622485
2054 0.05135474682509564 0.02115588397008371 0.01142117649291819
2055 0.02221921522618139 0.02631899760515435 0.01064822228642378
2056 0.04243648510464932 0.02850270696964994 0.003676586967454085
2057 0.003952387455877266 0.01546146411659023 0.01628107952172583
2058 0.03277207272863718 0.004024115535541054 0.003828860149408514
2059 0.03210772344676219 0.003955159332258673 0.008007635627102572
2060 0.005809626594095849 0.02231979874658277 0.003818942017493541
2061 0.009345476117935351 0.0361456747108813 0.01060757982229804
2062 0.09575426341179849 0.04237270616678328 0.01585244509851609
2063 0.03521112442886429 0.04394701534715887 0.01641719806990511
2064 0.02650210734429718 0.02209740668996076 0.009898698031741735
2065 0.00771860866858358 0.04806505563530698 0.009463257476556344
2066 0.00813347832043643 0.01485427699614368 0.01624773486971904
2067 0.03542458289211897 0.03603027937463138 0.003613862476178479
2068 0.05393865178774143 0.004678488375937427 0.003973398243546402
2069 0.05440628499765215 0.03317250915366357 0.004259355611613755
2070 0.01529507482301597 0.02938526724210485 0.01622654075159273
2071 0.0448023931353449 0.004091540716349101 0.004066736915720296
2072 0.008212348522289699 0.05077245604265755 0.003921539987343838
2073 0.01774640418268658 0.003928662996016553 0.01113563848448204
2074 0.09575297527606666 0.0422698292828809 0.004143118188620103
2075 0.095892494461971 0.04652383573535619 0.004343476524909751
2076 0.008256832969297479 0.05147294537483869 0.01620311988612365
2077 0.0572382754533159 0.004091651980331249 0.01595187588813627
2078 0.01546328850701017 0.03450414970218538 0.01635226212021751
2079 0.05413332126470773 0.04653660032004731 0.008824592090008257
2080 0.08961454307059802 0.04523815465703387 0.003795946609140784
2081 0.03612697683252518 0.04495706140596017 0.00378477807775444
2082 0.01270924740811464 0.0246348784151365 0.01017281999500683
2083 0.0448775527900344 0.05312165377600336 0.004666124263783154
2084 0.02620954975784255 0.0518853922615203 0.003577374941570628
2085 0.003977187241708913 0.01803672307942247 0.004550252739284829
2086 0.03576818345238201 0.0516230673554698 0.009240427423992944
2087 0.01430860974501871 0.05247529325906384 0.0162034130935101
2088 0.03245559217645042 0.02098005403695437 0.003685708498410259
2089 0.01466994624984155 0.04630634715566484 0.004046866085302061
2090 0.003822076572126607 0.020541190403386 0.01147640458655506
2091 0.008687689688792953 0.01381138175615535 0.003539188501820396
2092 0.02254700339331856 0.03019345955102409 0.003525739745944271
2093 0.07801026387495363 0.009456724739989854 0.015986786253532
2094 0.09131258339773675 0.03531670967517788 0.01069270960740202
2095 0.04669121293649717 0.03914570027843254 0.003789789134555029
2096 0.02690050179842881 0.02429608588663356 0.003765271356989853
2097 0.06174281929090069 0.04995252467331836 0.01580874185610331
2098 0.09635285796399788 0.02399999254180061 0.003638592987626478
2099 0.0400711595571964 0.05163924153213862 0.009170185314791036
2100 0.0534886111877565 0.02012098664335482 0.003496835496708604
2101 0.01894705985280862 0.03008354234100365 0.009769636923379791
2102 0.0346828543150752 0.03608238207707096 0.01635484748539505
2103 0.08596200048993113 0.02953322817870259 0.009154647869292072
2104 0.0542759305900115 0.008734772728403672 0.01322004496978733
2105 0.0264719433781647 0.003672128020467249 0.005145633991342023
2106 0.05565791919467098 0.01190081691155116 0.01032660011946782
2107 0.08486148314384637 0.02477226174070426 0.004276054514302011
2108 0.09607379746299224 0.01557015676036845 0.01159058870202919
2109 0.04914549621296314 0.0318129109599552 0.003588056869039092
2110 0.08276998795073351 0.04694825419177629 0.00354087721339192
2111 0.02670342062666631 0.03417612074106461 0.004103416909904826
2112 0.03321414913861446 0.01658999093914279 0.01030611467382811
2113 0.03651792920441803 0.02703693944837143 0.007056390774153099
2114 0.09185308315014475 0.03585878472598628 0.003867182121505131
2115 0.03872620807904593 0.01756665852242832 0.0163183321755443
2116 0.05765569554023463 0.0464185104344501 0.01140733677420533
2117 0.04224687656969457 0.008453660430047924 0.01632218107454393
2118 0.09105703705749882 0.01418652970387131 0.01647159107309412
2119 0.03206038208204218 0.05635600271009042 0.003643099038625013
2120 0.02621138008713745 0.02585426674230541 0.01157751086108921
2121 0.0459118073927717 0.05628341470973945 0.01219082521314269
2122 0.03960519037043013 0.04593008276857211 0.01611969139702102
2123 0.03894572647803531 0.01376419466382414 0.003550807314336565
2124 0.003693417175661434 0.008565708209936473 0.01131008388667718
2125 0.03908555025189661 0.01890644053436586 0.01139105484900093
2126 0.0193805895975083 0.05200298032558085 0.01624955792321213
2127 0.0377298366840469 0.05230642186380004 0.004165115987811131
2128 0.03554279632654858 0.03156539957085744 0.003532731779761726
2129 0.08619238947335729 0.05642938094687556 0.01195235054473581
2130 0.09549999874841339 0.05634486953094889 0.01551056432361662
2131 0.02198638338059391 0.02065632477747709 0.01636838501824843
2132 0.02830685917620244 0.01604684164998837 0.0165638348673341
2133 0.02268472527439899 0.009437808228033862 0.003594922203712078
2134 0.09064223161246988 0.0142818295264714 0.003983883717070951
2135 0.05009046158454039 0.03811374584093208 0.01654033837542888
2136 0.09164983848065825 0.02093562296190707 0.016583325488623
2137 0.03878389764218713 0.03011327834627897 0.01657865218967529
2138 0.0599978809211666 0.05641322667686351 0.003576022472354729
2139 0.07968341156891059 0.04263034659422306 0.008991684029392351
2140 0.02521997747381063 0.04013705509834169 0.003851546079403167
2141 0.07594710688192256 0.003587812088460671 0.003641273473637084
2142 0.05643474977040197 0.02193687581246319 0.01624126744725156
2143 0.08090546332661248 0.01903689913801148 0.01190995914174559
2144 0.02147489224837231 0.004105782855951486 0.004151673931061627
2145 0.08975117052268865 0.02378387431344139 0.01124657700335906
2146 0.05912135581853944 0.0462889721754554 0.01637573130934063
2147 0.09588733503953939 0.04546979798366948 0.01019379854232536
2148 0.0548692797906102 0.01618479702687329 0.00368332771140594
2149 0.08539665711335974 0.03435001612311854 0.01291502407271897
2150 0.08595114300667889 0.01749530814972926 0.01307237140064775
2151 0.02797838219684394 0.04991808077229769 0.009123395030706765
2152 0.096345302562102 0.05031137992660078 0.01246869627312837
2153 0.08549423654242803 0.009337306044055841 0.003520478688218201
2154 0.02655064161377814 0.02173045380098913 0.01599244835851175
2155 0.0694346287321182 0.05593774870462191 0.004070096010709177
2156 0.0260559902224865 0.03607750423385375 0.01661413218437279
2157 0.08281539982486201 0.04512354276761438 0.0125196743021848
2158 0.0544975777345316 0.01635748410863015 0.01626304657222917
2159 0.02028544201374885 0.04382080262357544 0.01637605780989928
2160 0.08490465300551232 0.00397952459484135 0.009716821417786878
2161 0.01904612112097442 0.03093286408769645 0.01626552732171772
2162 0.04338787580943013 0.00850361684120072 0.007752750575295586
2163 0.01534824883585711 0.01239749051753565 0.003740404691921586
2164 0.085945422255712 0.04161528780531136 0.01647834198456533
2165 0.08817760942496201 0.05112582951926986 0.003759935763317278
2166 0.01328241270613394 0.008079014466126962 0.01645569147239424
2167 0.08405940952712579 0.003883952395196601 0.003570315285171243
2168 0.0694085541094893 0.05157138421004079 0.009857730451405016
2169 0.01877124803499574 0.03499933300718541 0.007367671952358303
2170 0.01251658639036661 0.02355047836057016 0.01635829243947536
2171 0.003614412147691326 0.02640258344696884 0.0147520870424251
2172 0.0449492392725723 0.02428676694761929 0.003982709334749233
2173 0.04013458804255866 0.03903351989622583 0.003794723033748532
2174 0.02015369396103801 0.01706720374453753 0.01608503486233141
2175 0.05397580416473122 0.04738556731598319 0.0127742300815665
2176 0.03251296953499015 0.04084286296185925 0.01649413143445517
2177 0.02121650436400613 0.009601420810028755 0.007545726965387222
2178 0.04846039480509357 0.03189165556981516 0.01640678386646955
2179 0.003931248172189434 0.02861927404833747 0.003779230876143364
2180 0.06207601139662874 0.01621891940629711 0.008346097606372933
2181 0.004291031598406502 0.05622242091452181 0.01622242091452181
2182 0.03172590439441794 0.01308176970397699 0.01623620869439617
2183 0.01622871763679315 0.04646934097240688 0.01616872684207087
2184 0.05793508530863772 0.0527477598122604 0.003490713007158425
2185 0.08502381873166243 0.008158825942109696 0.01618689340979753
2186 0.04194164507574238 0.03995016909264409 0.01663681432279498
2187 0.0721125625417729 0.0508176997796235 0.003641689826111972
2188 0.008138402037466764 0.056015035973656 0.007769744433201729
2189 0.09658416837619928 0.03599588304025592 0.004133107360809829
2190 0.03202422649948525 0.007602629522867537 0.01079343878878797
2191 0.06726859028403742 0.01430890382106846 0.007304315504956697
2192 0.05659974067971636 0.02265102889991387 0.004302147444855554
2193 0.01384904275537355 0.05641103917758546 0.01286909817942703
2194 0.0336957887517894 0.026062364371502 0.00399016318272472
2195 0.05196232287617535 0.05649989092235538 0.003498656152010769
2196 0.07305323443909036 0.04543031752783264 0.00882324741325753
2197 0.01647218091768677 0.007632800054671186 0.01351075537723864
2198 0.03775069023397183 0.03912169283857427 0.01263180900521967
2199 0.07194266484115487 0.0552924380329201 0.01653688305979508
2200 0.0146711374883857 0.03613065702557589 0.003326890598392451
2201 0.0421631801331211 0.02802941237273453 0.01675501960538098
$EndNodes
$Elements
11752
1 2 2 2 1 14 286 1
2 2 2 2 1 1 286 15
3 2 2 2 1 2 287 11
4 2 2 2 1 33 287 2
5 2 2 2 1 28 288 3
6 2 2 2 1 3 288 32
7 2 2 2 1 29 289 4
8 2 2 2 1 4 289 46
9 2 2 2 1 11 270 12
10 2 2 2 1 11 287 270
11 2 2 2 1 12 222 13
12 2 2 2 1 12 270 222
13 2 2 2 1 13 271 14
14 2 2 2 1 222 271 13
15 2 2 2 1 271 286 14
16 2 2 2 1 15 252 16
17 2 2 2 1 15 286 252
18 2 2 2 1 16 229 17
19 2 2 2 1 16 252 229
20 2 2 2 1 17 247 18
21 2 2 2 1 229 247 17
22 2 2 2 1 18 224 19
23 2 2 2 1 18 247 224
24 2 2 2 1 19 262 20
25 2 2 2 1 224 262 19
26 2 2 2 1 20 228 21
27 2 2 2 1 20 262 228
28 2 2 2 1 21 233 22
29 2 2 2 1 228 233 21
30 2 2 2 1 22 220 23
31 2 2 2 1 22 233 220
32 2 2 2 1 23 266 24
33 2 2 2 1 220 266 23
34 2 2 2 1 24 219 25
35 2 2 2 1 24 266 219
36 2 2 2 1 25 254 26
37 2 2 2 1 219 254 25
38 2 2 2 1 26 230 27
39 2 2 2 1 26 254 230
40 2 2 2 1 27 268 28
41 2 2 2 1 230 268 27
42 2 2 2 1 268 288 28
43 2 2 2 1 30 269 29
44 2 2 2 1 269 289 29
45 2 2 2 1 31 221 30
46 2 2 2 1 221 269 30
47 2 2 2 1 32 261 31
48 2 2 2 1 31 261 221
49 2 2 2 1 32 288 261
50 2 2 2 1 34 232 33
51 2 2 2 1 232 287 33
52 2 2 2 1 35 253 34
53 2 2 2 1 34 253 232
54 2 2 2 1 36 227 35
55 2 2 2 1 227 253 35
56 2 2 2 1 37 276 36
57 2 2 2 1 36 276 227
58 2 2 2 1 38 283 37
59 2 2 2 1 37 283 276
60 2 2 2 1 39 223 38
61 2 2 2 1 223 283 38
62 2 2 2 1 40 274 39
63 2 2 2 1 39 274 223
64 2 2 2 1 41 282 40
65 2 2 2 1 40 282 274
66 2 2 2 1 42 226 41
67 2 2 2 1 226 282 41
68 2 2 2 1 43 263 42
69 2 2 2 1 42 263 226
70 2 2 2 1 44 225 43
71 2 2 2 1 225 263 43
72 2 2 2 1 45 265 44
73 2 2 2 1 44 265 225
74 2 2 2 1 46 231 45
75 2 2 2 1 231 265 45
76 2 2 2 1 46 289 231
77 2 2 2 1 219 259 254
78 2 2 2 1 219 267 259
79 2 2 2 1 266 267 219
80 2 2 2 1 233 234 220
81 2 2 2 1 234 235 220
82 2 2 2 1 235 266 220
83 2 2 2 1 261 292 221
84 2 2 2 1 221 273 269
85 2 2 2 1 221 292 273
86 2 2 2 1 270 272 222
87 2 2 2 1 222 293 271
88 2 2 2 1 272 293 222
89 2 2 2 1 274 285 223
90 2 2 2 1 277 283 223
91 2 2 2 1 223 285 277
92 2 2 2 1 244 262 224
93 2 2 2 1 224 264 244
94 2 2 2 1 247 264 224
95 2 2 2 1 225 280 263
96 2 2 2 1 265 281 225
97 2 2 2 1 225 281 280
98 2 2 2 1 263 278 226
99 2 2 2 1 226 278 275
100 2 2 2 1 275 282 226
101 2 2 2 1 227 279 253
102 2 2 2 1 276 284 227
103 2 2 2 1 227 284 279
104 2 2 2 1 228 240 233
105 2 2 2 1 228 241 240
106 2 2 2 1 228 262 241
107 2 2 2 1 229 248 247
108 2 2 2 1 229 249 248
109 2 2 2 1 229 252 249
110 2 2 2 1 254 255 230
111 2 2 2 1 255 256 230
112 2 2 2 1 256 268 230
113 2 2 2 1 231 291 265
114 2 2 2 1 269 273 231
115 2 2 2 1 231 289 269
116 2 2 2 1 273 291 231
117 2 2 2 1 253 290 232
118 2 2 2 1 232 272 270
119 2 2 2 1 270 287 232
120 2 2 2 1 232 290 272
121 2 2 2 1 233 240 234
122 2 2 2 1 234 236 235
123 2 2 2 1 234 237 236
124 2 2 2 1 234 240 237
125 2 2 2 1 236 238 235
126 2 2 2 1 238 267 235
127 2 2 2 1 235 267 266
128 2 2 2 1 237 239 236
129 2 2 2 1 236 275 238
130 2 2 2 1 239 275 236
131 2 2 2 1 237 285 239
132 2 2 2 1 240 242 237
133 2 2 2 1 242 285 237
134 2 2 2 1 260 267 238
135 2 2 2 1 238 278 260
136 2 2 2 1 275 278 238
137 2 2 2 1 274 282 239
138 2 2 2 1 239 285 274
139 2 2 2 1 239 282 275
140 2 2 2 1 241 242 240
141 2 2 2 1 241 243 242
142 2 2 2 1 241 244 243
143 2 2 2 1 241 262 244
144 2 2 2 1 243 277 242
145 2 2 2 1 277 285 242
146 2 2 2 1 244 245 243
147 2 2 2 1 245 246 243
148 2 2 2 1 246 277 243
149 2 2 2 1 244 264 245
150 2 2 2 1 245 284 246
151 2 2 2 1 245 264 251
152 2 2 2 1 251 284 245
153 2 2 2 1 276 283 246
154 2 2 2 1 246 284 276
155 2 2 2 1 246 283 277
156 2 2 2 1 248 264 247
157 2 2 2 1 249 250 248
158 2 2 2 1 250 251 248
159 2 2 2 1 251 264 248
160 2 2 2 1 249 293 250
161 2 2 2 1 252 271 249
162 2 2 2 1 271 293 249
163 2 2 2 1 250 279 251
164 2 2 2 1 272 290 250
165 2 2 2 1 250 293 272
166 2 2 2 1 250 290 279
167 2 2 2 1 279 284 251
168 2 2 2 1 252 286 271
169 2 2 2 1 279 290 253
170 2 2 2 1 254 259 255
171 2 2 2 1 255 257 256
172 2 2 2 1 255 258 257
173 2 2 2 1 255 259 258
174 2 2 2 1 257 292 256
175 2 2 2 1 261 268 256
176 2 2 2 1 256 292 261
177 2 2 2 1 258 281 257
178 2 2 2 1 257 291 273
179 2 2 2 1 273 292 257
180 2 2 2 1 281 291 257
181 2 2 2 1 259 260 258
182 2 2 2 1 260 280 258
183 2 2 2 1 280 281 258
184 2 2 2 1 259 267 260
185 2 2 2 1 278 280 260
186 2 2 2 1 261 288 268
187 2 2 2 1 263 280 278
188 2 2 2 1 265 291 281
189 2 2 2 2 1 413 14
190 2 2 2 2 75 413 1
191 2 2 2 2 11 412 2
192 2 2 2 2 2 412 47
193 2 2 2 2 70 414 5
194 2 2 2 2 5 414 71
195 2 2 2 2 74 411 6
196 2 2 2 2 6 411 98
197 2 2 2 2 12 383 11
198 2 2 2 2 383 412 11
199 2 2 2 2 13 301 12
200 2 2 2 2 301 383 12
201 2 2 2 2 14 384 13
202 2 2 2 2 13 384 301
203 2 2 2 2 14 413 384
204 2 2 2 2 47 370 48
205 2 2 2 2 47 412 370
206 2 2 2 2 48 313 49
207 2 2 2 2 48 370 313
208 2 2 2 2 49 368 50
209 2 2 2 2 313 368 49
210 2 2 2 2 50 302 51
211 2 2 2 2 50 368 302
212 2 2 2 2 51 393 52
213 2 2 2 2 302 393 51
214 2 2 2 2 52 408 53
215 2 2 2 2 393 408 52
216 2 2 2 2 53 309 54
217 2 2 2 2 53 408 309
218 2 2 2 2 54 361 55
219 2 2 2 2 309 361 54
220 2 2 2 2 55 307 56
221 2 2 2 2 55 361 307
222 2 2 2 2 56 375 57
223 2 2 2 2 307 375 56
224 2 2 2 2 57 308 58
225 2 2 2 2 57 375 308
226 2 2 2 2 58 367 59
227 2 2 2 2 308 367 58
228 2 2 2 2 59 305 60
229 2 2 2 2 59 367 305
230 2 2 2 2 60 407 61
231 2 2 2 2 305 407 60
232 2 2 2 2 61 406 62
233 2 2 2 2 61 407 406
234 2 2 2 2 62 297 63
235 2 2 2 2 62 406 297
236 2 2 2 2 63 388 64
237 2 2 2 2 297 388 63
238 2 2 2 2 64 404 65
239 2 2 2 2 388 404 64
240 2 2 2 2 65 294 66
241 2 2 2 2 65 404 294
242 2 2 2 2 66 376 67
243 2 2 2 2 294 376 66
244 2 2 2 2 67 362 68
245 2 2 2 2 67 376 362
246 2 2 2 2 68 306 69
247 2 2 2 2 68 362 306
248 2 2 2 2 69 381 70
249 2 2 2 2 306 381 69
250 2 2 2 2 381 414 70
251 2 2 2 2 71 371 72
252 2 2 2 2 71 414 371
253 2 2 2 2 72 312 73
254 2 2 2 2 72 371 312
255 2 2 2 2 73 382 74
256 2 2 2 2 312 382 73
257 2 2 2 2 382 411 74
258 2 2 2 2 76 315 75
259 2 2 2 2 315 413 75
260 2 2 2 2 77 360 76
261 2 2 2 2 76 360 315
262 2 2 2 2 78 310 77
263 2 2 2 2 310 360 77
264 2 2 2 2 79 373 78
265 2 2 2 2 78 373 310
266 2 2 2 2 80 356 79
267 2 2 2 2 356 373 79
268 2 2 2 2 81 303 80
269 2 2 2 2 303 356 80
270 2 2 2 2 82 357 81
271 2 2 2 2 81 357 303
272 2 2 2 2 83 295 82
273 2 2 2 2 295 357 82
274 2 2 2 2 84 369 83
275 2 2 2 2 83 369 295
276 2 2 2 2 85 298 84
277 2 2 2 2 298 369 84
278 2 2 2 2 86 358 85
279 2 2 2 2 85 358 298
280 2 2 2 2 87 296 86
281 2 2 2 2 296 358 86
282 2 2 2 2 88 374 87
283 2 2 2 2 87 374 296
284 2 2 2 2 89 299 88
285 2 2 2 2 299 374 88
286 2 2 2 2 90 359 89
287 2 2 2 2 89 359 299
288 2 2 2 2 91 311 90
289 2 2 2 2 311 359 90
290 2 2 2 2 92 372 91
291 2 2 2 2 91 372 311
292 2 2 2 2 93 304 92
293 2 2 2 2 304 372 92
294 2 2 2 2 94 316 93
295 2 2 2 2 93 316 304
296 2 2 2 2 95 377 94
297 2 2 2 2 94 377 316
298 2 2 2 2 96 300 95
299 2 2 2 2 300 377 95
300 2 2 2 2 97 378 96
301 2 2 2 2 96 378 300
302 2 2 2 2 98 314 97
303 2 2 2 2 314 378 97
304 2 2 2 2 98 411 314
305 2 2 2 2 294 387 376
306 2 2 2 2 294 390 387
307 2 2 2 2 294 404 390
308 2 2 2 2 340 342 295
309 2 2 2 2 295 369 340
310 2 2 2 2 342 357 295
311 2 2 2 2 332 334 296
312 2 2 2 2 296 374 332
313 2 2 2 2 334 358 296
314 2 2 2 2 297 405 388
315 2 2 2 2 392 405 297
316 2 2 2 2 297 406 392
317 2 2 2 2 336 338 298
318 2 2 2 2 298 358 336
319 2 2 2 2 338 369 298
320 2 2 2 2 327 330 299
321 2 2 2 2 299 359 327
322 2 2 2 2 330 374 299
323 2 2 2 2 300 389 377
324 2 2 2 2 378 395 300
325 2 2 2 2 300 395 389
326 2 2 2 2 301 386 383
327 2 2 2 2 384 418 301
328 2 2 2 2 301 418 386
329 2 2 2 2 368 402 302
330 2 2 2 2 302 409 393
331 2 2 2 2 402 409 302
332 2 2 2 2 344 346 303
333 2 2 2 2 303 357 344
334 2 2 2 2 346 356 303
335 2 2 2 2 316 317 304
336 2 2 2 2 317 319 304
337 2 2 2 2 319 372 304
338 2 2 2 2 367 396 305
339 2 2 2 2 305 396 391
340 2 2 2 2 391 407 305
341 2 2 2 2 362 363 306
342 2 2 2 2 363 380 306
343 2 2 2 2 380 381 306
344 2 2 2 2 361 400 307
345 2 2 2 2 307 399 375
346 2 2 2 2 307 400 399
347 2 2 2 2 308 397 367
348 2 2 2 2 375 398 308
349 2 2 2 2 308 398 397
350 2 2 2 2 309 401 361
351 2 2 2 2 394 401 309
352 2 2 2 2 309 408 394
353 2 2 2 2 351 353 310
354 2 2 2 2 310 373 351
355 2 2 2 2 353 360 310
356 2 2 2 2 323 325 311
357 2 2 2 2 311 372 323
358 2 2 2 2 325 359 311
359 2 2 2 2 371 417 312
360 2 2 2 2 312 385 382
361 2 2 2 2 312 417 385
362 2 2 2 2 313 403 368
363 2 2 2 2 370 415 313
364 2 2 2 2 313 415 403
365 2 2 2 2 314 416 378
366 2 2 2 2 382 385 314
367 2 2 2 2 314 411 382
368 2 2 2 2 385 416 314
369 2 2 2 2 315 360 355
370 2 2 2 2 355 384 315
371 2 2 2 2 384 413 315
372 2 2 2 2 316 318 317
373 2 2 2 2 316 377 318
374 2 2 2 2 318 379 317
375 2 2 2 2 317 320 319
376 2 2 2 2 317 379 320
377 2 2 2 2 377 389 318
378 2 2 2 2 318 410 379
379 2 2 2 2 389 410 318
380 2 2 2 2 320 321 319
381 2 2 2 2 321 323 319
382 2 2 2 2 323 372 319
383 2 2 2 2 320 322 321
384 2 2 2 2 320 390 322
385 2 2 2 2 379 390 320
386 2 2 2 2 322 405 321
387 2 2 2 2 321 324 323
388 2 2 2 2 321 405 324
389 2 2 2 2 322 404 388
390 2 2 2 2 388 405 322
391 2 2 2 2 390 404 322
392 2 2 2 2 324 325 323
393 2 2 2 2 324 326 325
394 2 2 2 2 324 392 326
395 2 2 2 2 324 405 392
396 2 2 2 2 326 327 325
397 2 2 2 2 327 359 325
398 2 2 2 2 326 328 327
399 2 2 2 2 326 329 328
400 2 2 2 2 326 392 329
401 2 2 2 2 328 330 327
402 2 2 2 2 329 391 328
403 2 2 2 2 328 331 330
404 2 2 2 2 328 391 331
405 2 2 2 2 329 407 391
406 2 2 2 2 392 406 329
407 2 2 2 2 406 407 329
408 2 2 2 2 331 332 330
409 2 2 2 2 332 374 330
410 2 2 2 2 331 333 332
411 2 2 2 2 331 396 333
412 2 2 2 2 391 396 331
413 2 2 2 2 333 334 332
414 2 2 2 2 333 335 334
415 2 2 2 2 333 397 335
416 2 2 2 2 396 397 333
417 2 2 2 2 335 336 334
418 2 2 2 2 336 358 334
419 2 2 2 2 335 337 336
420 2 2 2 2 335 398 337
421 2 2 2 2 397 398 335
422 2 2 2 2 337 338 336
423 2 2 2 2 337 339 338
424 2 2 2 2 337 399 339
425 2 2 2 2 398 399 337
426 2 2 2 2 339 340 338
427 2 2 2 2 340 369 338
428 2 2 2 2 339 341 340
429 2 2 2 2 339 400 341
430 2 2 2 2 399 400 339
431 2 2 2 2 341 342 340
432 2 2 2 2 341 343 342
433 2 2 2 2 341 401 343
434 2 2 2 2 400 401 341
435 2 2 2 2 343 344 342
436 2 2 2 2 344 357 342
437 2 2 2 2 343 345 344
438 2 2 2 2 343 394 345
439 2 2 2 2 343 401 394
440 2 2 2 2 345 346 344
441 2 2 2 2 345 347 346
442 2 2 2 2 345 350 347
443 2 2 2 2 345 394 350
444 2 2 2 2 347 348 346
445 2 2 2 2 348 356 346
446 2 2 2 2 347 349 348
447 2 2 2 2 347 409 349
448 2 2 2 2 350 409 347
449 2 2 2 2 349 351 348
450 2 2 2 2 351 373 348
451 2 2 2 2 348 373 356
452 2 2 2 2 349 352 351
453 2 2 2 2 349 402 352
454 2 2 2 2 349 409 402
455 2 2 2 2 350 408 393
456 2 2 2 2 393 409 350
457 2 2 2 2 394 408 350
458 2 2 2 2 352 353 351
459 2 2 2 2 352 354 353
460 2 2 2 2 352 403 354
461 2 2 2 2 402 403 352
462 2 2 2 2 354 355 353
463 2 2 2 2 355 360 353
464 2 2 2 2 354 418 355
465 2 2 2 2 354 415 386
466 2 2 2 2 386 418 354
467 2 2 2 2 403 415 354
468 2 2 2 2 355 418 384
469 2 2 2 2 361 401 400
470 2 2 2 2 362 364 363
471 2 2 2 2 362 376 364
472 2 2 2 2 364 365 363
473 2 2 2 2 365 366 363
474 2 2 2 2 366 380 363
475 2 2 2 2 364 410 365
476 2 2 2 2 376 387 364
477 2 2 2 2 387 410 364
478 2 2 2 2 365 395 366
479 2 2 2 2 389 395 365
480 2 2 2 2 365 410 389
481 2 2 2 2 366 417 380
482 2 2 2 2 366 416 385
483 2 2 2 2 385 417 366
484 2 2 2 2 395 416 366
485 2 2 2 2 367 397 396
486 2 2 2 2 368 403 402
487 2 2 2 2 383 386 370
488 2 2 2 2 370 412 383
489 2 2 2 2 386 415 370
490 2 2 2 2 371 381 380
491 2 2 2 2 380 417 371
492 2 2 2 2 371 414 381
493 2 2 2 2 375 399 398
494 2 2 2 2 378 416 395
495 2 2 2 2 387 390 379
496 2 2 2 2 379 410 387
497 2 2 2 3 1 773 15
498 2 2 2 3 75 773 1
499 2 2 2 3 28 771 3
500 2 2 2 3 3 771 99
501 2 2 2 3 6 770 98
502 2 2 2 3 123 770 6
503 2 2 2 3 122 772 7
504 2 2 2 3 7 772 136
505 2 2 2 3 8 564 137
506 2 2 2 3 154 452 8
507 2 2 2 3 452 564 8
508 2 2 2 3 15 733 16
509 2 2 2 3 15 773 733
510 2 2 2 3 16 453 17
511 2 2 2 3 16 733 453
512 2 2 2 3 17 741 18
513 2 2 2 3 453 741 17
514 2 2 2 3 18 424 19
515 2 2 2 3 18 741 424
516 2 2 2 3 19 669 20
517 2 2 2 3 424 669 19
518 2 2 2 3 20 667 21
519 2 2 2 3 20 669 667
520 2 2 2 3 21 420 22
521 2 2 2 3 21 667 420
522 2 2 2 3 22 735 23
523 2 2 2 3 420 735 22
524 2 2 2 3 23 734 24
525 2 2 2 3 23 735 734
526 2 2 2 3 24 428 25
527 2 2 2 3 24 734 428
528 2 2 2 3 25 672 26
529 2 2 2 3 428 672 25
530 2 2 2 3 26 454 27
531 2 2 2 3 26 672 454
532 2 2 2 3 27 716 28
533 2 2 2 3 454 716 27
534 2 2 2 3 716 771 28
535 2 2 2 3 76 762 75
536 2 2 2 3 762 773 75
537 2 2 2 3 77 440 76
538 2 2 2 3 440 762 76
539 2 2 2 3 78 752 77
540 2 2 2 3 77 752 440
541 2 2 2 3 79 427 78
542 2 2 2 3 427 752 78
543 2 2 2 3 80 666 79
544 2 2 2 3 79 666 427
545 2 2 2 3 81 665 80
546 2 2 2 3 665 666 80
547 2 2 2 3 82 422 81
548 2 2 2 3 422 665 81
549 2 2 2 3 83 754 82
550 2 2 2 3 82 754 422
551 2 2 2 3 84 654 83
552 2 2 2 3 654 754 83
553 2 2 2 3 85 426 84
554 2 2 2 3 426 654 84
555 2 2 2 3 86 651 85
556 2 2 2 3 85 651 426
557 2 2 2 3 87 649 86
558 2 2 2 3 649 651 86
559 2 2 2 3 88 434 87
560 2 2 2 3 434 649 87
561 2 2 2 3 89 631 88
562 2 2 2 3 88 631 434
563 2 2 2 3 90 444 89
564 2 2 2 3 444 631 89
565 2 2 2 3 91 624 90
566 2 2 2 3 90 624 444
567 2 2 2 3 92 448 91
568 2 2 2 3 448 624 91
569 2 2 2 3 93 627 92
570 2 2 2 3 92 627 448
571 2 2 2 3 94 445 93
572 2 2 2 3 445 627 93
573 2 2 2 3 95 633 94
574 2 2 2 3 94 633 445
575 2 2 2 3 96 437 95
576 2 2 2 3 437 633 95
577 2 2 2 3 97 640 96
578 2 2 2 3 96 640 437
579 2 2 2 3 98 456 97
580 2 2 2 3 456 640 97
581 2 2 2 3 98 770 456
582 2 2 2 3 99 674 100
583 2 2 2 3 99 771 674
584 2 2 2 3 100 439 101
585 2 2 2 3 100 674 439
586 2 2 2 3 101 671 102
587 2 2 2 3 439 671 101
588 2 2 2 3 102 423 103
589 2 2 2 3 102 671 423
590 2 2 2 3 103 661 104
591 2 2 2 3 423 661 103
592 2 2 2 3 104 659 105
593 2 2 2 3 104 661 659
594 2 2 2 3 105 421 106
595 2 2 2 3 105 659 421
596 2 2 2 3 106 656 107
597 2 2 2 3 421 656 106
598 2 2 2 3 107 655 108
599 2 2 2 3 107 656 655
600 2 2 2 3 108 425 109
601 2 2 2 3 108 655 425
602 2 2 2 3 109 647 110
603 2 2 2 3 425 647 109
604 2 2 2 3 110 645 111
605 2 2 2 3 110 647 645
606 2 2 2 3 111 433 112
607 2 2 2 3 111 645 433
608 2 2 2 3 112 632 113
609 2 2 2 3 433 632 112
610 2 2 2 3 113 443 114
611 2 2 2 3 113 632 443
612 2 2 2 3 114 625 115
613 2 2 2 3 443 625 114
614 2 2 2 3 115 447 116
615 2 2 2 3 115 625 447
616 2 2 2 3 116 626 117
617 2 2 2 3 447 626 116
618 2 2 2 3 117 446 118
619 2 2 2 3 117 626 446
620 2 2 2 3 118 712 119
621 2 2 2 3 446 712 118
622 2 2 2 3 119 438 120
623 2 2 2 3 119 712 438
624 2 2 2 3 120 644 121
625 2 2 2 3 438 644 120
626 2 2 2 3 121 455 122
627 2 2 2 3 121 644 455
628 2 2 2 3 455 772 122
629 2 2 2 3 124 642 123
630 2 2 2 3 642 770 123
631 2 2 2 3 125 756 124
632 2 2 2 3 124 756 642
633 2 2 2 3 126 436 125
634 2 2 2 3 436 756 125
635 2 2 2 3 127 629 126
636 2 2 2 3 126 629 436
637 2 2 2 3 128 442 127
638 2 2 2 3 442 629 127
639 2 2 2 3 129 623 128
640 2 2 2 3 128 623 442
641 2 2 2 3 130 449 129
642 2 2 2 3 449 623 129
643 2 2 2 3 131 721 130
644 2 2 2 3 130 721 449
645 2 2 2 3 132 441 131
646 2 2 2 3 441 721 131
647 2 2 2 3 133 630 132
648 2 2 2 3 132 630 441
649 2 2 2 3 134 435 133
650 2 2 2 3 435 630 133
651 2 2 2 3 135 707 134
652 2 2 2 3 134 707 435
653 2 2 2 3 136 725 135
654 2 2 2 3 135 725 707
655 2 2 2 3 136 772 725
656 2 2 2 3 137 717 138
657 2 2 2 3 564 605 137
658 2 2 2 3 605 717 137
659 2 2 2 3 138 432 139
660 2 2 2 3 138 717 432
661 2 2 2 3 139 552 140
662 2 2 2 3 432 552 139
663 2 2 2 3 140 718 141
664 2 2 2 3 552 556 140
665 2 2 2 3 556 718 140
666 2 2 2 3 141 450 142
667 2 2 2 3 141 718 450
668 2 2 2 3 142 766 143
669 2 2 2 3 450 561 142
670 2 2 2 3 561 766 142
671 2 2 2 3 143 429 144
672 2 2 2 3 143 766 429
673 2 2 2 3 144 614 145
674 2 2 2 3 429 614 144
675 2 2 2 3 145 419 146
676 2 2 2 3 145 614 419
677 2 2 2 3 146 790 147
678 2 2 2 3 419 457 146
679 2 2 2 3 457 790 146
680 2 2 2 3 147 430 148
681 2 2 2 3 147 790 430
682 2 2 2 3 148 544 149
683 2 2 2 3 430 544 148
684 2 2 2 3 149 451 150
685 2 2 2 3 149 760 451
686 2 2 2 3 544 760 149
687 2 2 2 3 150 567 151
688 2 2 2 3 451 567 150
689 2 2 2 3 151 545 152
690 2 2 2 3 151 729 545
691 2 2 2 3 567 729 151
692 2 2 2 3 152 431 153
693 2 2 2 3 152 545 431
694 2 2 2 3 153 597 154
695 2 2 2 3 431 597 153
696 2 2 2 3 154 597 452
697 2 2 2 3 419 458 457
698 2 2 2 3 419 687 458
699 2 2 2 3 614 687 419
700 2 2 2 3 600 735 420
701 2 2 2 3 420 778 600
702 2 2 2 3 667 668 420
703 2 2 2 3 668 778 420
704 2 2 2 3 421 657 656
705 2 2 2 3 421 658 657
706 2 2 2 3 421 659 658
707 2 2 2 3 422 608 607
708 2 2 2 3 607 745 422
709 2 2 2 3 422 754 608
710 2 2 2 3 422 745 665
711 2 2 2 3 423 671 606
712 2 2 2 3 606 738 423
713 2 2 2 3 423 738 661
714 2 2 2 3 424 741 601
715 2 2 2 3 601 780 424
716 2 2 2 3 424 670 669
717 2 2 2 3 424 780 670
718 2 2 2 3 425 648 647
719 2 2 2 3 425 751 648
720 2 2 2 3 655 751 425
721 2 2 2 3 651 652 426
722 2 2 2 3 652 750 426
723 2 2 2 3 426 750 654
724 2 2 2 3 427 681 611
725 2 2 2 3 611 752 427
726 2 2 2 3 666 732 427
727 2 2 2 3 427 732 681
728 2 2 2 3 428 734 603
729 2 2 2 3 603 779 428
730 2 2 2 3 428 673 672
731 2 2 2 3 428 779 673
732 2 2 2 3 429 731 614
733 2 2 2 3 429 676 675
734 2 2 2 3 675 731 429
735 2 2 2 3 429 766 676
736 2 2 2 3 430 759 544
737 2 2 2 3 430 719 677
738 2 2 2 3 677 759 430
739 2 2 2 3 430 790 719
740 2 2 2 3 545 546 431
741 2 2 2 3 546 547 431
742 2 2 2 3 547 763 431
743 2 2 2 3 431 763 597
744 2 2 2 3 432 553 552
745 2 2 2 3 432 554 553
746 2 2 2 3 432 717 554
747 2 2 2 3 433 722 632
748 2 2 2 3 645 646 433
749 2 2 2 3 646 722 433
750 2 2 2 3 631 720 434
751 2 2 2 3 434 650 649
752 2 2 2 3 434 720 650
753 2 2 2 3 620 702 435
754 2 2 2 3 435 707 620
755 2 2 2 3 435 777 630
756 2 2 2 3 702 777 435
757 2 2 2 3 629 787 436
758 2 2 2 3 436 753 643
759 2 2 2 3 643 756 436
760 2 2 2 3 436 787 753
761 2 2 2 3 437 786 633
762 2 2 2 3 640 713 437
763 2 2 2 3 713 786 437
764 2 2 2 3 438 712 604
765 2 2 2 3 604 758 438
766 2 2 2 3 438 758 644
767 2 2 2 3 610 755 439
768 2 2 2 3 439 757 610
769 2 2 2 3 439 755 671
770 2 2 2 3 674 757 439
771 2 2 2 3 440 611 609
772 2 2 2 3 609 612 440
773 2 2 2 3 440 752 611
774 2 2 2 3 612 762 440
775 2 2 2 3 617 721 441
776 2 2 2 3 441 747 617
777 2 2 2 3 630 747 441
778 2 2 2 3 623 764 442
779 2 2 2 3 442 744 629
780 2 2 2 3 442 764 744
781 2 2 2 3 443 783 625
782 2 2 2 3 632 749 443
783 2 2 2 3 749 783 443
784 2 2 2 3 624 784 444
785 2 2 2 3 444 748 631
786 2 2 2 3 444 784 748
787 2 2 2 3 445 628 627
788 2 2 2 3 445 711 628
789 2 2 2 3 633 711 445
790 2 2 2 3 626 730 446
791 2 2 2 3 446 788 712
792 2 2 2 3 730 788 446
793 2 2 2 3 447 625 613
794 2 2 2 3 613 724 447
795 2 2 2 3 447 724 626
796 2 2 2 3 448 698 624
797 2 2 2 3 627 715 448
798 2 2 2 3 448 715 698
799 2 2 2 3 449 785 623
800 2 2 2 3 697 785 449
801 2 2 2 3 449 794 697
802 2 2 2 3 721 794 449
803 2 2 2 3 450 562 561
804 2 2 2 3 450 563 562
805 2 2 2 3 450 718 563
806 2 2 2 3 451 568 567
807 2 2 2 3 451 569 568
808 2 2 2 3 451 760 569
809 2 2 2 3 452 565 564
810 2 2 2 3 452 576 565
811 2 2 2 3 452 597 576
812 2 2 2 3 601 741 453
813 2 2 2 3 453 743 601
814 2 2 2 3 453 733 612
815 2 2 2 3 612 743 453
816 2 2 2 3 672 776 454
817 2 2 2 3 454 757 716
818 2 2 2 3 740 757 454
819 2 2 2 3 454 776 740
820 2 2 2 3 621 725 455
821 2 2 2 3 455 791 621
822 2 2 2 3 644 791 455
823 2 2 2 3 725 772 455
824 2 2 2 3 456 641 640
825 2 2 2 3 456 642 641
826 2 2 2 3 456 770 642
827 2 2 2 3 458 459 457
828 2 2 2 3 459 719 457
829 2 2 2 3 719 790 457
830 2 2 2 3 458 460 459
831 2 2 2 3 458 461 460
832 2 2 2 3 458 687 461
833 2 2 2 3 460 481 459
834 2 2 2 3 481 527 459
835 2 2 2 3 527 719 459
836 2 2 2 3 461 462 460
837 2 2 2 3 462 691 460
838 2 2 2 3 460 691 481
839 2 2 2 3 461 463 462
840 2 2 2 3 461 492 463
841 2 2 2 3 461 687 492
842 2 2 2 3 463 464 462
843 2 2 2 3 464 465 462
844 2 2 2 3 465 691 462
845 2 2 2 3 463 694 464
846 2 2 2 3 492 495 463
847 2 2 2 3 495 694 463
848 2 2 2 3 464 466 465
849 2 2 2 3 464 467 466
850 2 2 2 3 464 694 467
851 2 2 2 3 466 693 465
852 2 2 2 3 465 700 691
853 2 2 2 3 693 700 465
854 2 2 2 3 467 468 466
855 2 2 2 3 468 469 466
856 2 2 2 3 469 693 466
857 2 2 2 3 467 690 468
858 2 2 2 3 639 690 467
859 2 2 2 3 467 694 639
860 2 2 2 3 468 470 469
861 2 2 2 3 468 471 470
862 2 2 2 3 468 690 471
863 2 2 2 3 470 683 469
864 2 2 2 3 469 683 637
865 2 2 2 3 637 693 469
866 2 2 2 3 471 472 470
867 2 2 2 3 472 473 470
868 2 2 2 3 473 683 470
869 2 2 2 3 471 474 472
870 2 2 2 3 471 653 474
871 2 2 2 3 471 690 653
872 2 2 2 3 472 684 473
873 2 2 2 3 474 475 472
874 2 2 2 3 475 684 472
875 2 2 2 3 473 680 622
876 2 2 2 3 622 683 473
877 2 2 2 3 473 684 680
878 2 2 2 3 474 476 475
879 2 2 2 3 474 477 476
880 2 2 2 3 474 653 477
881 2 2 2 3 476 479 475
882 2 2 2 3 479 480 475
883 2 2 2 3 480 684 475
884 2 2 2 3 477 478 476
885 2 2 2 3 478 689 476
886 2 2 2 3 476 689 479
887 2 2 2 3 477 482 478
888 2 2 2 3 477 487 482
889 2 2 2 3 477 653 487
890 2 2 2 3 482 483 478
891 2 2 2 3 483 484 478
892 2 2 2 3 484 689 478
893 2 2 2 3 479 485 480
894 2 2 2 3 479 692 485
895 2 2 2 3 689 692 479
896 2 2 2 3 485 486 480
897 2 2 2 3 486 664 480
898 2 2 2 3 664 684 480
899 2 2 2 3 481 529 527
900 2 2 2 3 481 531 529
901 2 2 2 3 481 691 531
902 2 2 2 3 482 688 483
903 2 2 2 3 487 488 482
904 2 2 2 3 488 688 482
905 2 2 2 3 483 493 484
906 2 2 2 3 483 497 493
907 2 2 2 3 483 688 497
908 2 2 2 3 493 494 484
909 2 2 2 3 494 678 484
910 2 2 2 3 678 689 484
911 2 2 2 3 485 498 486
912 2 2 2 3 485 501 498
913 2 2 2 3 485 692 501
914 2 2 2 3 498 499 486
915 2 2 2 3 499 500 486
916 2 2 2 3 500 664 486
917 2 2 2 3 487 489 488
918 2 2 2 3 487 638 489
919 2 2 2 3 487 653 638
920 2 2 2 3 489 490 488
921 2 2 2 3 490 525 488
922 2 2 2 3 525 688 488
923 2 2 2 3 489 491 490
924 2 2 2 3 489 528 491
925 2 2 2 3 489 638 528
926 2 2 2 3 491 513 490
927 2 2 2 3 513 710 490
928 2 2 2 3 490 710 525
929 2 2 2 3 491 514 513
930 2 2 2 3 491 634 514
931 2 2 2 3 528 634 491
932 2 2 2 3 492 496 495
933 2 2 2 3 492 536 496
934 2 2 2 3 492 687 536
935 2 2 2 3 493 515 494
936 2 2 2 3 497 685 493
937 2 2 2 3 493 685 515
938 2 2 2 3 515 516 494
939 2 2 2 3 516 526 494
940 2 2 2 3 526 678 494
941 2 2 2 3 496 704 495
942 2 2 2 3 495 696 694
943 2 2 2 3 495 704 696
944 2 2 2 3 536 537 496
945 2 2 2 3 537 538 496
946 2 2 2 3 538 704 496
947 2 2 2 3 660 685 497
948 2 2 2 3 497 728 660
949 2 2 2 3 688 728 497
950 2 2 2 3 498 736 499
951 2 2 2 3 501 579 498
952 2 2 2 3 579 736 498
953 2 2 2 3 499 502 500
954 2 2 2 3 499 512 502
955 2 2 2 3 499 736 512
956 2 2 2 3 502 503 500
957 2 2 2 3 503 663 500
958 2 2 2 3 663 664 500
959 2 2 2 3 501 580 579
960 2 2 2 3 501 699 580
961 2 2 2 3 692 699 501
962 2 2 2 3 502 504 503
963 2 2 2 3 502 739 504
964 2 2 2 3 512 739 502
965 2 2 2 3 504 505 503
966 2 2 2 3 505 506 503
967 2 2 2 3 506 663 503
968 2 2 2 3 504 509 505
969 2 2 2 3 504 582 509
970 2 2 2 3 504 739 582
971 2 2 2 3 505 507 506
972 2 2 2 3 505 682 507
973 2 2 2 3 509 682 505
974 2 2 2 3 507 508 506
975 2 2 2 3 508 662 506
976 2 2 2 3 662 663 506
977 2 2 2 3 507 510 508
978 2 2 2 3 507 574 510
979 2 2 2 3 507 682 574
980 2 2 2 3 510 511 508
981 2 2 2 3 511 517 508
982 2 2 2 3 517 662 508
983 2 2 2 3 582 583 509
984 2 2 2 3 583 584 509
985 2 2 2 3 584 682 509
986 2 2 2 3 510 686 511
987 2 2 2 3 574 575 510
988 2 2 2 3 575 686 510
989 2 2 2 3 511 518 517
990 2 2 2 3 511 519 518
991 2 2 2 3 511 686 519
992 2 2 2 3 512 736 668
993 2 2 2 3 668 737 512
994 2 2 2 3 512 737 670
995 2 2 2 3 670 739 512
996 2 2 2 3 514 586 513
997 2 2 2 3 586 587 513
998 2 2 2 3 587 710 513
999 2 2 2 3 514 706 586
1000 2 2 2 3 634 705 514
1001 2 2 2 3 705 706 514
1002 2 2 2 3 515 571 516
1003 2 2 2 3 515 606 571
1004 2 2 2 3 515 685 606
1005 2 2 2 3 516 742 526
1006 2 2 2 3 571 581 516
1007 2 2 2 3 581 742 516
1008 2 2 2 3 518 578 517
1009 2 2 2 3 578 622 517
1010 2 2 2 3 622 662 517
1011 2 2 2 3 519 520 518
1012 2 2 2 3 520 635 518
1013 2 2 2 3 518 635 578
1014 2 2 2 3 519 521 520
1015 2 2 2 3 519 607 521
1016 2 2 2 3 519 686 607
1017 2 2 2 3 521 522 520
1018 2 2 2 3 522 523 520
1019 2 2 2 3 523 635 520
1020 2 2 2 3 521 679 522
1021 2 2 2 3 607 608 521
1022 2 2 2 3 608 679 521
1023 2 2 2 3 522 524 523
1024 2 2 2 3 522 585 524
1025 2 2 2 3 522 679 585
1026 2 2 2 3 524 695 523
1027 2 2 2 3 523 636 635
1028 2 2 2 3 523 695 636
1029 2 2 2 3 585 709 524
1030 2 2 2 3 524 708 695
1031 2 2 2 3 524 709 708
1032 2 2 2 3 525 728 688
1033 2 2 2 3 710 782 525
1034 2 2 2 3 525 782 728
1035 2 2 2 3 526 699 678
1036 2 2 2 3 526 701 699
1037 2 2 2 3 526 742 701
1038 2 2 2 3 529 530 527
1039 2 2 2 3 530 677 527
1040 2 2 2 3 677 719 527
1041 2 2 2 3 528 696 634
1042 2 2 2 3 638 639 528
1043 2 2 2 3 639 696 528
1044 2 2 2 3 529 532 530
1045 2 2 2 3 531 708 529
1046 2 2 2 3 529 708 532
1047 2 2 2 3 532 533 530
1048 2 2 2 3 533 534 530
1049 2 2 2 3 534 677 530
1050 2 2 2 3 691 700 531
1051 2 2 2 3 531 700 695
1052 2 2 2 3 695 708 531
1053 2 2 2 3 532 535 533
1054 2 2 2 3 532 709 535
1055 2 2 2 3 708 709 532
1056 2 2 2 3 533 572 534
1057 2 2 2 3 535 792 533
1058 2 2 2 3 533 792 572
1059 2 2 2 3 572 767 534
1060 2 2 2 3 615 759 534
1061 2 2 2 3 534 767 615
1062 2 2 2 3 534 759 677
1063 2 2 2 3 535 709 652
1064 2 2 2 3 652 726 535
1065 2 2 2 3 726 792 535
1066 2 2 2 3 536 731 537
1067 2 2 2 3 536 687 614
1068 2 2 2 3 614 731 536
1069 2 2 2 3 537 539 538
1070 2 2 2 3 537 675 539
1071 2 2 2 3 537 731 675
1072 2 2 2 3 539 540 538
1073 2 2 2 3 540 705 538
1074 2 2 2 3 538 705 704
1075 2 2 2 3 539 541 540
1076 2 2 2 3 539 542 541
1077 2 2 2 3 539 675 542
1078 2 2 2 3 541 543 540
1079 2 2 2 3 543 706 540
1080 2 2 2 3 540 706 705
1081 2 2 2 3 542 573 541
1082 2 2 2 3 541 793 543
1083 2 2 2 3 573 793 541
1084 2 2 2 3 542 714 573
1085 2 2 2 3 675 676 542
1086 2 2 2 3 676 714 542
1087 2 2 2 3 648 706 543
1088 2 2 2 3 543 727 648
1089 2 2 2 3 543 793 727
1090 2 2 2 3 544 759 615
1091 2 2 2 3 615 760 544
1092 2 2 2 3 545 551 546
1093 2 2 2 3 545 729 551
1094 2 2 2 3 546 548 547
1095 2 2 2 3 546 723 548
1096 2 2 2 3 551 723 546
1097 2 2 2 3 548 549 547
1098 2 2 2 3 549 550 547
1099 2 2 2 3 550 763 547
1100 2 2 2 3 548 570 549
1101 2 2 2 3 548 591 570
1102 2 2 2 3 548 723 591
1103 2 2 2 3 549 588 550
1104 2 2 2 3 570 703 549
1105 2 2 2 3 549 703 588
1106 2 2 2 3 588 765 550
1107 2 2 2 3 746 763 550
1108 2 2 2 3 550 765 746
1109 2 2 2 3 551 789 723
1110 2 2 2 3 729 769 551
1111 2 2 2 3 769 789 551
1112 2 2 2 3 553 598 552
1113 2 2 2 3 552 598 556
1114 2 2 2 3 554 555 553
1115 2 2 2 3 555 560 553
1116 2 2 2 3 560 598 553
1117 2 2 2 3 554 557 555
1118 2 2 2 3 554 558 557
1119 2 2 2 3 554 717 558
1120 2 2 2 3 557 559 555
1121 2 2 2 3 559 618 555
1122 2 2 2 3 555 618 560
1123 2 2 2 3 598 599 556
1124 2 2 2 3 599 761 556
1125 2 2 2 3 556 761 718
1126 2 2 2 3 558 590 557
1127 2 2 2 3 557 702 559
1128 2 2 2 3 590 702 557
1129 2 2 2 3 558 616 590
1130 2 2 2 3 605 616 558
1131 2 2 2 3 558 717 605
1132 2 2 2 3 559 619 618
1133 2 2 2 3 559 620 619
1134 2 2 2 3 559 702 620
1135 2 2 2 3 560 602 598
1136 2 2 2 3 560 604 602
1137 2 2 2 3 560 618 604
1138 2 2 2 3 562 781 561
1139 2 2 2 3 676 766 561
1140 2 2 2 3 561 781 676
1141 2 2 2 3 563 593 562
1142 2 2 2 3 593 594 562
1143 2 2 2 3 594 781 562
1144 2 2 2 3 563 613 593
1145 2 2 2 3 563 761 613
1146 2 2 2 3 718 761 563
1147 2 2 2 3 565 566 564
1148 2 2 2 3 566 605 564
1149 2 2 2 3 565 697 566
1150 2 2 2 3 576 589 565
1151 2 2 2 3 589 697 565
1152 2 2 2 3 566 616 605
1153 2 2 2 3 566 617 616
1154 2 2 2 3 566 697 617
1155 2 2 2 3 568 577 567
1156 2 2 2 3 577 729 567
1157 2 2 2 3 569 595 568
1158 2 2 2 3 568 698 577
1159 2 2 2 3 595 698 568
1160 2 2 2 3 569 596 595
1161 2 2 2 3 569 615 596
1162 2 2 2 3 569 760 615
1163 2 2 2 3 591 713 570
1164 2 2 2 3 570 768 703
1165 2 2 2 3 713 768 570
1166 2 2 2 3 571 610 581
1167 2 2 2 3 606 755 571
1168 2 2 2 3 571 755 610
1169 2 2 2 3 650 720 572
1170 2 2 2 3 572 792 650
1171 2 2 2 3 720 767 572
1172 2 2 2 3 573 722 646
1173 2 2 2 3 646 793 573
1174 2 2 2 3 714 775 573
1175 2 2 2 3 573 775 722
1176 2 2 2 3 574 732 575
1177 2 2 2 3 574 682 681
1178 2 2 2 3 681 732 574
1179 2 2 2 3 575 666 665
1180 2 2 2 3 665 745 575
1181 2 2 2 3 575 732 666
1182 2 2 2 3 575 745 686
1183 2 2 2 3 576 592 589
1184 2 2 2 3 576 746 592
1185 2 2 2 3 597 746 576
1186 2 2 2 3 698 715 577
1187 2 2 2 3 715 769 577
1188 2 2 2 3 577 769 729
1189 2 2 2 3 578 683 622
1190 2 2 2 3 635 637 578
1191 2 2 2 3 637 683 578
1192 2 2 2 3 580 600 579
1193 2 2 2 3 600 778 579
1194 2 2 2 3 579 778 736
1195 2 2 2 3 580 603 600
1196 2 2 2 3 580 701 603
1197 2 2 2 3 699 701 580
1198 2 2 2 3 610 740 581
1199 2 2 2 3 673 742 581
1200 2 2 2 3 581 776 673
1201 2 2 2 3 740 776 581
1202 2 2 2 3 582 601 583
1203 2 2 2 3 582 780 601
1204 2 2 2 3 739 780 582
1205 2 2 2 3 583 609 584
1206 2 2 2 3 601 743 583
1207 2 2 2 3 583 743 609
1208 2 2 2 3 609 611 584
1209 2 2 2 3 611 681 584
1210 2 2 2 3 681 682 584
1211 2 2 2 3 652 709 585
1212 2 2 2 3 585 750 652
1213 2 2 2 3 679 750 585
1214 2 2 2 3 586 751 587
1215 2 2 2 3 586 706 648
1216 2 2 2 3 648 751 586
1217 2 2 2 3 587 751 655
1218 2 2 2 3 655 774 587
1219 2 2 2 3 587 774 710
1220 2 2 2 3 703 753 588
1221 2 2 2 3 753 787 588
1222 2 2 2 3 588 787 765
1223 2 2 2 3 592 764 589
1224 2 2 2 3 589 785 697
1225 2 2 2 3 764 785 589
1226 2 2 2 3 616 747 590
1227 2 2 2 3 590 777 702
1228 2 2 2 3 747 777 590
1229 2 2 2 3 591 723 711
1230 2 2 2 3 711 786 591
1231 2 2 2 3 591 786 713
1232 2 2 2 3 744 764 592
1233 2 2 2 3 592 765 744
1234 2 2 2 3 746 765 592
1235 2 2 2 3 593 783 594
1236 2 2 2 3 613 783 593
1237 2 2 2 3 594 775 714
1238 2 2 2 3 714 781 594
1239 2 2 2 3 749 775 594
1240 2 2 2 3 594 783 749
1241 2 2 2 3 596 784 595
1242 2 2 2 3 595 784 698
1243 2 2 2 3 615 767 596
1244 2 2 2 3 596 767 748
1245 2 2 2 3 748 784 596
1246 2 2 2 3 597 763 746
1247 2 2 2 3 598 730 599
1248 2 2 2 3 602 730 598
1249 2 2 2 3 599 730 724
1250 2 2 2 3 724 761 599
1251 2 2 2 3 603 734 600
1252 2 2 2 3 734 735 600
1253 2 2 2 3 604 788 602
1254 2 2 2 3 602 788 730
1255 2 2 2 3 701 779 603
1256 2 2 2 3 618 758 604
1257 2 2 2 3 712 788 604
1258 2 2 2 3 671 755 606
1259 2 2 2 3 685 738 606
1260 2 2 2 3 686 745 607
1261 2 2 2 3 654 679 608
1262 2 2 2 3 608 754 654
1263 2 2 2 3 609 743 612
1264 2 2 2 3 610 757 740
1265 2 2 2 3 733 773 612
1266 2 2 2 3 612 773 762
1267 2 2 2 3 625 783 613
1268 2 2 2 3 613 761 724
1269 2 2 2 3 617 747 616
1270 2 2 2 3 697 794 617
1271 2 2 2 3 617 794 721
1272 2 2 2 3 619 758 618
1273 2 2 2 3 620 621 619
1274 2 2 2 3 621 791 619
1275 2 2 2 3 619 791 758
1276 2 2 2 3 620 707 621
1277 2 2 2 3 707 725 621
1278 2 2 2 3 622 680 662
1279 2 2 2 3 623 785 764
1280 2 2 2 3 698 784 624
1281 2 2 2 3 724 730 626
1282 2 2 2 3 628 715 627
1283 2 2 2 3 711 789 628
1284 2 2 2 3 628 769 715
1285 2 2 2 3 628 789 769
1286 2 2 2 3 744 787 629
1287 2 2 2 3 630 777 747
1288 2 2 2 3 631 748 720
1289 2 2 2 3 722 749 632
1290 2 2 2 3 633 786 711
1291 2 2 2 3 696 704 634
1292 2 2 2 3 704 705 634
1293 2 2 2 3 636 637 635
1294 2 2 2 3 636 693 637
1295 2 2 2 3 636 700 693
1296 2 2 2 3 695 700 636
1297 2 2 2 3 638 690 639
1298 2 2 2 3 653 690 638
1299 2 2 2 3 694 696 639
1300 2 2 2 3 641 713 640
1301 2 2 2 3 642 643 641
1302 2 2 2 3 643 768 641
1303 2 2 2 3 641 768 713
1304 2 2 2 3 642 756 643
1305 2 2 2 3 643 753 703
1306 2 2 2 3 703 768 643
1307 2 2 2 3 758 791 644
1308 2 2 2 3 645 727 646
1309 2 2 2 3 647 727 645
1310 2 2 2 3 727 793 646
1311 2 2 2 3 648 727 647
1312 2 2 2 3 650 726 649
1313 2 2 2 3 649 726 651
1314 2 2 2 3 650 792 726
1315 2 2 2 3 651 726 652
1316 2 2 2 3 654 750 679
1317 2 2 2 3 656 774 655
1318 2 2 2 3 657 774 656
1319 2 2 2 3 658 782 657
1320 2 2 2 3 710 774 657
1321 2 2 2 3 657 782 710
1322 2 2 2 3 659 660 658
1323 2 2 2 3 660 728 658
1324 2 2 2 3 728 782 658
1325 2 2 2 3 659 661 660
1326 2 2 2 3 661 738 660
1327 2 2 2 3 660 738 685
1328 2 2 2 3 662 680 663
1329 2 2 2 3 663 680 664
1330 2 2 2 3 680 684 664
1331 2 2 2 3 667 737 668
1332 2 2 2 3 669 737 667
1333 2 2 2 3 736 778 668
1334 2 2 2 3 670 737 669
1335 2 2 2 3 670 780 739
1336 2 2 2 3 673 776 672
1337 2 2 2 3 673 779 742
1338 2 2 2 3 716 757 674
1339 2 2 2 3 674 771 716
1340 2 2 2 3 676 781 714
1341 2 2 2 3 678 692 689
1342 2 2 2 3 678 699 692
1343 2 2 2 3 742 779 701
1344 2 2 2 3 723 789 711
1345 2 2 2 3 748 767 720
1346 2 2 2 3 722 775 749
1347 2 2 2 3 765 787 744
1348 2 2 2 4 3 914 32
1349 2 2 2 4 99 914 3
1350 2 2 2 4 29 915 4
1351 2 2 2 4 4 915 155
1352 2 2 2 4 7 913 122
1353 2 2 2 4 182 913 7
1354 2 2 2 4 178 916 9
1355 2 2 2 4 9 916 179
1356 2 2 2 4 30 886 29
1357 2 2 2 4 886 915 29
1358 2 2 2 4 31 802 30
1359 2 2 2 4 802 886 30
1360 2 2 2 4 32 887 31
1361 2 2 2 4 31 887 802
1362 2 2 2 4 32 914 887
1363 2 2 2 4 100 863 99
1364 2 2 2 4 863 914 99
1365 2 2 2 4 101 816 100
1366 2 2 2 4 816 863 100
1367 2 2 2 4 102 859 101
1368 2 2 2 4 101 859 816
1369 2 2 2 4 103 803 102
1370 2 2 2 4 803 859 102
1371 2 2 2 4 104 874 103
1372 2 2 2 4 103 874 803
1373 2 2 2 4 105 804 104
1374 2 2 2 4 804 874 104
1375 2 2 2 4 106 830 105
1376 2 2 2 4 105 830 804
1377 2 2 2 4 107 873 106
1378 2 2 2 4 106 873 830
1379 2 2 2 4 108 811 107
1380 2 2 2 4 811 873 107
1381 2 2 2 4 109 875 108
1382 2 2 2 4 108 875 811
1383 2 2 2 4 110 812 109
1384 2 2 2 4 812 875 109
1385 2 2 2 4 111 865 110
1386 2 2 2 4 110 865 812
1387 2 2 2 4 112 810 111
1388 2 2 2 4 810 865 111
1389 2 2 2 4 113 854 112
1390 2 2 2 4 112 854 810
1391 2 2 2 4 114 807 113
1392 2 2 2 4 807 854 113
1393 2 2 2 4 115 876 114
1394 2 2 2 4 114 876 807
1395 2 2 2 4 116 808 115
1396 2 2 2 4 808 876 115
1397 2 2 2 4 117 819 116
1398 2 2 2 4 116 819 808
1399 2 2 2 4 118 795 117
1400 2 2 2 4 795 819 117
1401 2 2 2 4 119 871 118
1402 2 2 2 4 118 871 795
1403 2 2 2 4 120 801 119
1404 2 2 2 4 801 871 119
1405 2 2 2 4 121 881 120
1406 2 2 2 4 120 881 801
1407 2 2 2 4 122 817 121
1408 2 2 2 4 817 881 121
1409 2 2 2 4 122 913 817
1410 2 2 2 4 155 818 156
1411 2 2 2 4 155 915 818
1412 2 2 2 4 156 856 157
1413 2 2 2 4 818 856 156
1414 2 2 2 4 157 813 158
1415 2 2 2 4 157 856 813
1416 2 2 2 4 158 864 159
1417 2 2 2 4 813 864 158
1418 2 2 2 4 159 814 160
1419 2 2 2 4 159 864 814
1420 2 2 2 4 160 855 161
1421 2 2 2 4 814 855 160
1422 2 2 2 4 161 870 162
1423 2 2 2 4 855 870 161
1424 2 2 2 4 162 796 163
1425 2 2 2 4 162 870 796
1426 2 2 2 4 163 868 164
1427 2 2 2 4 796 868 163
1428 2 2 2 4 164 799 165
1429 2 2 2 4 164 868 799
1430 2 2 2 4 165 853 166
1431 2 2 2 4 799 853 165
1432 2 2 2 4 166 797 167
1433 2 2 2 4 166 853 797
1434 2 2 2 4 167 878 168
1435 2 2 2 4 797 878 167
1436 2 2 2 4 168 800 169
1437 2 2 2 4 168 878 800
1438 2 2 2 4 169 838 170
1439 2 2 2 4 800 838 169
1440 2 2 2 4 170 798 171
1441 2 2 2 4 170 838 798
1442 2 2 2 4 171 879 172
1443 2 2 2 4 798 879 171
1444 2 2 2 4 172 805 173
1445 2 2 2 4 172 879 805
1446 2 2 2 4 173 866 174
1447 2 2 2 4 805 866 173
1448 2 2 2 4 174 806 175
1449 2 2 2 4 174 866 806
1450 2 2 2 4 175 858 176
1451 2 2 2 4 806 858 175
1452 2 2 2 4 176 809 177
1453 2 2 2 4 176 858 809
1454 2 2 2 4 177 884 178
1455 2 2 2 4 809 884 177
1456 2 2 2 4 884 916 178
1457 2 2 2 4 179 872 180
1458 2 2 2 4 179 916 872
1459 2 2 2 4 180 815 181
1460 2 2 2 4 180 872 815
1461 2 2 2 4 181 885 182
1462 2 2 2 4 815 885 181
1463 2 2 2 4 885 913 182
1464 2 2 2 4 795 820 819
1465 2 2 2 4 795 821 820
1466 2 2 2 4 795 871 821
1467 2 2 2 4 852 868 796
1468 2 2 2 4 796 869 852
1469 2 2 2 4 796 870 869
1470 2 2 2 4 797 846 844
1471 2 2 2 4 844 878 797
1472 2 2 2 4 797 853 846
1473 2 2 2 4 838 882 798
1474 2 2 2 4 798 880 879
1475 2 2 2 4 798 882 880
1476 2 2 2 4 799 850 848
1477 2 2 2 4 848 853 799
1478 2 2 2 4 799 868 850
1479 2 2 2 4 800 839 838
1480 2 2 2 4 800 840 839
1481 2 2 2 4 800 878 840
1482 2 2 2 4 801 827 825
1483 2 2 2 4 825 871 801
1484 2 2 2 4 801 881 827
1485 2 2 2 4 802 912 886
1486 2 2 2 4 887 912 802
1487 2 2 2 4 836 862 803
1488 2 2 2 4 803 874 836
1489 2 2 2 4 803 862 859
1490 2 2 2 4 830 831 804
1491 2 2 2 4 831 832 804
1492 2 2 2 4 832 874 804
1493 2 2 2 4 805 897 866
1494 2 2 2 4 879 907 805
1495 2 2 2 4 805 907 897
1496 2 2 2 4 806 901 858
1497 2 2 2 4 866 899 806
1498 2 2 2 4 899 901 806
1499 2 2 2 4 807 898 854
1500 2 2 2 4 876 891 807
1501 2 2 2 4 891 898 807
1502 2 2 2 4 819 883 808
1503 2 2 2 4 808 877 876
1504 2 2 2 4 808 883 877
1505 2 2 2 4 858 904 809
1506 2 2 2 4 809 917 884
1507 2 2 2 4 904 917 809
1508 2 2 2 4 854 900 810
1509 2 2 2 4 810 902 865
1510 2 2 2 4 900 902 810
1511 2 2 2 4 811 893 873
1512 2 2 2 4 875 906 811
1513 2 2 2 4 811 906 893
1514 2 2 2 4 865 903 812
1515 2 2 2 4 812 905 875
1516 2 2 2 4 903 905 812
1517 2 2 2 4 856 857 813
1518 2 2 2 4 857 910 813
1519 2 2 2 4 813 910 864
1520 2 2 2 4 814 895 855
1521 2 2 2 4 864 896 814
1522 2 2 2 4 814 896 895
1523 2 2 2 4 872 888 815
1524 2 2 2 4 815 918 885
1525 2 2 2 4 888 918 815
1526 2 2 2 4 859 860 816
1527 2 2 2 4 860 861 816
1528 2 2 2 4 861 863 816
1529 2 2 2 4 829 881 817
1530 2 2 2 4 817 885 829
1531 2 2 2 4 817 913 885
1532 2 2 2 4 818 867 856
1533 2 2 2 4 818 886 867
1534 2 2 2 4 818 915 886
1535 2 2 2 4 820 883 819
1536 2 2 2 4 821 822 820
1537 2 2 2 4 822 823 820
1538 2 2 2 4 823 883 820
1539 2 2 2 4 821 824 822
1540 2 2 2 4 821 825 824
1541 2 2 2 4 821 871 825
1542 2 2 2 4 822 897 823
1543 2 2 2 4 824 899 822
1544 2 2 2 4 822 899 897
1545 2 2 2 4 823 889 883
1546 2 2 2 4 823 907 889
1547 2 2 2 4 897 907 823
1548 2 2 2 4 825 826 824
1549 2 2 2 4 826 901 824
1550 2 2 2 4 824 901 899
1551 2 2 2 4 825 827 826
1552 2 2 2 4 827 828 826
1553 2 2 2 4 828 904 826
1554 2 2 2 4 826 904 901
1555 2 2 2 4 827 829 828
1556 2 2 2 4 827 881 829
1557 2 2 2 4 829 918 828
1558 2 2 2 4 888 917 828
1559 2 2 2 4 828 918 888
1560 2 2 2 4 828 917 904
1561 2 2 2 4 885 918 829
1562 2 2 2 4 830 833 831
1563 2 2 2 4 830 873 833
1564 2 2 2 4 831 834 832
1565 2 2 2 4 833 892 831
1566 2 2 2 4 831 892 834
1567 2 2 2 4 834 835 832
1568 2 2 2 4 835 836 832
1569 2 2 2 4 836 874 832
1570 2 2 2 4 873 893 833
1571 2 2 2 4 833 911 892
1572 2 2 2 4 893 911 833
1573 2 2 2 4 834 895 835
1574 2 2 2 4 892 909 834
1575 2 2 2 4 834 909 895
1576 2 2 2 4 835 837 836
1577 2 2 2 4 835 896 837
1578 2 2 2 4 895 896 835
1579 2 2 2 4 837 862 836
1580 2 2 2 4 837 890 862
1581 2 2 2 4 837 910 890
1582 2 2 2 4 896 910 837
1583 2 2 2 4 839 882 838
1584 2 2 2 4 840 841 839
1585 2 2 2 4 841 842 839
1586 2 2 2 4 842 882 839
1587 2 2 2 4 840 843 841
1588 2 2 2 4 840 844 843
1589 2 2 2 4 840 878 844
1590 2 2 2 4 841 898 842
1591 2 2 2 4 843 900 841
1592 2 2 2 4 841 900 898
1593 2 2 2 4 842 908 882
1594 2 2 2 4 842 898 891
1595 2 2 2 4 891 908 842
1596 2 2 2 4 844 845 843
1597 2 2 2 4 845 902 843
1598 2 2 2 4 843 902 900
1599 2 2 2 4 844 846 845
1600 2 2 2 4 846 847 845
1601 2 2 2 4 847 903 845
1602 2 2 2 4 845 903 902
1603 2 2 2 4 846 848 847
1604 2 2 2 4 846 853 848
1605 2 2 2 4 848 849 847
1606 2 2 2 4 849 905 847
1607 2 2 2 4 847 905 903
1608 2 2 2 4 848 850 849
1609 2 2 2 4 850 851 849
1610 2 2 2 4 851 906 849
1611 2 2 2 4 849 906 905
1612 2 2 2 4 850 852 851
1613 2 2 2 4 850 868 852
1614 2 2 2 4 852 911 851
1615 2 2 2 4 893 906 851
1616 2 2 2 4 851 911 893
1617 2 2 2 4 869 911 852
1618 2 2 2 4 898 900 854
1619 2 2 2 4 855 909 870
1620 2 2 2 4 895 909 855
1621 2 2 2 4 856 867 857
1622 2 2 2 4 867 894 857
1623 2 2 2 4 857 894 890
1624 2 2 2 4 890 910 857
1625 2 2 2 4 901 904 858
1626 2 2 2 4 859 862 860
1627 2 2 2 4 860 894 861
1628 2 2 2 4 862 890 860
1629 2 2 2 4 890 894 860
1630 2 2 2 4 861 887 863
1631 2 2 2 4 861 912 887
1632 2 2 2 4 894 912 861
1633 2 2 2 4 887 914 863
1634 2 2 2 4 864 910 896
1635 2 2 2 4 902 903 865
1636 2 2 2 4 897 899 866
1637 2 2 2 4 886 912 867
1638 2 2 2 4 867 912 894
1639 2 2 2 4 870 909 869
1640 2 2 2 4 869 909 892
1641 2 2 2 4 892 911 869
1642 2 2 2 4 884 888 872
1643 2 2 2 4 872 916 884
1644 2 2 2 4 905 906 875
1645 2 2 2 4 877 891 876
1646 2 2 2 4 883 889 877
1647 2 2 2 4 889 908 877
1648 2 2 2 4 877 908 891
1649 2 2 2 4 880 907 879
1650 2 2 2 4 882 908 880
1651 2 2 2 4 889 907 880
1652 2 2 2 4 880 908 889
1653 2 2 2 4 884 917 888
1654 2 2 2 5 2 1274 33
1655 2 2 2 5 47 1274 2
1656 2 2 2 5 46 1272 4
1657 2 2 2 5 4 1272 155
1658 2 2 2 5 5 1271 70
1659 2 2 2 5 183 1271 5
1660 2 2 2 5 178 1273 9
1661 2 2 2 5 9 1273 196
1662 2 2 2 5 10 1064 197
1663 2 2 2 5 214 952 10
1664 2 2 2 5 952 1064 10
1665 2 2 2 5 33 1232 34
1666 2 2 2 5 33 1274 1232
1667 2 2 2 5 34 953 35
1668 2 2 2 5 34 1232 953
1669 2 2 2 5 35 1240 36
1670 2 2 2 5 953 1240 35
1671 2 2 2 5 36 924 37
1672 2 2 2 5 36 1240 924
1673 2 2 2 5 37 1170 38
1674 2 2 2 5 924 1170 37
1675 2 2 2 5 38 1168 39
1676 2 2 2 5 38 1170 1168
1677 2 2 2 5 39 920 40
1678 2 2 2 5 39 1168 920
1679 2 2 2 5 40 1234 41
1680 2 2 2 5 920 1234 40
1681 2 2 2 5 41 1233 42
1682 2 2 2 5 41 1234 1233
1683 2 2 2 5 42 928 43
1684 2 2 2 5 42 1233 928
1685 2 2 2 5 43 1173 44
1686 2 2 2 5 928 1173 43
1687 2 2 2 5 44 954 45
1688 2 2 2 5 44 1173 954
1689 2 2 2 5 45 1215 46
1690 2 2 2 5 954 1215 45
1691 2 2 2 5 1215 1272 46
1692 2 2 2 5 48 1263 47
1693 2 2 2 5 1263 1274 47
1694 2 2 2 5 49 940 48
1695 2 2 2 5 940 1263 48
1696 2 2 2 5 50 1252 49
1697 2 2 2 5 49 1252 940
1698 2 2 2 5 51 927 50
1699 2 2 2 5 927 1252 50
1700 2 2 2 5 52 1167 51
1701 2 2 2 5 51 1167 927
1702 2 2 2 5 53 1166 52
1703 2 2 2 5 1166 1167 52
1704 2 2 2 5 54 922 53
1705 2 2 2 5 922 1166 53
1706 2 2 2 5 55 1253 54
1707 2 2 2 5 54 1253 922
1708 2 2 2 5 56 1155 55
1709 2 2 2 5 1155 1253 55
1710 2 2 2 5 57 926 56
1711 2 2 2 5 926 1155 56
1712 2 2 2 5 58 1152 57
1713 2 2 2 5 57 1152 926
1714 2 2 2 5 59 1150 58
1715 2 2 2 5 1150 1152 58
1716 2 2 2 5 60 934 59
1717 2 2 2 5 934 1150 59
1718 2 2 2 5 61 1131 60
1719 2 2 2 5 60 1131 934
1720 2 2 2 5 62 944 61
1721 2 2 2 5 944 1131 61
1722 2 2 2 5 63 1124 62
1723 2 2 2 5 62 1124 944
1724 2 2 2 5 64 948 63
1725 2 2 2 5 948 1124 63
1726 2 2 2 5 65 1127 64
1727 2 2 2 5 64 1127 948
1728 2 2 2 5 66 945 65
1729 2 2 2 5 945 1127 65
1730 2 2 2 5 67 1133 66
1731 2 2 2 5 66 1133 945
1732 2 2 2 5 68 937 67
1733 2 2 2 5 937 1133 67
1734 2 2 2 5 69 1257 68
1735 2 2 2 5 68 1257 937
1736 2 2 2 5 70 1143 69
1737 2 2 2 5 1143 1257 69
1738 2 2 2 5 70 1271 1143
1739 2 2 2 5 155 1175 156
1740 2 2 2 5 155 1272 1175
1741 2 2 2 5 156 939 157
1742 2 2 2 5 156 1175 939
1743 2 2 2 5 157 1172 158
1744 2 2 2 5 939 1172 157
1745 2 2 2 5 158 923 159
1746 2 2 2 5 158 1172 923
1747 2 2 2 5 159 1162 160
1748 2 2 2 5 923 1162 159
1749 2 2 2 5 160 1160 161
1750 2 2 2 5 160 1162 1160
1751 2 2 2 5 161 921 162
1752 2 2 2 5 161 1160 921
1753 2 2 2 5 162 1157 163
1754 2 2 2 5 921 1157 162
1755 2 2 2 5 163 1156 164
1756 2 2 2 5 163 1157 1156
1757 2 2 2 5 164 925 165
1758 2 2 2 5 164 1156 925
1759 2 2 2 5 165 1148 166
1760 2 2 2 5 925 1148 165
1761 2 2 2 5 166 1146 167
1762 2 2 2 5 166 1148 1146
1763 2 2 2 5 167 933 168
1764 2 2 2 5 167 1146 933
1765 2 2 2 5 168 1132 169
1766 2 2 2 5 933 1132 168
1767 2 2 2 5 169 943 170
1768 2 2 2 5 169 1132 943
1769 2 2 2 5 170 1125 171
1770 2 2 2 5 943 1125 170
1771 2 2 2 5 171 947 172
1772 2 2 2 5 171 1125 947
1773 2 2 2 5 172 1126 173
1774 2 2 2 5 947 1126 172
1775 2 2 2 5 173 946 174
1776 2 2 2 5 173 1126 946
1777 2 2 2 5 174 1212 175
1778 2 2 2 5 946 1212 174
1779 2 2 2 5 175 938 176
1780 2 2 2 5 175 1212 938
1781 2 2 2 5 176 1140 177
1782 2 2 2 5 938 1140 176
1783 2 2 2 5 177 955 178
1784 2 2 2 5 177 1140 955
1785 2 2 2 5 955 1273 178
1786 2 2 2 5 184 956 183
1787 2 2 2 5 956 1271 183
1788 2 2 2 5 185 1141 184
1789 2 2 2 5 184 1141 956
1790 2 2 2 5 186 936 185
1791 2 2 2 5 936 1141 185
1792 2 2 2 5 187 1129 186
1793 2 2 2 5 186 1129 936
1794 2 2 2 5 188 942 187
1795 2 2 2 5 942 1129 187
1796 2 2 2 5 189 1123 188
1797 2 2 2 5 188 1123 942
1798 2 2 2 5 190 949 189
1799 2 2 2 5 949 1123 189
1800 2 2 2 5 191 1220 190
1801 2 2 2 5 190 1220 949
1802 2 2 2 5 192 941 191
1803 2 2 2 5 941 1220 191
1804 2 2 2 5 193 1130 192
1805 2 2 2 5 192 1130 941
1806 2 2 2 5 194 935 193
1807 2 2 2 5 935 1130 193
1808 2 2 2 5 195 1207 194
1809 2 2 2 5 194 1207 935
1810 2 2 2 5 196 1224 195
1811 2 2 2 5 195 1224 1207
1812 2 2 2 5 196 1273 1224
1813 2 2 2 5 197 1216 198
1814 2 2 2 5 1064 1105 197
1815 2 2 2 5 1105 1216 197
1816 2 2 2 5 198 932 199
1817 2 2 2 5 198 1216 932
1818 2 2 2 5 199 1052 200
1819 2 2 2 5 932 1052 199
1820 2 2 2 5 200 1217 201
1821 2 2 2 5 1052 1056 200
1822 2 2 2 5 1056 1217 200
1823 2 2 2 5 201 950 202
1824 2 2 2 5 201 1217 950
1825 2 2 2 5 202 1268 203
1826 2 2 2 5 950 1061 202
1827 2 2 2 5 1061 1268 202
1828 2 2 2 5 203 929 204
1829 2 2 2 5 203 1268 929
1830 2 2 2 5 204 1114 205
1831 2 2 2 5 929 1114 204
1832 2 2 2 5 205 919 206
1833 2 2 2 5 205 1114 919
1834 2 2 2 5 206 1290 207
1835 2 2 2 5 919 957 206
1836 2 2 2 5 957 1290 206
1837 2 2 2 5 207 930 208
1838 2 2 2 5 207 1290 930
1839 2 2 2 5 208 1044 209
1840 2 2 2 5 930 1044 208
1841 2 2 2 5 209 951 210
1842 2 2 2 5 209 1261 951
1843 2 2 2 5 1044 1261 209
1844 2 2 2 5 210 1067 211
1845 2 2 2 5 951 1067 210
1846 2 2 2 5 211 1045 212
1847 2 2 2 5 211 1228 1045
1848 2 2 2 5 1067 1228 211
1849 2 2 2 5 212 931 213
1850 2 2 2 5 212 1045 931
1851 2 2 2 5 213 1097 214
1852 2 2 2 5 931 1097 213
1853 2 2 2 5 214 1097 952
1854 2 2 2 5 919 958 957
1855 2 2 2 5 919 1188 958
1856 2 2 2 5 1114 1188 919
1857 2 2 2 5 1100 1234 920
1858 2 2 2 5 920 1279 1100
1859 2 2 2 5 1168 1169 920
1860 2 2 2 5 1169 1279 920
1861 2 2 2 5 921 1158 1157
1862 2 2 2 5 921 1159 1158
1863 2 2 2 5 921 1160 1159
1864 2 2 2 5 922 1108 1107
1865 2 2 2 5 1107 1244 922
1866 2 2 2 5 922 1253 1108
1867 2 2 2 5 922 1244 1166
1868 2 2 2 5 923 1172 1106
1869 2 2 2 5 1106 1237 923
1870 2 2 2 5 923 1237 1162
1871 2 2 2 5 924 1240 1101
1872 2 2 2 5 1101 1281 924
1873 2 2 2 5 924 1171 1170
1874 2 2 2 5 924 1281 1171
1875 2 2 2 5 925 1149 1148
1876 2 2 2 5 925 1251 1149
1877 2 2 2 5 1156 1251 925
1878 2 2 2 5 1152 1153 926
1879 2 2 2 5 1153 1250 926
1880 2 2 2 5 926 1250 1155
1881 2 2 2 5 927 1182 1111
1882 2 2 2 5 1111 1252 927
1883 2 2 2 5 1167 1231 927
1884 2 2 2 5 927 1231 1182
1885 2 2 2 5 928 1233 1103
1886 2 2 2 5 1103 1280 928
1887 2 2 2 5 928 1174 1173
1888 2 2 2 5 928 1280 1174
1889 2 2 2 5 929 1230 1114
1890 2 2 2 5 929 1177 1176
1891 2 2 2 5 1176 1230 929
1892 2 2 2 5 929 1268 1177
1893 2 2 2 5 930 1260 1044
1894 2 2 2 5 930 1218 1178
1895 2 2 2 5 1178 1260 930
1896 2 2 2 5 930 1290 1218
1897 2 2 2 5 1045 1046 931
1898 2 2 2 5 1046 1047 931
1899 2 2 2 5 1047 1264 931
1900 2 2 2 5 931 1264 1097
1901 2 2 2 5 932 1053 1052
1902 2 2 2 5 932 1054 1053
1903 2 2 2 5 932 1216 1054
1904 2 2 2 5 933 1221 1132
1905 2 2 2 5 1146 1147 933
1906 2 2 2 5 1147 1221 933
1907 2 2 2 5 1131 1219 934
1908 2 2 2 5 934 1151 1150
1909 2 2 2 5 934 1219 1151
1910 2 2 2 5 1120 1203 935
1911 2 2 2 5 935 1207 1120
1912 2 2 2 5 935 1278 1130
1913 2 2 2 5 1203 1278 935
1914 2 2 2 5 1129 1256 936
1915 2 2 2 5 936 1145 1141
1916 2 2 2 5 936 1256 1145
1917 2 2 2 5 937 1289 1133
1918 2 2 2 5 1144 1254 937
1919 2 2 2 5 937 1257 1144
1920 2 2 2 5 1254 1289 937
1921 2 2 2 5 938 1212 1104
1922 2 2 2 5 1104 1259 938
1923 2 2 2 5 938 1259 1140
1924 2 2 2 5 1110 1255 939
1925 2 2 2 5 939 1258 1110
1926 2 2 2 5 939 1255 1172
1927 2 2 2 5 1175 1258 939
1928 2 2 2 5 940 1111 1109
1929 2 2 2 5 1109 1112 940
1930 2 2 2 5 940 1252 1111
1931 2 2 2 5 1112 1263 940
1932 2 2 2 5 1117 1220 941
1933 2 2 2 5 941 1246 1117
1934 2 2 2 5 1130 1246 941
1935 2 2 2 5 1123 1265 942
1936 2 2 2 5 942 1243 1129
1937 2 2 2 5 942 1265 1243
1938 2 2 2 5 943 1284 1125
1939 2 2 2 5 1132 1249 943
1940 2 2 2 5 1249 1284 943
1941 2 2 2 5 1124 1285 944
1942 2 2 2 5 944 1248 1131
1943 2 2 2 5 944 1285 1248
1944 2 2 2 5 945 1128 1127
1945 2 2 2 5 945 1211 1128
1946 2 2 2 5 1133 1211 945
1947 2 2 2 5 1126 1229 946
1948 2 2 2 5 946 1287 1212
1949 2 2 2 5 1229 1287 946
1950 2 2 2 5 947 1125 1113
1951 2 2 2 5 1113 1223 947
1952 2 2 2 5 947 1223 1126
1953 2 2 2 5 948 1199 1124
1954 2 2 2 5 1127 1214 948
1955 2 2 2 5 948 1214 1199
1956 2 2 2 5 949 1286 1123
1957 2 2 2 5 1198 1286 949
1958 2 2 2 5 949 1294 1198
1959 2 2 2 5 1220 1294 949
1960 2 2 2 5 950 1062 1061
1961 2 2 2 5 950 1063 1062
1962 2 2 2 5 950 1217 1063
1963 2 2 2 5 951 1068 1067
1964 2 2 2 5 951 1069 1068
1965 2 2 2 5 951 1261 1069
1966 2 2 2 5 952 1065 1064
1967 2 2 2 5 952 1076 1065
1968 2 2 2 5 952 1097 1076
1969 2 2 2 5 1101 1240 953
1970 2 2 2 5 953 1242 1101
1971 2 2 2 5 953 1232 1112
1972 2 2 2 5 1112 1242 953
1973 2 2 2 5 1173 1277 954
1974 2 2 2 5 954 1258 1215
1975 2 2 2 5 1239 1258 954
1976 2 2 2 5 954 1277 1239
1977 2 2 2 5 1121 1224 955
1978 2 2 2 5 955 1291 1121
1979 2 2 2 5 1140 1291 955
1980 2 2 2 5 1224 1273 955
1981 2 2 2 5 1141 1142 956
1982 2 2 2 5 1142 1143 956
1983 2 2 2 5 1143 1271 956
1984 2 2 2 5 958 959 957
1985 2 2 2 5 959 1218 957
1986 2 2 2 5 1218 1290 957
1987 2 2 2 5 958 960 959
1988 2 2 2 5 958 961 960
1989 2 2 2 5 958 1188 961
1990 2 2 2 5 960 981 959
1991 2 2 2 5 981 1027 959
1992 2 2 2 5 1027 1218 959
1993 2 2 2 5 961 962 960
1994 2 2 2 5 962 1192 960
1995 2 2 2 5 960 1192 981
1996 2 2 2 5 961 963 962
1997 2 2 2 5 961 992 963
1998 2 2 2 5 961 1188 992
1999 2 2 2 5 963 964 962
2000 2 2 2 5 964 965 962
2001 2 2 2 5 965 1192 962
2002 2 2 2 5 963 1195 964
2003 2 2 2 5 992 995 963
2004 2 2 2 5 995 1195 963
2005 2 2 2 5 964 966 965
2006 2 2 2 5 964 967 966
2007 2 2 2 5 964 1195 967
2008 2 2 2 5 966 1194 965
2009 2 2 2 5 965 1201 1192
2010 2 2 2 5 1194 1201 965
2011 2 2 2 5 967 968 966
2012 2 2 2 5 968 969 966
2013 2 2 2 5 969 1194 966
2014 2 2 2 5 967 1191 968
2015 2 2 2 5 1139 1191 967
2016 2 2 2 5 967 1195 1139
2017 2 2 2 5 968 970 969
2018 2 2 2 5 968 971 970
2019 2 2 2 5 968 1191 971
2020 2 2 2 5 970 1184 969
2021 2 2 2 5 969 1184 1137
2022 2 2 2 5 1137 1194 969
2023 2 2 2 5 971 972 970
2024 2 2 2 5 972 973 970
2025 2 2 2 5 973 1184 970
2026 2 2 2 5 971 974 972
2027 2 2 2 5 971 1154 974
2028 2 2 2 5 971 1191 1154
2029 2 2 2 5 972 1185 973
2030 2 2 2 5 974 975 972
2031 2 2 2 5 975 1185 972
2032 2 2 2 5 973 1181 1122
2033 2 2 2 5 1122 1184 973
2034 2 2 2 5 973 1185 1181
2035 2 2 2 5 974 976 975
2036 2 2 2 5 974 977 976
2037 2 2 2 5 974 1154 977
2038 2 2 2 5 976 979 975
2039 2 2 2 5 979 980 975
2040 2 2 2 5 980 1185 975
2041 2 2 2 5 977 978 976
2042 2 2 2 5 978 1190 976
2043 2 2 2 5 976 1190 979
2044 2 2 2 5 977 982 978
2045 2 2 2 5 977 987 982
2046 2 2 2 5 977 1154 987
2047 2 2 2 5 982 983 978
2048 2 2 2 5 983 984 978
2049 2 2 2 5 984 1190 978
2050 2 2 2 5 979 985 980
2051 2 2 2 5 979 1193 985
2052 2 2 2 5 1190 1193 979
2053 2 2 2 5 985 986 980
2054 2 2 2 5 986 1165 980
2055 2 2 2 5 1165 1185 980
2056 2 2 2 5 981 1029 1027
2057 2 2 2 5 981 1031 1029
2058 2 2 2 5 981 1192 1031
2059 2 2 2 5 982 1189 983
2060 2 2 2 5 987 988 982
2061 2 2 2 5 988 1189 982
2062 2 2 2 5 983 993 984
2063 2 2 2 5 983 997 993
2064 2 2 2 5 983 1189 997
2065 2 2 2 5 993 994 984
2066 2 2 2 5 994 1179 984
2067 2 2 2 5 1179 1190 984
2068 2 2 2 5 985 998 986
2069 2 2 2 5 985 1001 998
2070 2 2 2 5 985 1193 1001
2071 2 2 2 5 998 999 986
2072 2 2 2 5 999 1000 986
2073 2 2 2 5 1000 1165 986
2074 2 2 2 5 987 989 988
2075 2 2 2 5 987 1138 989
2076 2 2 2 5 987 1154 1138
2077 2 2 2 5 989 990 988
2078 2 2 2 5 990 1025 988
2079 2 2 2 5 1025 1189 988
2080 2 2 2 5 989 991 990
2081 2 2 2 5 989 1028 991
2082 2 2 2 5 989 1138 1028
2083 2 2 2 5 991 1013 990
2084 2 2 2 5 1013 1210 990
2085 2 2 2 5 990 1210 1025
2086 2 2 2 5 991 1014 1013
2087 2 2 2 5 991 1134 1014
2088 2 2 2 5 1028 1134 991
2089 2 2 2 5 992 996 995
2090 2 2 2 5 992 1036 996
2091 2 2 2 5 992 1188 1036
2092 2 2 2 5 993 1015 994
2093 2 2 2 5 997 1186 993
2094 2 2 2 5 993 1186 1015
2095 2 2 2 5 1015 1016 994
2096 2 2 2 5 1016 1026 994
2097 2 2 2 5 1026 1179 994
2098 2 2 2 5 996 1204 995
2099 2 2 2 5 995 1197 1195
2100 2 2 2 5 995 1204 1197
2101 2 2 2 5 1036 1037 996
2102 2 2 2 5 1037 1038 996
2103 2 2 2 5 1038 1204 996
2104 2 2 2 5 1161 1186 997
2105 2 2 2 5 997 1227 1161
2106 2 2 2 5 1189 1227 997
2107 2 2 2 5 998 1235 999
2108 2 2 2 5 1001 1079 998
2109 2 2 2 5 1079 1235 998
2110 2 2 2 5 999 1002 1000
2111 2 2 2 5 999 1012 1002
2112 2 2 2 5 999 1235 1012
2113 2 2 2 5 1002 1003 1000
2114 2 2 2 5 1003 1164 1000
2115 2 2 2 5 1164 1165 1000
2116 2 2 2 5 1001 1080 1079
2117 2 2 2 5 1001 1200 1080
2118 2 2 2 5 1193 1200 1001
2119 2 2 2 5 1002 1004 1003
2120 2 2 2 5 1002 1238 1004
2121 2 2 2 5 1012 1238 1002
2122 2 2 2 5 1004 1005 1003
2123 2 2 2 5 1005 1006 1003
2124 2 2 2 5 1006 1164 1003
2125 2 2 2 5 1004 1009 1005
2126 2 2 2 5 1004 1082 1009
2127 2 2 2 5 1004 1238 1082
2128 2 2 2 5 1005 1007 1006
2129 2 2 2 5 1005 1183 1007
2130 2 2 2 5 1009 1183 1005
2131 2 2 2 5 1007 1008 1006
2132 2 2 2 5 1008 1163 1006
2133 2 2 2 5 1163 1164 1006
2134 2 2 2 5 1007 1010 1008
2135 2 2 2 5 1007 1074 1010
2136 2 2 2 5 1007 1183 1074
2137 2 2 2 5 1010 1011 1008
2138 2 2 2 5 1011 1017 1008
2139 2 2 2 5 1017 1163 1008
2140 2 2 2 5 1082 1083 1009
2141 2 2 2 5 1083 1084 1009
2142 2 2 2 5 1084 1183 1009
2143 2 2 2 5 1010 1187 1011
2144 2 2 2 5 1074 1075 1010
2145 2 2 2 5 1075 1187 1010
2146 2 2 2 5 1011 1018 1017
2147 2 2 2 5 1011 1019 1018
2148 2 2 2 5 1011 1187 1019
2149 2 2 2 5 1012 1235 1169
2150 2 2 2 5 1169 1236 1012
2151 2 2 2 5 1012 1236 1171
2152 2 2 2 5 1171 1238 1012
2153 2 2 2 5 1014 1086 1013
2154 2 2 2 5 1086 1087 1013
2155 2 2 2 5 1087 1210 1013
2156 2 2 2 5 1014 1206 1086
2157 2 2 2 5 1134 1205 1014
2158 2 2 2 5 1205 1206 1014
2159 2 2 2 5 1015 1071 1016
2160 2 2 2 5 1015 1106 1071
2161 2 2 2 5 1015 1186 1106
2162 2 2 2 5 1016 1241 1026
2163 2 2 2 5 1071 1081 1016
2164 2 2 2 5 1081 1241 1016
2165 2 2 2 5 1018 1078 1017
2166 2 2 2 5 1078 1122 1017
2167 2 2 2 5 1122 1163 1017
2168 2 2 2 5 1019 1020 1018
2169 2 2 2 5 1020 1135 1018
2170 2 2 2 5 1018 1135 1078
2171 2 2 2 5 1019 1021 1020
2172 2 2 2 5 1019 1107 1021
2173 2 2 2 5 1019 1187 1107
2174 2 2 2 5 1021 1022 1020
2175 2 2 2 5 1022 1023 1020
2176 2 2 2 5 1023 1135 1020
2177 2 2 2 5 1021 1180 1022
2178 2 2 2 5 1107 1108 1021
2179 2 2 2 5 1108 1180 1021
2180 2 2 2 5 1022 1024 1023
2181 2 2 2 5 1022 1085 1024
2182 2 2 2 5 1022 1180 1085
2183 2 2 2 5 1024 1196 1023
2184 2 2 2 5 1023 1136 1135
2185 2 2 2 5 1023 1196 1136
2186 2 2 2 5 1085 1209 1024
2187 2 2 2 5 1024 1208 1196
2188 2 2 2 5 1024 1209 1208
2189 2 2 2 5 1025 1227 1189
2190 2 2 2 5 1210 1283 1025
2191 2 2 2 5 1025 1283 1227
2192 2 2 2 5 1026 1200 1179
2193 2 2 2 5 1026 1202 1200
2194 2 2 2 5 1026 1241 1202
2195 2 2 2 5 1029 1030 1027
2196 2 2 2 5 1030 1178 1027
2197 2 2 2 5 1178 1218 1027
2198 2 2 2 5 1028 1197 1134
2199 2 2 2 5 1138 1139 1028
2200 2 2 2 5 1139 1197 1028
2201 2 2 2 5 1029 1032 1030
2202 2 2 2 5 1031 1208 1029
2203 2 2 2 5 1029 1208 1032
2204 2 2 2 5 1032 1033 1030
2205 2 2 2 5 1033 1034 1030
2206 2 2 2 5 1034 1178 1030
2207 2 2 2 5 1192 1201 1031
2208 2 2 2 5 1031 1201 1196
2209 2 2 2 5 1196 1208 1031
2210 2 2 2 5 1032 1035 1033
2211 2 2 2 5 1032 1209 1035
2212 2 2 2 5 1208 1209 1032
2213 2 2 2 5 1033 1072 1034
2214 2 2 2 5 1035 1292 1033
2215 2 2 2 5 1033 1292 1072
2216 2 2 2 5 1072 1269 1034
2217 2 2 2 5 1115 1260 1034
2218 2 2 2 5 1034 1269 1115
2219 2 2 2 5 1034 1260 1178
2220 2 2 2 5 1035 1209 1153
2221 2 2 2 5 1153 1225 1035
2222 2 2 2 5 1225 1292 1035
2223 2 2 2 5 1036 1230 1037
2224 2 2 2 5 1036 1188 1114
2225 2 2 2 5 1114 1230 1036
2226 2 2 2 5 1037 1039 1038
2227 2 2 2 5 1037 1176 1039
2228 2 2 2 5 1037 1230 1176
2229 2 2 2 5 1039 1040 1038
2230 2 2 2 5 1040 1205 1038
2231 2 2 2 5 1038 1205 1204
2232 2 2 2 5 1039 1041 1040
2233 2 2 2 5 1039 1042 1041
2234 2 2 2 5 1039 1176 1042
2235 2 2 2 5 1041 1043 1040
2236 2 2 2 5 1043 1206 1040
2237 2 2 2 5 1040 1206 1205
2238 2 2 2 5 1042 1073 1041
2239 2 2 2 5 1041 1293 1043
2240 2 2 2 5 1073 1293 1041
2241 2 2 2 5 1042 1213 1073
2242 2 2 2 5 1176 1177 1042
2243 2 2 2 5 1177 1213 1042
2244 2 2 2 5 1149 1206 1043
2245 2 2 2 5 1043 1226 1149
2246 2 2 2 5 1043 1293 1226
2247 2 2 2 5 1044 1260 1115
2248 2 2 2 5 1115 1261 1044
2249 2 2 2 5 1045 1051 1046
2250 2 2 2 5 1045 1228 1051
2251 2 2 2 5 1046 1048 1047
2252 2 2 2 5 1046 1222 1048
2253 2 2 2 5 1051 1222 1046
2254 2 2 2 5 1048 1049 1047
2255 2 2 2 5 1049 1050 1047
2256 2 2 2 5 1050 1264 1047
2257 2 2 2 5 1048 1070 1049
2258 2 2 2 5 1048 1091 1070
2259 2 2 2 5 1048 1222 1091
2260 2 2 2 5 1049 1088 1050
2261 2 2 2 5 1070 1267 1049
2262 2 2 2 5 1049 1267 1088
2263 2 2 2 5 1088 1266 1050
2264 2 2 2 5 1245 1264 1050
2265 2 2 2 5 1050 1266 1245
2266 2 2 2 5 1051 1288 1222
2267 2 2 2 5 1228 1270 1051
2268 2 2 2 5 1270 1288 1051
2269 2 2 2 5 1053 1098 1052
2270 2 2 2 5 1052 1098 1056
2271 2 2 2 5 1054 1055 1053
2272 2 2 2 5 1055 1060 1053
2273 2 2 2 5 1060 1098 1053
2274 2 2 2 5 1054 1057 1055
2275 2 2 2 5 1054 1058 1057
2276 2 2 2 5 1054 1216 1058
2277 2 2 2 5 1057 1059 1055
2278 2 2 2 5 1059 1118 1055
2279 2 2 2 5 1055 1118 1060
2280 2 2 2 5 1098 1099 1056
2281 2 2 2 5 1099 1262 1056
2282 2 2 2 5 1056 1262 1217
2283 2 2 2 5 1058 1090 1057
2284 2 2 2 5 1057 1203 1059
2285 2 2 2 5 1090 1203 1057
2286 2 2 2 5 1058 1116 1090
2287 2 2 2 5 1105 1116 1058
2288 2 2 2 5 1058 1216 1105
2289 2 2 2 5 1059 1119 1118
2290 2 2 2 5 1059 1120 1119
2291 2 2 2 5 1059 1203 1120
2292 2 2 2 5 1060 1102 1098
2293 2 2 2 5 1060 1104 1102
2294 2 2 2 5 1060 1118 1104
2295 2 2 2 5 1062 1282 1061
2296 2 2 2 5 1177 1268 1061
2297 2 2 2 5 1061 1282 1177
2298 2 2 2 5 1063 1093 1062
2299 2 2 2 5 1093 1094 1062
2300 2 2 2 5 1094 1282 1062
2301 2 2 2 5 1063 1113 1093
2302 2 2 2 5 1063 1262 1113
2303 2 2 2 5 1217 1262 1063
2304 2 2 2 5 1065 1066 1064
2305 2 2 2 5 1066 1105 1064
2306 2 2 2 5 1065 1198 1066
2307 2 2 2 5 1076 1089 1065
2308 2 2 2 5 1089 1198 1065
2309 2 2 2 5 1066 1116 1105
2310 2 2 2 5 1066 1117 1116
2311 2 2 2 5 1066 1198 1117
2312 2 2 2 5 1068 1077 1067
2313 2 2 2 5 1077 1228 1067
2314 2 2 2 5 1069 1095 1068
2315 2 2 2 5 1068 1199 1077
2316 2 2 2 5 1095 1199 1068
2317 2 2 2 5 1069 1096 1095
2318 2 2 2 5 1069 1115 1096
2319 2 2 2 5 1069 1261 1115
2320 2 2 2 5 1091 1254 1070
2321 2 2 2 5 1070 1254 1247
2322 2 2 2 5 1247 1267 1070
2323 2 2 2 5 1071 1110 1081
2324 2 2 2 5 1106 1255 1071
2325 2 2 2 5 1071 1255 1110
2326 2 2 2 5 1151 1219 1072
2327 2 2 2 5 1072 1292 1151
2328 2 2 2 5 1219 1269 1072
2329 2 2 2 5 1073 1221 1147
2330 2 2 2 5 1147 1293 1073
2331 2 2 2 5 1213 1276 1073
2332 2 2 2 5 1073 1276 1221
2333 2 2 2 5 1074 1231 1075
2334 2 2 2 5 1074 1183 1182
2335 2 2 2 5 1182 1231 1074
2336 2 2 2 5 1075 1167 1166
2337 2 2 2 5 1166 1244 1075
2338 2 2 2 5 1075 1231 1167
2339 2 2 2 5 1075 1244 1187
2340 2 2 2 5 1076 1092 1089
2341 2 2 2 5 1076 1245 1092
2342 2 2 2 5 1097 1245 1076
2343 2 2 2 5 1199 1214 1077
2344 2 2 2 5 1214 1270 1077
2345 2 2 2 5 1077 1270 1228
2346 2 2 2 5 1078 1184 1122
2347 2 2 2 5 1135 1137 1078
2348 2 2 2 5 1137 1184 1078
2349 2 2 2 5 1080 1100 1079
2350 2 2 2 5 1100 1279 1079
2351 2 2 2 5 1079 1279 1235
2352 2 2 2 5 1080 1103 1100
2353 2 2 2 5 1080 1202 1103
2354 2 2 2 5 1200 1202 1080
2355 2 2 2 5 1110 1239 1081
2356 2 2 2 5 1174 1241 1081
2357 2 2 2 5 1081 1277 1174
2358 2 2 2 5 1239 1277 1081
2359 2 2 2 5 1082 1101 1083
2360 2 2 2 5 1082 1281 1101
2361 2 2 2 5 1238 1281 1082
2362 2 2 2 5 1083 1109 1084
2363 2 2 2 5 1101 1242 1083
2364 2 2 2 5 1083 1242 1109
2365 2 2 2 5 1109 1111 1084
2366 2 2 2 5 1111 1182 1084
2367 2 2 2 5 1182 1183 1084
2368 2 2 2 5 1153 1209 1085
2369 2 2 2 5 1085 1250 1153
2370 2 2 2 5 1180 1250 1085
2371 2 2 2 5 1086 1251 1087
2372 2 2 2 5 1086 1206 1149
2373 2 2 2 5 1149 1251 1086
2374 2 2 2 5 1087 1251 1156
2375 2 2 2 5 1156 1275 1087
2376 2 2 2 5 1087 1275 1210
2377 2 2 2 5 1088 1256 1243
2378 2 2 2 5 1243 1266 1088
2379 2 2 2 5 1088 1267 1256
2380 2 2 2 5 1092 1265 1089
2381 2 2 2 5 1089 1286 1198
2382 2 2 2 5 1265 1286 1089
2383 2 2 2 5 1116 1246 1090
2384 2 2 2 5 1090 1278 1203
2385 2 2 2 5 1246 1278 1090
2386 2 2 2 5 1091 1222 1211
2387 2 2 2 5 1211 1289 1091
2388 2 2 2 5 1091 1289 1254
2389 2 2 2 5 1243 1265 1092
2390 2 2 2 5 1092 1266 1243
2391 2 2 2 5 1245 1266 1092
2392 2 2 2 5 1093 1284 1094
2393 2 2 2 5 1113 1284 1093
2394 2 2 2 5 1094 1276 1213
2395 2 2 2 5 1213 1282 1094
2396 2 2 2 5 1249 1276 1094
2397 2 2 2 5 1094 1284 1249
2398 2 2 2 5 1096 1285 1095
2399 2 2 2 5 1095 1285 1199
2400 2 2 2 5 1115 1269 1096
2401 2 2 2 5 1096 1269 1248
2402 2 2 2 5 1248 1285 1096
2403 2 2 2 5 1097 1264 1245
2404 2 2 2 5 1098 1229 1099
2405 2 2 2 5 1102 1229 1098
2406 2 2 2 5 1099 1229 1223
2407 2 2 2 5 1223 1262 1099
2408 2 2 2 5 1103 1233 1100
2409 2 2 2 5 1233 1234 1100
2410 2 2 2 5 1104 1287 1102
2411 2 2 2 5 1102 1287 1229
2412 2 2 2 5 1202 1280 1103
2413 2 2 2 5 1118 1259 1104
2414 2 2 2 5 1212 1287 1104
2415 2 2 2 5 1172 1255 1106
2416 2 2 2 5 1186 1237 1106
2417 2 2 2 5 1187 1244 1107
2418 2 2 2 5 1155 1180 1108
2419 2 2 2 5 1108 1253 1155
2420 2 2 2 5 1109 1242 1112
2421 2 2 2 5 1110 1258 1239
2422 2 2 2 5 1232 1274 1112
2423 2 2 2 5 1112 1274 1263
2424 2 2 2 5 1125 1284 1113
2425 2 2 2 5 1113 1262 1223
2426 2 2 2 5 1117 1246 1116
2427 2 2 2 5 1198 1294 1117
2428 2 2 2 5 1117 1294 1220
2429 2 2 2 5 1119 1259 1118
2430 2 2 2 5 1120 1121 1119
2431 2 2 2 5 1121 1291 1119
2432 2 2 2 5 1119 1291 1259
2433 2 2 2 5 1120 1207 1121
2434 2 2 2 5 1207 1224 1121
2435 2 2 2 5 1122 1181 1163
2436 2 2 2 5 1123 1286 1265
2437 2 2 2 5 1199 1285 1124
2438 2 2 2 5 1223 1229 1126
2439 2 2 2 5 1128 1214 1127
2440 2 2 2 5 1211 1288 1128
2441 2 2 2 5 1128 1270 1214
2442 2 2 2 5 1128 1288 1270
2443 2 2 2 5 1243 1256 1129
2444 2 2 2 5 1130 1278 1246
2445 2 2 2 5 1131 1248 1219
2446 2 2 2 5 1221 1249 1132
2447 2 2 2 5 1133 1289 1211
2448 2 2 2 5 1197 1204 1134
2449 2 2 2 5 1204 1205 1134
2450 2 2 2 5 1136 1137 1135
2451 2 2 2 5 1136 1194 1137
2452 2 2 2 5 1136 1201 1194
2453 2 2 2 5 1196 1201 1136
2454 2 2 2 5 1138 1191 1139
2455 2 2 2 5 1154 1191 1138
2456 2 2 2 5 1195 1197 1139
2457 2 2 2 5 1259 1291 1140
2458 2 2 2 5 1141 1145 1142
2459 2 2 2 5 1142 1144 1143
2460 2 2 2 5 1142 1247 1144
2461 2 2 2 5 1145 1247 1142
2462 2 2 2 5 1144 1257 1143
2463 2 2 2 5 1247 1254 1144
2464 2 2 2 5 1145 1267 1247
2465 2 2 2 5 1256 1267 1145
2466 2 2 2 5 1146 1226 1147
2467 2 2 2 5 1148 1226 1146
2468 2 2 2 5 1226 1293 1147
2469 2 2 2 5 1149 1226 1148
2470 2 2 2 5 1151 1225 1150
2471 2 2 2 5 1150 1225 1152
2472 2 2 2 5 1151 1292 1225
2473 2 2 2 5 1152 1225 1153
2474 2 2 2 5 1155 1250 1180
2475 2 2 2 5 1157 1275 1156
2476 2 2 2 5 1158 1275 1157
2477 2 2 2 5 1159 1283 1158
2478 2 2 2 5 1210 1275 1158
2479 2 2 2 5 1158 1283 1210
2480 2 2 2 5 1160 1161 1159
2481 2 2 2 5 1161 1227 1159
2482 2 2 2 5 1227 1283 1159
2483 2 2 2 5 1160 1162 1161
2484 2 2 2 5 1162 1237 1161
2485 2 2 2 5 1161 1237 1186
2486 2 2 2 5 1163 1181 1164
2487 2 2 2 5 1164 1181 1165
2488 2 2 2 5 1181 1185 1165
2489 2 2 2 5 1168 1236 1169
2490 2 2 2 5 1170 1236 1168
2491 2 2 2 5 1235 1279 1169
2492 2 2 2 5 1171 1236 1170
2493 2 2 2 5 1171 1281 1238
2494 2 2 2 5 1174 1277 1173
2495 2 2 2 5 1174 1280 1241
2496 2 2 2 5 1215 1258 1175
2497 2 2 2 5 1175 1272 1215
2498 2 2 2 5 1177 1282 1213
2499 2 2 2 5 1179 1193 1190
2500 2 2 2 5 1179 1200 1193
2501 2 2 2 5 1241 1280 1202
2502 2 2 2 5 1222 1288 1211
2503 2 2 2 5 1248 1269 1219
2504 2 2 2 5 1221 1276 1249
2505 2 2 2 6 5 1362 71
2506 2 2 2 6 183 1362 5
2507 2 2 2 6 74 1363 6
2508 2 2 2 6 6 1363 123
2509 2 2 2 6 136 1364 7
2510 2 2 2 6 7 1364 182
2511 2 2 2 6 179 1365 9
2512 2 2 2 6 9 1365 196
2513 2 2 2 6 71 1346 72
2514 2 2 2 6 71 1362 1346
2515 2 2 2 6 72 1298 73
2516 2 2 2 6 72 1346 1298
2517 2 2 2 6 73 1347 74
2518 2 2 2 6 1298 1347 73
2519 2 2 2 6 1347 1363 74
2520 2 2 2 6 123 1331 124
2521 2 2 2 6 123 1363 1331
2522 2 2 2 6 124 1304 125
2523 2 2 2 6 124 1331 1304
2524 2 2 2 6 125 1329 126
2525 2 2 2 6 1304 1329 125
2526 2 2 2 6 126 1300 127
2527 2 2 2 6 126 1329 1300
2528 2 2 2 6 127 1337 128
2529 2 2 2 6 1300 1337 127
2530 2 2 2 6 128 1338 129
2531 2 2 2 6 1337 1338 128
2532 2 2 2 6 129 1302 130
2533 2 2 2 6 129 1338 1302
2534 2 2 2 6 130 1351 131
2535 2 2 2 6 1302 1351 130
2536 2 2 2 6 131 1360 132
2537 2 2 2 6 1351 1360 131
2538 2 2 2 6 132 1295 133
2539 2 2 2 6 132 1360 1295
2540 2 2 2 6 133 1332 134
2541 2 2 2 6 1295 1332 133
2542 2 2 2 6 134 1305 135
2543 2 2 2 6 134 1332 1305
2544 2 2 2 6 135 1344 136
2545 2 2 2 6 1305 1344 135
2546 2 2 2 6 1344 1364 136
2547 2 2 2 6 180 1345 179
2548 2 2 2 6 1345 1365 179
2549 2 2 2 6 181 1297 180
2550 2 2 2 6 1297 1345 180
2551 2 2 2 6 182 1339 181
2552 2 2 2 6 181 1339 1297
2553 2 2 2 6 182 1364 1339
2554 2 2 2 6 184 1307 183
2555 2 2 2 6 1307 1362 183
2556 2 2 2 6 185 1330 184
2557 2 2 2 6 184 1330 1307
2558 2 2 2 6 186 1303 185
2559 2 2 2 6 1303 1330 185
2560 2 2 2 6 187 1328 186
2561 2 2 2 6 186 1328 1303
2562 2 2 2 6 188 1319 187
2563 2 2 2 6 1319 1328 187
2564 2 2 2 6 189 1299 188
2565 2 2 2 6 1299 1319 188
2566 2 2 2 6 190 1308 189
2567 2 2 2 6 189 1308 1299
2568 2 2 2 6 191 1296 190
2569 2 2 2 6 1296 1308 190
2570 2 2 2 6 192 1342 191
2571 2 2 2 6 191 1342 1296
2572 2 2 2 6 193 1343 192
2573 2 2 2 6 192 1343 1342
2574 2 2 2 6 194 1301 193
2575 2 2 2 6 1301 1343 193
2576 2 2 2 6 195 1341 194
2577 2 2 2 6 194 1341 1301
2578 2 2 2 6 196 1306 195
2579 2 2 2 6 1306 1341 195
2580 2 2 2 6 196 1365 1306
2581 2 2 2 6 1295 1352 1332
2582 2 2 2 6 1295 1353 1352
2583 2 2 2 6 1295 1360 1353
2584 2 2 2 6 1296 1309 1308
2585 2 2 2 6 1296 1310 1309
2586 2 2 2 6 1296 1342 1310
2587 2 2 2 6 1339 1368 1297
2588 2 2 2 6 1297 1349 1345
2589 2 2 2 6 1297 1368 1349
2590 2 2 2 6 1346 1369 1298
2591 2 2 2 6 1298 1348 1347
2592 2 2 2 6 1298 1369 1348
2593 2 2 2 6 1308 1317 1299
2594 2 2 2 6 1317 1318 1299
2595 2 2 2 6 1318 1319 1299
2596 2 2 2 6 1329 1358 1300
2597 2 2 2 6 1300 1356 1337
2598 2 2 2 6 1300 1358 1356
2599 2 2 2 6 1341 1357 1301
2600 2 2 2 6 1301 1350 1343
2601 2 2 2 6 1301 1357 1350
2602 2 2 2 6 1338 1354 1302
2603 2 2 2 6 1302 1361 1351
2604 2 2 2 6 1354 1361 1302
2605 2 2 2 6 1323 1325 1303
2606 2 2 2 6 1303 1328 1323
2607 2 2 2 6 1325 1330 1303
2608 2 2 2 6 1304 1359 1329
2609 2 2 2 6 1331 1366 1304
2610 2 2 2 6 1304 1366 1359
2611 2 2 2 6 1332 1333 1305
2612 2 2 2 6 1333 1334 1305
2613 2 2 2 6 1334 1344 1305
2614 2 2 2 6 1306 1367 1341
2615 2 2 2 6 1345 1349 1306
2616 2 2 2 6 1306 1365 1345
2617 2 2 2 6 1349 1367 1306
2618 2 2 2 6 1307 1330 1327
2619 2 2 2 6 1327 1346 1307
2620 2 2 2 6 1346 1362 1307
2621 2 2 2 6 1309 1317 1308
2622 2 2 2 6 1310 1311 1309
2623 2 2 2 6 1311 1313 1309
2624 2 2 2 6 1313 1317 1309
2625 2 2 2 6 1310 1312 1311
2626 2 2 2 6 1310 1314 1312
2627 2 2 2 6 1310 1342 1314
2628 2 2 2 6 1312 1316 1311
2629 2 2 2 6 1311 1361 1313
2630 2 2 2 6 1316 1361 1311
2631 2 2 2 6 1314 1315 1312
2632 2 2 2 6 1315 1353 1312
2633 2 2 2 6 1312 1353 1316
2634 2 2 2 6 1313 1340 1317
2635 2 2 2 6 1313 1354 1340
2636 2 2 2 6 1313 1361 1354
2637 2 2 2 6 1314 1350 1315
2638 2 2 2 6 1342 1343 1314
2639 2 2 2 6 1343 1350 1314
2640 2 2 2 6 1315 1350 1336
2641 2 2 2 6 1336 1352 1315
2642 2 2 2 6 1352 1353 1315
2643 2 2 2 6 1316 1360 1351
2644 2 2 2 6 1351 1361 1316
2645 2 2 2 6 1353 1360 1316
2646 2 2 2 6 1317 1340 1318
2647 2 2 2 6 1318 1320 1319
2648 2 2 2 6 1318 1321 1320
2649 2 2 2 6 1318 1340 1321
2650 2 2 2 6 1320 1328 1319
2651 2 2 2 6 1321 1322 1320
2652 2 2 2 6 1322 1323 1320
2653 2 2 2 6 1323 1328 1320
2654 2 2 2 6 1321 1356 1322
2655 2 2 2 6 1340 1355 1321
2656 2 2 2 6 1355 1356 1321
2657 2 2 2 6 1322 1324 1323
2658 2 2 2 6 1322 1358 1324
2659 2 2 2 6 1356 1358 1322
2660 2 2 2 6 1324 1325 1323
2661 2 2 2 6 1324 1326 1325
2662 2 2 2 6 1324 1359 1326
2663 2 2 2 6 1358 1359 1324
2664 2 2 2 6 1326 1327 1325
2665 2 2 2 6 1327 1330 1325
2666 2 2 2 6 1326 1369 1327
2667 2 2 2 6 1326 1366 1348
2668 2 2 2 6 1348 1369 1326
2669 2 2 2 6 1359 1366 1326
2670 2 2 2 6 1327 1369 1346
2671 2 2 2 6 1329 1359 1358
2672 2 2 2 6 1347 1348 1331
2673 2 2 2 6 1331 1363 1347
2674 2 2 2 6 1348 1366 1331
2675 2 2 2 6 1332 1352 1333
2676 2 2 2 6 1333 1335 1334
2677 2 2 2 6 1333 1336 1335
2678 2 2 2 6 1333 1352 1336
2679 2 2 2 6 1335 1368 1334
2680 2 2 2 6 1339 1344 1334
2681 2 2 2 6 1334 1368 1339
2682 2 2 2 6 1336 1357 1335
2683 2 2 2 6 1335 1367 1349
2684 2 2 2 6 1349 1368 1335
2685 2 2 2 6 1357 1367 1335
2686 2 2 2 6 1350 1357 1336
2687 2 2 2 6 1337 1355 1338
2688 2 2 2 6 1337 1356 1355
2689 2 2 2 6 1338 1355 1354
2690 2 2 2 6 1339 1364 1344
2691 2 2 2 6 1354 1355 1340
2692 2 2 2 6 1341 1367 1357
2693 2 2 2 7 8 1461 137
2694 2 2 2 7 154 1460 8
2695 2 2 2 7 8 1460 218
2696 2 2 2 7 218 1461 8
2697 2 2 2 7 197 1458 10
2698 2 2 2 7 10 1457 214
2699 2 2 2 7 215 1457 10
2700 2 2 2 7 10 1458 215
2701 2 2 2 7 137 1385 138
2702 2 2 2 7 137 1461 1385
2703 2 2 2 7 138 1448 139
2704 2 2 2 7 1385 1448 138
2705 2 2 2 7 139 1374 140
2706 2 2 2 7 139 1448 1374
2707 2 2 2 7 140 1445 141
2708 2 2 2 7 1374 1445 140
2709 2 2 2 7 141 1381 142
2710 2 2 2 7 141 1445 1381
2711 2 2 2 7 142 1433 143
2712 2 2 2 7 1381 1433 142
2713 2 2 2 7 143 1375 144
2714 2 2 2 7 143 1433 1375
2715 2 2 2 7 144 1462 145
2716 2 2 2 7 1375 1462 144
2717 2 2 2 7 145 1443 146
2718 2 2 2 7 145 1462 1443
2719 2 2 2 7 146 1378 147
2720 2 2 2 7 146 1443 1378
2721 2 2 2 7 147 1428 148
2722 2 2 2 7 1378 1428 147
2723 2 2 2 7 148 1380 149
2724 2 2 2 7 148 1428 1380
2725 2 2 2 7 149 1431 150
2726 2 2 2 7 1380 1431 149
2727 2 2 2 7 150 1453 151
2728 2 2 2 7 1431 1453 150
2729 2 2 2 7 151 1373 152
2730 2 2 2 7 151 1453 1373
2731 2 2 2 7 152 1447 153
2732 2 2 2 7 1373 1447 152
2733 2 2 2 7 153 1386 154
2734 2 2 2 7 153 1447 1386
2735 2 2 2 7 1386 1460 154
2736 2 2 2 7 198 1437 197
2737 2 2 2 7 1437 1458 197
2738 2 2 2 7 199 1379 198
2739 2 2 2 7 1379 1437 198
2740 2 2 2 7 200 1432 199
2741 2 2 2 7 199 1432 1379
2742 2 2 2 7 201 1446 200
2743 2 2 2 7 200 1446 1432
2744 2 2 2 7 202 1371 201
2745 2 2 2 7 1371 1446 201
2746 2 2 2 7 203 1441 202
2747 2 2 2 7 202 1441 1371
2748 2 2 2 7 204 1382 203
2749 2 2 2 7 1382 1441 203
2750 2 2 2 7 205 1429 204
2751 2 2 2 7 204 1429 1382
2752 2 2 2 7 206 1370 205
2753 2 2 2 7 1370 1429 205
2754 2 2 2 7 207 1426 206
2755 2 2 2 7 206 1426 1370
2756 2 2 2 7 208 1372 207
2757 2 2 2 7 1372 1426 207
2758 2 2 2 7 209 1439 208
2759 2 2 2 7 208 1439 1372
2760 2 2 2 7 210 1376 209
2761 2 2 2 7 1376 1439 209
2762 2 2 2 7 211 1444 210
2763 2 2 2 7 210 1444 1376
2764 2 2 2 7 212 1404 211
2765 2 2 2 7 1404 1444 211
2766 2 2 2 7 213 1377 212
2767 2 2 2 7 1377 1404 212
2768 2 2 2 7 214 1436 213
2769 2 2 2 7 213 1436 1377
2770 2 2 2 7 214 1457 1436
2771 2 2 2 7 216 1387 215
2772 2 2 2 7 215 1405 216
2773 2 2 2 7 1387 1457 215
2774 2 2 2 7 215 1458 1405
2775 2 2 2 7 217 1383 216
2776 2 2 2 7 216 1384 217
2777 2 2 2 7 1383 1387 216
2778 2 2 2 7 216 1405 1384
2779 2 2 2 7 218 1434 217
2780 2 2 2 7 217 1435 218
2781 2 2 2 7 217 1434 1383
2782 2 2 2 7 1384 1435 217
2783 2 2 2 7 218 1460 1434
2784 2 2 2 7 1435 1461 218
2785 2 2 2 7 1426 1442 1370
2786 2 2 2 7 1370 1430 1429
2787 2 2 2 7 1370 1442 1430
2788 2 2 2 7 1371 1414 1413
2789 2 2 2 7 1413 1446 1371
2790 2 2 2 7 1371 1415 1414
2791 2 2 2 7 1371 1441 1415
2792 2 2 2 7 1372 1427 1426
2793 2 2 2 7 1372 1459 1427
2794 2 2 2 7 1439 1459 1372
2795 2 2 2 7 1373 1392 1391
2796 2 2 2 7 1391 1447 1373
2797 2 2 2 7 1373 1393 1392
2798 2 2 2 7 1373 1453 1393
2799 2 2 2 7 1409 1410 1374
2800 2 2 2 7 1374 1448 1409
2801 2 2 2 7 1410 1418 1374
2802 2 2 2 7 1418 1445 1374
2803 2 2 2 7 1419 1420 1375
2804 2 2 2 7 1375 1433 1419
2805 2 2 2 7 1420 1421 1375
2806 2 2 2 7 1421 1462 1375
2807 2 2 2 7 1376 1398 1396
2808 2 2 2 7 1396 1399 1376
2809 2 2 2 7 1376 1444 1398
2810 2 2 2 7 1399 1439 1376
2811 2 2 2 7 1377 1436 1388
2812 2 2 2 7 1388 1451 1377
2813 2 2 2 7 1377 1451 1404
2814 2 2 2 7 1423 1440 1378
2815 2 2 2 7 1378 1443 1423
2816 2 2 2 7 1378 1455 1428
2817 2 2 2 7 1440 1455 1378
2818 2 2 2 7 1406 1437 1379
2819 2 2 2 7 1379 1450 1406
2820 2 2 2 7 1432 1450 1379
2821 2 2 2 7 1380 1428 1401
2822 2 2 2 7 1401 1449 1380
2823 2 2 2 7 1380 1449 1431
2824 2 2 2 7 1418 1438 1381
2825 2 2 2 7 1381 1445 1418
2826 2 2 2 7 1381 1452 1433
2827 2 2 2 7 1438 1452 1381
2828 2 2 2 7 1382 1429 1425
2829 2 2 2 7 1425 1454 1382
2830 2 2 2 7 1382 1454 1441
2831 2 2 2 7 1383 1388 1387
2832 2 2 2 7 1383 1389 1388
2833 2 2 2 7 1383 1434 1389
2834 2 2 2 7 1405 1406 1384
2835 2 2 2 7 1406 1407 1384
2836 2 2 2 7 1407 1435 1384
2837 2 2 2 7 1407 1409 1385
2838 2 2 2 7 1385 1435 1407
2839 2 2 2 7 1409 1448 1385
2840 2 2 2 7 1385 1461 1435
2841 2 2 2 7 1386 1391 1389
2842 2 2 2 7 1389 1434 1386
2843 2 2 2 7 1386 1447 1391
2844 2 2 2 7 1434 1460 1386
2845 2 2 2 7 1388 1436 1387
2846 2 2 2 7 1436 1457 1387
2847 2 2 2 7 1389 1390 1388
2848 2 2 2 7 1390 1451 1388
2849 2 2 2 7 1389 1391 1390
2850 2 2 2 7 1391 1392 1390
2851 2 2 2 7 1392 1403 1390
2852 2 2 2 7 1403 1451 1390
2853 2 2 2 7 1393 1394 1392
2854 2 2 2 7 1394 1403 1392
2855 2 2 2 7 1393 1395 1394
2856 2 2 2 7 1393 1431 1395
2857 2 2 2 7 1393 1453 1431
2858 2 2 2 7 1395 1396 1394
2859 2 2 2 7 1396 1398 1394
2860 2 2 2 7 1398 1403 1394
2861 2 2 2 7 1395 1397 1396
2862 2 2 2 7 1395 1449 1397
2863 2 2 2 7 1431 1449 1395
2864 2 2 2 7 1397 1399 1396
2865 2 2 2 7 1397 1400 1399
2866 2 2 2 7 1397 1401 1400
2867 2 2 2 7 1397 1449 1401
2868 2 2 2 7 1398 1404 1403
2869 2 2 2 7 1398 1444 1404
2870 2 2 2 7 1400 1459 1399
2871 2 2 2 7 1399 1459 1439
2872 2 2 2 7 1401 1402 1400
2873 2 2 2 7 1402 1427 1400
2874 2 2 2 7 1427 1459 1400
2875 2 2 2 7 1401 1455 1402
2876 2 2 2 7 1428 1455 1401
2877 2 2 2 7 1402 1456 1427
2878 2 2 2 7 1402 1455 1440
2879 2 2 2 7 1440 1456 1402
2880 2 2 2 7 1404 1451 1403
2881 2 2 2 7 1405 1437 1406
2882 2 2 2 7 1405 1458 1437
2883 2 2 2 7 1406 1408 1407
2884 2 2 2 7 1406 1450 1408
2885 2 2 2 7 1408 1409 1407
2886 2 2 2 7 1408 1410 1409
2887 2 2 2 7 1408 1411 1410
2888 2 2 2 7 1408 1450 1411
2889 2 2 2 7 1411 1412 1410
2890 2 2 2 7 1412 1418 1410
2891 2 2 2 7 1411 1413 1412
2892 2 2 2 7 1411 1432 1413
2893 2 2 2 7 1411 1450 1432
2894 2 2 2 7 1413 1414 1412
2895 2 2 2 7 1414 1438 1412
2896 2 2 2 7 1412 1438 1418
2897 2 2 2 7 1432 1446 1413
2898 2 2 2 7 1415 1416 1414
2899 2 2 2 7 1416 1438 1414
2900 2 2 2 7 1415 1417 1416
2901 2 2 2 7 1415 1454 1417
2902 2 2 2 7 1441 1454 1415
2903 2 2 2 7 1417 1419 1416
2904 2 2 2 7 1419 1452 1416
2905 2 2 2 7 1416 1452 1438
2906 2 2 2 7 1417 1420 1419
2907 2 2 2 7 1417 1425 1420
2908 2 2 2 7 1417 1454 1425
2909 2 2 2 7 1433 1452 1419
2910 2 2 2 7 1420 1422 1421
2911 2 2 2 7 1420 1425 1422
2912 2 2 2 7 1422 1423 1421
2913 2 2 2 7 1423 1443 1421
2914 2 2 2 7 1443 1462 1421
2915 2 2 2 7 1422 1424 1423
2916 2 2 2 7 1422 1430 1424
2917 2 2 2 7 1425 1430 1422
2918 2 2 2 7 1424 1440 1423
2919 2 2 2 7 1430 1442 1424
2920 2 2 2 7 1424 1456 1440
2921 2 2 2 7 1442 1456 1424
2922 2 2 2 7 1429 1430 1425
2923 2 2 2 7 1427 1442 1426
2924 2 2 2 7 1427 1456 1442
2925 4 2 1 3 647 2013 1565 2121
2926 4 2 1 3 1508 1709 1580 1862
2927 4 2 1 3 1482 1621 1511 1823
2928 4 2 1 3 684 1540 1652 1730
2929 4 2 1 3 1580 1709 1469 1862
2930 4 2 1 3 1360 1316 1351 1939
2931 4 2 1 3 984 1190 1533 1727
2932 4 2 1 3 1649 1936 1582 1980
2933 4 2 1 3 327 1754 1717 1958
2934 4 2 1 3 602 1628 1796 2022
2935 4 2 1 3 536 1649 1745 2135
2936 4 2 1 3 1026 1179 1571 1651
2937 4 2 1 3 1085 1640 1589 1757
2938 4 2 1 3 1565 1683 647 2121
2939 4 2 1 3 984 1533 1190 2140
2940 4 2 1 3 1360 1647 1316 1939
2941 4 2 1 3 1190 1533 1727 2140
2942 4 2 1 3 1040 1615 1559 1709
2943 4 2 1 3 1463 1593 1543 1719
2944 4 2 1 3 555 1628 1750 2157
2945 4 2 1 3 1511 1621 1482 1953
2946 4 2 1 3 1527 1652 1476 1730
2947 4 2 1 3 1475 1537 1728 1759
2948 4 2 1 3 647 812 2013 2121
2949 4 2 1 3 355 1654 418 1731
2950 4 2 1 3 366 1758 1686 1819
2951 4 2 1 3 316 304 627 1604
2952 4 2 1 3 683 1643 1521 1920
2953 4 2 1 3 1689 1728 1537 1759
2954 4 2 1 3 835 1917 1638 2005
2955 4 2 1 3 1521 1643 683 1718
2956 4 2 1 3 445 316 627 1604
2957 4 2 1 3 1245 1663 1524 1883
2958 4 2 1 3 536 1745 1616 2135
2959 4 2 1 3 2009 2087 1560 2193
2960 4 2 1 3 1543 1593 1463 1710
2961 4 2 1 3 1489 1806 1528 2094
2962 4 2 1 3 1489 1528 1595 2094
2963 4 2 1 3 1618 1619 698 1705
2964 4 2 1 3 1571 1651 1179 1727
2965 4 2 1 3 1483 1849 1530 1919
2966 4 2 1 3 1686 1758 1495 1819
2967 4 2 1 3 1479 1798 1556 1817
2968 4 2 1 3 385 1819 1686 2028
2969 4 2 1 3 1491 1893 1599 1895
2970 4 2 1 3 835 1836 1638 1917
2971 4 2 1 3 698 1619 1618 1882
2972 4 2 1 3 1530 1849 1612 1919
2973 4 2 1 3 358 651 296 1593
2974 4 2 1 3 649 296 651 1593
2975 4 2 1 3 1483 1612 1849 1919
2976 4 2 1 3 796 1157 868 2119
2977 4 2 1 3 1735 1916 751 2036
2978 4 2 1 3 796 868 1609 2119
2979 4 2 1 3 1491 1895 1599 1922
2980 4 2 1 3 684 1652 664 1730
2981 4 2 1 3 727 1683 1565 1807
2982 4 2 1 3 339 1843 1841 1874
2983 4 2 1 3 1526 1616 1469 1865
2984 4 2 1 3 868 2045 1609 2127
2985 4 2 1 3 1541 1597 1494 1650
2986 4 2 1 3 627 1604 304 1740
2987 4 2 1 3 1482 1511 1655 1823
2988 4 2 1 3 334 1593 332 1719
2989 4 2 1 3 1556 1808 1479 1817
2990 4 2 1 3 535 1799 1593 2117
2991 4 2 1 3 1489 1529 1806 2094
2992 4 2 1 3 402 1650 1644 1963
2993 4 2 1 3 1580 1508 1862 1936
2994 4 2 1 3 1841 1843 1513 1874
2995 4 2 1 3 1481 1902 1571 1942
2996 4 2 1 3 1717 1754 1517 1958
2997 4 2 1 3 1469 1580 1862 1936
2998 4 2 1 3 429 1649 1582 1980
2999 4 2 1 3 1403 1557 1739 1789
3000 4 2 1 3 1527 1476 1652 2055
3001 4 2 1 3 675 1582 1649 1677
3002 4 2 1 3 616 1647 1788 1798
3003 4 2 1 3 1629 1650 403 1963
3004 4 2 1 3 1482 1556 1817 2147
3005 4 2 1 3 1245 1524 1818 1883
3006 4 2 1 3 998 1576 1751 1933
3007 4 2 1 3 1586 529 1886 1922
3008 4 2 1 3 1482 1817 1712 2147
3009 4 2 1 3 1085 1180 1640 1757
3010 4 2 1 3 1469 1825 1559 2095
3011 4 2 1 3 1712 1817 1546 2147
3012 4 2 1 3 1038 1040 1559 1709
3013 4 2 1 3 355 1654 1731 1973
3014 4 2 1 3 1040 1559 1615 1761
3015 4 2 1 3 555 1549 1732 2157
3016 4 2 1 3 1514 1544 1836 2027
3017 4 2 1 3 1489 1595 1529 2094
3018 4 2 1 3 503 1738 1624 1897
3019 4 2 1 3 1517 1717 1484 1754
3020 4 2 1 3 890 1836 1847 1853
3021 4 2 1 3 372 311 624 1619
3022 4 2 1 3 1494 1597 1541 1954
3023 4 2 1 3 1068 1666 1952 2191
3024 4 2 1 3 1489 1595 1528 1974
3025 4 2 1 3 503 1527 1738 1897
3026 4 2 1 3 1644 1650 402 2073
3027 4 2 1 3 555 1750 1549 2157
3028 4 2 1 3 1514 1836 1544 1917
3029 4 2 1 3 1348 1819 1614 1878
3030 4 2 1 3 782 1607 657 1724
3031 4 2 1 3 684 1652 1540 1920
3032 4 2 1 3 1616 1469 1865 2135
3033 4 2 1 3 1476 1730 1652 2055
3034 4 2 1 3 1543 1626 1463 1679
3035 4 2 1 3 1068 951 1666 2191
3036 4 2 1 3 856 1787 1720 2188
3037 4 2 1 3 418 1654 355 1973
3038 4 2 1 3 1482 1712 1556 2147
3039 4 2 1 3 745 1985 1636 2051
3040 4 2 1 3 406 1642 944 1948
3041 4 2 1 3 1472 1646 1555 2047
3042 4 2 1 3 1474 1972 1984 2169
3043 4 2 1 3 1529 1595 1489 1658
3044 4 2 1 3 1489 1687 1660 1974
3045 4 2 1 3 936 1567 1303 1842
3046 4 2 1 3 441 1647 1360 1939
3047 4 2 1 3 1660 1687 1489 1877
3048 4 2 1 3 1584 461 1804 2178
3049 4 2 1 3 1617 2045 868 2127
3050 4 2 1 3 617 1647 1529 1788
3051 4 2 1 3 998 1812 1576 1933
3052 4 2 1 3 429 675 1582 1649
3053 4 2 1 3 1285 1642 1749 1948
3054 4 2 1 3 1623 1886 529 1922
3055 4 2 1 3 1535 1577 1505 2061
3056 4 2 1 3 671 2087 2009 2193
3057 4 2 1 3 400 1843 339 1874
3058 4 2 1 3 727 647 1565 1683
3059 4 2 1 3 1469 1531 1825 2095
3060 4 2 1 3 555 1732 1549 2164
3061 4 2 1 3 333 1852 1719 1951
3062 4 2 1 3 1068 1952 1603 2191
3063 4 2 1 3 1500 1672 1554 1833
3064 4 2 1 3 936 1303 1567 1809
3065 4 2 1 3 1389 1561 1772 1790
3066 4 2 1 3 1584 1771 1468 1830
3067 4 2 1 3 1640 1757 1513 1848
3068 4 2 1 3 1019 1669 1596 2030
3069 4 2 1 3 1771 1830 1584 2041
3070 4 2 1 3 1348 1878 1614 1909
3071 4 2 1 3 296 1593 649 1695
3072 4 2 1 3 1666 1749 1516 1890
3073 4 2 1 3 1776 1993 759 2158
3074 4 2 1 3 1467 1518 1680 1965
3075 4 2 1 3 698 568 1618 1705
3076 4 2 1 3 1500 1554 1672 2198
3077 4 2 1 3 234 1924 1805 1991
3078 4 2 1 3 671 2009 859 2193
3079 4 2 1 3 1587 1919 1678 1991
3080 4 2 1 3 1589 1640 1085 1905
3081 4 2 1 3 382 411 1347 1614
3082 4 2 1 3 998 1576 1001 1751
3083 4 2 1 3 384 418 1654 1731
3084 4 2 1 3 334 332 333 1719
3085 4 2 1 3 1474 1533 1700 1727
3086 4 2 1 3 890 910 1836 1853
3087 4 2 1 3 303 1636 665 1659
3088 4 2 1 3 332 1593 1695 1719
3089 4 2 1 3 1402 1794 1776 1815
3090 4 2 1 3 1245 1663 1266 1877
3091 4 2 1 3 1472 1525 1646 2047
3092 4 2 1 3 1136 1707 1539 1723
3093 4 2 1 3 1474 1972 1831 1984
3094 4 2 1 3 1474 1700 1533 1972
3095 4 2 1 3 1656 1893 1491 1895
3096 4 2 1 3 1104 1600 1773 1824
3097 4 2 1 3 1470 1802 1590 1833
3098 4 2 1 3 1549 1479 1708 1817
3099 4 2 1 3 1316 1647 1529 1939
3100 4 2 1 3 1596 1669 1019 1839
3101 4 2 1 3 550 1832 1561 2150
3102 4 2 1 3 1518 1467 1680 1869
3103 4 2 1 3 403 1650 1629 1973
3104 4 2 1 3 1011 1669 1019 2030
3105 4 2 1 3 1527 1791 1476 2055
3106 4 2 1 3 303 344 1636 1659
3107 4 2 1 3 1586 1886 1623 1922
3108 4 2 1 3 1523 1468 1771 1830
3109 4 2 1 3 1523 1830 1771 2041
3110 4 2 1 3 1511 1482 1655 1953
3111 4 2 1 3 366 1686 385 1819
3112 4 2 1 3 1539 1893 1656 1895
3113 4 2 1 3 1536 1697 1476 1791
3114 4 2 1 3 1501 1560 1613 2193
3115 4 2 1 3 1472 1838 1525 2047
3116 4 2 1 3 1463 1626 1543 1710
3117 4 2 1 3 617 616 1647 1788
3118 4 2 1 3 1115 1749 1516 1840
3119 4 2 1 3 812 647 1683 2121
3120 4 2 1 3 1589 1757 1640 1848
3121 4 2 1 3 1518 1680 1822 1869
3122 4 2 1 3 853 848 799 2083
3123 4 2 1 3 1687 1877 1660 1974
3124 4 2 1 3 1667 1993 1776 2158
3125 4 2 1 3 1535 1950 1577 2061
3126 4 2 1 3 1182 1541 1084 1963
3127 4 2 1 3 1480 2011 1542 2048
3128 4 2 1 3 385 1686 366 2028
3129 4 2 1 3 1542 2011 1870 2048
3130 4 2 1 3 1477 1875 1597 1954
3131 4 2 1 3 1476 1527 1730 1897
3132 4 2 1 3 1479 1556 1798 1808
3133 4 2 1 3 1893 1895 1539 2125
3134 4 2 1 3 1527 1652 1791 2055
3135 4 2 1 3 1190 1727 1700 2140
3136 4 2 1 3 1481 1770 1571 1902
3137 4 2 1 3 1545 1995 1471 2081
3138 4 2 1 3 1471 1995 1690 2081
3139 4 2 1 3 1588 1875 1759 2177
3140 4 2 1 3 1489 1595 1974 2103
3141 4 2 1 3 830 421 1607 1685
3142 4 2 1 3 1445 1923 1741 1988
3143 4 2 1 3 848 1617 799 2083
3144 4 2 1 3 600 1678 1919 1991
3145 4 2 1 3 1568 1776 1667 1993
3146 4 2 1 3 1624 1738 1527 1897
3147 4 2 1 3 1136 1707 1723 2088
3148 4 2 1 3 626 819 1657 1915
3149 4 2 1 3 1550 1759 1875 2177
3150 4 2 1 3 1550 1759 1588 1875
3151 4 2 1 3 1582 1936 1816 1980
3152 4 2 1 3 694 1672 696 2053
3153 4 2 1 3 550 1561 1696 2150
3154 4 2 1 3 1018 1596 1707 2030
3155 4 2 1 3 1514 1836 1638 2027
3156 4 2 1 3 278 1805 1820 1929
3157 4 2 1 3 1474 1984 1831 2169
3158 4 2 1 3 392 1642 406 1948
3159 4 2 1 3 379 1604 318 1779
3160 4 2 1 3 1505 1577 1535 2048
3161 4 2 1 3 1478 1930 1908 2125
3162 4 2 1 3 1541 1866 1084 1963
3163 4 2 1 3 1542 1502 1635 1864
3164 4 2 1 3 1018 1596 1020 1707
3165 4 2 1 3 1542 1635 1560 1864
3166 4 2 1 3 762 1714 315 1731
3167 4 2 1 3 696 2053 1672 2186
3168 4 2 1 3 1495 1835 1614 1878
3169 4 2 1 3 1549 1479 1662 1708
3170 4 2 1 3 1536 1476 1697 1755
3171 4 2 1 3 372 1619 448 1740
3172 4 2 1 3 1036 1692 1580 1709
3173 4 2 1 3 1471 1825 1531 1967
3174 4 2 1 3 278 1820 1805 1856
3175 4 2 1 3 372 624 448 1619
3176 4 2 1 3 1722 1771 1584 2201
3177 4 2 1 3 1529 1647 1316 1780
3178 4 2 1 3 1019 1669 1011 1839
3179 4 2 1 3 1501 1613 1734 2193
3180 4 2 1 3 1471 1690 1825 1967
3181 4 2 1 3 1588 1492 1875 2177
3182 4 2 1 3 698 595 568 1705
3183 4 2 1 3 1517 1484 1705 1754
3184 4 2 1 3 397 1852 333 1951
3185 4 2 1 3 1584 1804 1632 2178
3186 4 2 1 3 1474 1572 1904 1925
3187 4 2 1 3 1698 1914 1508 1987
3188 4 2 1 3 1156 868 1609 2127
3189 4 2 1 3 1604 1646 318 1779
3190 4 2 1 3 1597 1875 1541 1954
3191 4 2 1 3 1544 1613 1481 1756
3192 4 2 1 3 615 1776 1568 1993
3193 4 2 1 3 836 1544 874 1734
3194 4 2 1 3 868 1156 1609 2119
3195 4 2 1 3 441 1360 1351 1939
3196 4 2 1 3 1653 1771 1722 2201
3197 4 2 1 3 327 1517 1754 1958
3198 4 2 1 3 384 355 418 1731
3199 4 2 1 3 1571 1727 1533 1902
3200 4 2 1 3 1553 1578 1482 1712
3201 4 2 1 3 833 1685 1607 1747
3202 4 2 1 3 1606 1919 1587 1991
3203 4 2 1 3 1250 1085 1180 1640
3204 4 2 1 3 868 1157 1156 2119
3205 4 2 1 3 1735 1797 1591 2099
3206 4 2 1 3 1472 1779 1604 1994
3207 4 2 1 3 1485 1562 1661 2168
3208 4 2 1 3 1514 1927 1544 2027
3209 4 2 1 3 1598 1641 679 2032
3210 4 2 1 3 1489 1974 1660 2103
3211 4 2 1 3 1180 1640 1757 1874
3212 4 2 1 3 1483 1576 1849 1933
3213 4 2 1 3 400 1843 1874 2059
3214 4 2 1 3 402 352 1650 1963
3215 4 2 1 3 503 1738 1527 2174
3216 4 2 1 3 1478 1653 1908 1930
3217 4 2 1 3 830 1607 421 1992
3218 4 2 1 3 1506 1539 1895 2125
3219 4 2 1 3 1416 1452 1519 1816
3220 4 2 1 3 1870 2011 1577 2048
3221 4 2 1 3 1245 1524 1663 1877
3222 4 2 1 3 1653 1584 1771 2201
3223 4 2 1 3 1588 1759 1492 2177
3224 4 2 1 3 1478 1908 1585 2125
3225 4 2 1 3 1366 1878 1348 1909
3226 4 2 1 3 1115 1516 1749 1890
3227 4 2 1 3 1700 1984 1972 2169
3228 4 2 1 3 1392 1739 1605 1789
3229 4 2 1 3 1327 1694 1819 1878
3230 4 2 1 3 260 1820 1870 1929
3231 4 2 1 3 1686 1819 1614 2028
3232 4 2 1 3 856 818 1175 1787
3233 4 2 1 3 1568 1794 1449 2180
3234 4 2 1 3 1289 2153 1725 2167
3235 4 2 1 3 1514 1638 1836 1917
3236 4 2 1 3 745 1659 1636 1985
3237 4 2 1 3 1572 1902 1474 1904
3238 4 2 1 3 1571 1902 1572 1904
3239 4 2 1 3 403 1650 352 1963
3240 4 2 1 3 939 1720 856 1787
3241 4 2 1 3 1040 1205 1038 1559
3242 4 2 1 3 675 1649 537 1677
3243 4 2 1 3 1717 1754 327 2007
3244 4 2 1 3 1289 1091 1725 2153
3245 4 2 1 3 1529 1647 617 1939
3246 4 2 1 3 1104 1600 1102 1773
3247 4 2 1 3 1902 1925 1699 2038
3248 4 2 1 3 984 1727 1533 1942
3249 4 2 1 3 1526 1672 1468 1722
3250 4 2 1 3 846 1822 1715 1861
3251 4 2 1 3 1289 1725 1211 2167
3252 4 2 1 3 1500 1590 1802 1833
3253 4 2 1 3 1356 1760 1512 1855
3254 4 2 1 3 675 731 537 1649
3255 4 2 1 3 1485 1661 1620 2168
3256 4 2 1 3 1115 1749 1666 1890
3257 4 2 1 3 1474 1532 1831 1972
3258 4 2 1 3 1684 1778 1762 2198
3259 4 2 1 3 1614 1878 1835 1909
3260 4 2 1 3 1559 1825 1531 2095
3261 4 2 1 3 687 1616 1745 2178
3262 4 2 1 3 1604 1779 1602 1994
3263 4 2 1 3 297 944 406 1642
3264 4 2 1 3 332 1593 296 1695
3265 4 2 1 3 1484 1517 1705 1894
3266 4 2 1 3 417 380 366 1819
3267 4 2 1 3 1474 1727 1571 1902
3268 4 2 1 3 1797 1995 1591 2099
3269 4 2 1 3 1486 1807 1569 1976
3270 4 2 1 3 1572 1925 1902 2038
3271 4 2 1 3 1538 1716 1605 1739
3272 4 2 1 3 1482 1578 1553 1823
3273 4 2 1 3 568 698 1618 1882
3274 4 2 1 3 1611 1708 1479 1817
3275 4 2 1 3 1571 1727 1179 1942
3276 4 2 1 3 909 1813 1747 1917
3277 4 2 1 3 1571 1474 1902 1904
3278 4 2 1 3 536 1649 614 1745
3279 4 2 1 3 531 481 1623 1979
3280 4 2 1 3 1485 1551 1786 2168
3281 4 2 1 3 727 1565 647 2013
3282 4 2 1 3 1495 1534 1835 1878
3283 4 2 1 3 1677 1865 1469 2135
3284 4 2 1 3 1467 1680 1698 1965
3285 4 2 1 3 782 1607 1724 1940
3286 4 2 1 3 984 1190 978 2140
3287 4 2 1 3 446 626 819 1657
3288 4 2 1 3 1455 1815 1776 2142
3289 4 2 1 3 1282 1547 1094 1698
3290 4 2 1 3 1026 1651 1571 1737
3291 4 2 1 3 379 1604 1779 1911
3292 4 2 1 3 1835 1878 1534 1909
3293 4 2 1 3 1574 1802 1470 1833
3294 4 2 1 3 1541 1182 1850 1963
3295 4 2 1 3 651 1593 358 1752
3296 4 2 1 3 1474 1904 1535 1925
3297 4 2 1 3 1036 1580 1037 1709
3298 4 2 1 3 1465 1685 1916 2086
3299 4 2 1 3 355 1731 1714 1973
3300 4 2 1 3 1805 1924 1587 1991
3301 4 2 1 3 1136 1135 1707 2088
3302 4 2 1 3 1474 1727 1700 2169
3303 4 2 1 3 1285 1749 1642 1952
3304 4 2 1 3 1621 1824 1104 2165
3305 4 2 1 3 664 1730 1652 2131
3306 4 2 1 3 751 1916 587 2036
3307 4 2 1 3 664 663 1730 2131
3308 4 2 1 3 1196 1539 1023 2123
3309 4 2 1 3 1700 1727 1533 2140
3310 4 2 1 3 1532 1474 1699 1902
3311 4 2 1 3 415 386 1629 1829
3312 4 2 1 3 618 1792 1750 2022
3313 4 2 1 3 1023 1539 1136 1707
3314 4 2 1 3 1483 1530 1678 1919
3315 4 2 1 3 392 1717 1642 1948
3316 4 2 1 3 1569 1797 1471 2122
3317 4 2 1 3 1512 1760 1356 1768
3318 4 2 1 3 296 332 334 1593
3319 4 2 1 3 411 1363 1347 1614
3320 4 2 1 3 272 1622 290 2124
3321 4 2 1 3 1289 1091 1211 1725
3322 4 2 1 3 819 795 446 1657
3323 4 2 1 3 318 1646 1604 2017
3324 4 2 1 3 1831 1972 1532 1984
3325 4 2 1 3 1036 1692 1709 2095
3326 4 2 1 3 1607 1685 657 1724
3327 4 2 1 3 1526 1468 1672 1762
3328 4 2 1 3 1591 1471 1797 2122
3329 4 2 1 3 1023 1196 1136 1539
3330 4 2 1 3 1416 1519 1452 1763
3331 4 2 1 3 1519 1816 1452 1980
3332 4 2 1 3 1471 1778 1684 2198
3333 4 2 1 3 1522 1771 1722 2137
3334 4 2 1 3 1747 1813 1514 1917
3335 4 2 1 3 1481 1533 1902 1942
3336 4 2 1 3 1474 1700 1972 2169
3337 4 2 1 3 1532 1902 1699 2038
3338 4 2 1 3 1480 1535 1871 2011
3339 4 2 1 3 844 1822 846 1861
3340 4 2 1 3 1327 1819 1369 1878
3341 4 2 1 3 1569 1471 1726 2122
3342 4 2 1 3 1683 1735 751 2036
3343 4 2 1 3 684 1540 1730 2161
3344 4 2 1 3 1551 1915 1786 1978
3345 4 2 1 3 1513 1874 1843 2059
3346 4 2 1 3 281 1870 1854 2016
3347 4 2 1 3 277 1681 1592 1785
3348 4 2 1 3 626 1915 1657 2199
3349 4 2 1 3 1503 1708 1817 2157
3350 4 2 1 3 1219 1840 1679 2068
3351 4 2 1 3 663 1897 1730 2131
3352 4 2 1 3 1571 1701 1481 1942
3353 4 2 1 3 1517 2077 1993 2104
3354 4 2 1 3 385 1614 1819 2028
3355 4 2 1 3 1471 1684 1762 2198
3356 4 2 1 3 1870 1929 1820 2048
3357 4 2 1 3 1481 1613 1572 1756
3358 4 2 1 3 665 1636 745 1659
3359 4 2 1 3 1605 1716 1472 1739
3360 4 2 1 3 1575 2039 1766 2084
3361 4 2 1 3 508 1689 1588 1728
3362 4 2 1 3 1679 1840 1566 2068
3363 4 2 1 3 1517 1484 1717 1894
3364 4 2 1 3 1725 1903 1779 1944
3365 4 2 1 3 424 224 1688 2057
3366 4 2 1 3 1638 1917 1514 2005
3367 4 2 1 3 679 1641 1598 1711
3368 4 2 1 3 1716 1983 1605 2093
3369 4 2 1 3 1807 1955 1569 1976
3370 4 2 1 3 1571 1481 1701 1770
3371 4 2 1 3 504 1624 503 1738
3372 4 2 1 3 481 1804 1623 1979
3373 4 2 1 3 1048 1883 1725 2153
3374 4 2 1 3 1672 1833 1500 1971
3375 4 2 1 3 1541 1644 1492 1650
3376 4 2 1 3 1475 1527 1728 1791
3377 4 2 1 3 1484 1754 1717 2007
3378 4 2 1 3 328 327 1717 1958
3379 4 2 1 3 1483 1751 1576 1933
3380 4 2 1 3 1993 2077 720 2104
3381 4 2 1 3 528 1726 2102 2176
3382 4 2 1 3 1508 1698 1547 1914
3383 4 2 1 3 658 657 782 1607
3384 4 2 1 3 1420 1936 1649 1980
3385 4 2 1 3 1529 1780 1361 1806
3386 4 2 1 3 1719 1852 1543 1951
3387 4 2 1 3 1619 1740 323 1811
3388 4 2 1 3 1543 1679 1225 1905
3389 4 2 1 3 1036 1709 1037 2095
3390 4 2 1 3 1311 1361 1780 1806
3391 4 2 1 3 550 1561 746 1696
3392 4 2 1 3 1584 462 2178 2201
3393 4 2 1 3 833 1607 831 1747
3394 4 2 1 3 1550 1669 1010 1834
3395 4 2 1 3 600 1587 1678 1991
3396 4 2 1 3 1185 2092 1697 2096
3397 4 2 1 3 1473 1757 1513 1982
3398 4 2 1 3 593 1957 1673 2097
3399 4 2 1 3 550 1873 1832 2150
3400 4 2 1 3 1597 1541 1875 2197
3401 4 2 1 3 1004 1704 1601 1892
3402 4 2 1 3 1542 1635 1502 2016
3403 4 2 1 3 1506 1895 1539 1930
3404 4 2 1 3 421 657 1607 1685
3405 4 2 1 3 1468 1584 1722 1771
3406 4 2 1 3 1559 1709 1469 2095
3407 4 2 1 3 1038 1559 1205 1967
3408 4 2 1 3 290 1622 272 1829
3409 4 2 1 3 1104 1824 1621 1932
3410 4 2 1 3 461 1584 462 2178
3411 4 2 1 3 1520 1735 1591 2099
3412 4 2 1 3 1380 1449 1568 1776
3413 4 2 1 3 438 1655 1792 1938
3414 4 2 1 3 1728 1791 1527 2131
3415 4 2 1 3 1501 1734 1613 1836
3416 4 2 1 3 1363 411 770 1614
3417 4 2 1 3 530 1586 529 1886
3418 4 2 1 3 536 687 1616 1745
3419 4 2 1 3 1482 1817 1556 1970
3420 4 2 1 3 1549 1817 1708 2157
3421 4 2 1 3 402 1650 352 2073
3422 4 2 1 3 380 1758 366 1819
3423 4 2 1 3 1402 1776 1455 1815
3424 4 2 1 3 1156 1617 868 2127
3425 4 2 1 3 1722 1771 1653 2137
3426 4 2 1 3 319 323 1740 1811
3427 4 2 1 3 1547 1094 1698 1764
3428 4 2 1 3 1084 1541 1182 2163
3429 4 2 1 3 438 1792 801 1938
3430 4 2 1 3 1500 1778 1590 1833
3431 4 2 1 3 403 352 1650 1973
3432 4 2 1 3 555 553 1628 2157
3433 4 2 1 3 615 759 1776 1993
3434 4 2 1 3 1219 1566 1840 2068
3435 4 2 1 3 429 1582 675 1980
3436 4 2 1 3 1605 1716 1538 1983
3437 4 2 1 3 1106 1701 1638 2040
3438 4 2 1 3 652 535 1593 2117
3439 4 2 1 3 1473 1513 1757 1848
3440 4 2 1 3 1508 1914 1816 1936
3441 4 2 1 3 1597 1650 1541 2197
3442 4 2 1 3 1501 1847 1836 1853
3443 4 2 1 3 1534 1768 1329 2108
3444 4 2 1 3 1572 1871 1480 1904
3445 4 2 1 3 535 1781 1593 1799
3446 4 2 1 3 1115 1840 1516 2148
3447 4 2 1 3 358 296 334 1593
3448 4 2 1 3 895 909 834 2005
3449 4 2 1 3 1392 1789 1605 2031
3450 4 2 1 3 1463 1958 1566 2104
3451 4 2 1 3 1500 1762 1684 1778
3452 4 2 1 3 1481 1613 1544 2027
3453 4 2 1 3 1602 1911 1729 2141
3454 4 2 1 3 1081 1675 1583 1737
3455 4 2 1 3 281 1583 1854 1870
3456 4 2 1 3 528 1726 1672 2102
3457 4 2 1 3 727 648 1683 1807
3458 4 2 1 3 1354 1806 1633 1939
3459 4 2 1 3 243 1681 277 1785
3460 4 2 1 3 1697 1791 1536 1845
3461 4 2 1 3 1327 1809 1694 1878
3462 4 2 1 3 1302 1338 623 1633
3463 4 2 1 3 1473 1513 1848 1982
3464 4 2 1 3 699 1678 1535 2078
3465 4 2 1 3 925 853 799 2083
3466 4 2 1 3 1539 1707 1023 2123
3467 4 2 1 3 1523 1634 1468 2056
3468 4 2 1 3 1613 1756 1544 2126
3469 4 2 1 3 1995 2086 1591 2099
3470 4 2 1 3 699 1535 1678 1950
3471 4 2 1 3 1505 1577 1929 2061
3472 4 2 1 3 844 1822 1861 2195
3473 4 2 1 3 1502 1635 1560 2188
3474 4 2 1 3 1647 1788 1798 2094
3475 4 2 1 3 579 600 1678 1919
3476 4 2 1 3 1451 1548 1739 1966
3477 4 2 1 3 1269 1749 1566 1948
3478 4 2 1 3 1548 1725 1048 1883
3479 4 2 1 3 1517 1566 2104 2106
3480 4 2 1 3 1464 1570 1656 1999
3481 4 2 1 3 1530 1612 1476 1730
3482 4 2 1 3 1729 1911 390 2141
3483 4 2 1 3 1500 1672 1762 2198
3484 4 2 1 3 1715 1822 1518 1861
3485 4 2 1 3 1482 1621 1553 2165
3486 4 2 1 3 936 1567 1145 1809
3487 4 2 1 3 1575 1702 1465 2018
3488 4 2 1 3 1454 1914 1921 1936
3489 4 2 1 3 218 1461 1658 2149
3490 4 2 1 3 1451 1739 1548 2143
3491 4 2 1 3 1483 1606 1587 1924
3492 4 2 1 3 894 1847 861 2188
3493 4 2 1 3 868 925 799 1617
3494 4 2 1 3 1560 1635 1502 1864
3495 4 2 1 3 1548 1772 1451 2143
3496 4 2 1 3 1537 1728 1689 2132
3497 4 2 1 3 830 1607 833 1685
3498 4 2 1 3 1510 1955 1807 1976
3499 4 2 1 3 1104 1600 1824 1932
3500 4 2 1 3 555 1732 553 2157
3501 4 2 1 3 313 370 415 1629
3502 4 2 1 3 326 1717 327 2007
3503 4 2 1 3 1577 1950 1929 2061
3504 4 2 1 3 1486 1797 1559 1955
3505 4 2 1 3 1575 1465 1859 2018
3506 4 2 1 3 1672 1722 1522 1971
3507 4 2 1 3 369 426 298 1641
3508 4 2 1 3 1115 1516 1890 2148
3509 4 2 1 3 699 1535 1925 2078
3510 4 2 1 3 975 1700 979 2092
3511 4 2 1 3 883 1915 1551 1978
3512 4 2 1 3 411 456 770 1614
3513 4 2 1 3 1697 2092 1504 2096
3514 4 2 1 3 1185 1697 1845 2096
3515 4 2 1 3 1500 1762 1778 2198
3516 4 2 1 3 1505 1820 1805 1929
3517 4 2 1 3 546 1983 1716 2093
3518 4 2 1 3 1538 1472 1716 1739
3519 4 2 1 3 1465 1702 1575 2151
3520 4 2 1 3 1472 1555 1646 1779
3521 4 2 1 3 1486 1569 1797 1955
3522 4 2 1 3 1530 1476 1612 1849
3523 4 2 1 3 1489 1528 1687 1974
3524 4 2 1 3 1490 1839 1759 1981
3525 4 2 1 3 1518 1467 1869 1965
3526 4 2 1 3 547 1832 550 1873
3527 4 2 1 3 1547 1698 1508 2079
3528 4 2 1 3 598 602 1628 1796
3529 4 2 1 3 1523 1468 1645 2056
3530 4 2 1 3 598 1741 1628 1960
3531 4 2 1 3 686 1985 745 2051
3532 4 2 1 3 1302 623 449 1633
3533 4 2 1 3 859 2009 816 2193
3534 4 2 1 3 537 1677 1649 2135
3535 4 2 1 3 1503 1708 1611 1817
3536 4 2 1 3 1602 1779 1604 1911
3537 4 2 1 3 853 1861 848 2083
3538 4 2 1 3 1489 1529 1658 2020
3539 4 2 1 3 1636 1659 344 1810
3540 4 2 1 3 553 1732 1628 2157
3541 4 2 1 3 1545 1471 1684 2081
3542 4 2 1 3 1655 1750 758 1792
3543 4 2 1 3 1539 1895 1656 1930
3544 4 2 1 3 801 827 1938 2129
3545 4 2 1 3 683 1643 470 1718
3546 4 2 1 3 720 572 1993 2104
3547 4 2 1 3 994 1026 1179 1571
3548 4 2 1 3 1717 1749 1642 1948
3549 4 2 1 3 1805 1820 1505 1856
3550 4 2 1 3 1566 1463 2104 2106
3551 4 2 1 3 994 1571 1179 1942
3552 4 2 1 3 1309 1780 1528 1806
3553 4 2 1 3 1779 1903 1602 1944
3554 4 2 1 3 1623 1979 1804 2041
3555 4 2 1 3 1219 1269 1566 1948
3556 4 2 1 3 1632 1804 461 2178
3557 4 2 1 3 1566 1679 1463 1840
3558 4 2 1 3 1118 1104 1824 2165
3559 4 2 1 3 1501 1613 1560 1864
3560 4 2 1 3 1551 1485 1786 1915
3561 4 2 1 3 1869 1965 1467 2079
3562 4 2 1 3 1486 1569 1955 1976
3563 4 2 1 3 1472 1602 1779 1994
3564 4 2 1 3 1652 1791 1728 2131
3565 4 2 1 3 400 341 339 1843
3566 4 2 1 3 1492 1875 1541 2197
3567 4 2 1 3 1474 1533 1727 1902
3568 4 2 1 3 426 298 1641 1752
3569 4 2 1 3 1590 1833 1778 1898
3570 4 2 1 3 1520 1591 2086 2099
3571 4 2 1 3 315 1714 355 1731
3572 4 2 1 3 1465 1607 1685 1747
3573 4 2 1 3 328 327 326 1717
3574 4 2 1 3 1463 1719 1566 1958
3575 4 2 1 3 684 1730 480 2161
3576 4 2 1 3 895 834 1917 2005
3577 4 2 1 3 1518 1861 1822 2195
3578 4 2 1 3 1490 1596 1839 1981
3579 4 2 1 3 1597 1713 1477 1954
3580 4 2 1 3 1480 1770 1721 1871
3581 4 2 1 3 1591 1726 1471 2122
3582 4 2 1 3 1492 1541 1650 2197
3583 4 2 1 3 470 1643 683 1920
3584 4 2 1 3 1158 1210 1609 1702
3585 4 2 1 3 386 1654 1629 1829
3586 4 2 1 3 1494 1629 1541 1650
3587 4 2 1 3 1699 1925 1774 2078
3588 4 2 1 3 1557 1497 1789 1918
3589 4 2 1 3 1828 2004 264 2057
3590 4 2 1 3 1572 1770 1480 1871
3591 4 2 1 3 1356 1855 1512 1968
3592 4 2 1 3 1685 1747 833 1901
3593 4 2 1 3 423 803 874 1734
3594 4 2 1 3 1481 1572 1613 1770
3595 4 2 1 3 1623 1506 1979 2041
3596 4 2 1 3 1700 1998 979 2092
3597 4 2 1 3 1554 2102 1726 2176
3598 4 2 1 3 1442 1753 1736 2044
3599 4 2 1 3 1309 1528 1780 2189
3600 4 2 1 3 1535 1904 1572 1925
3601 4 2 1 3 895 1917 835 2005
3602 4 2 1 3 782 658 1607 1940
3603 4 2 1 3 1603 1789 1497 1918
3604 4 2 1 3 1403 1739 1392 1789
3605 4 2 1 3 1118 1824 1670 2165
3606 4 2 1 3 322 390 1729 1911
3607 4 2 1 3 1356 1321 1760 1855
3608 4 2 1 3 1118 1670 1824 2110
3609 4 2 1 3 1691 1828 264 2057
3610 4 2 1 3 1302 1633 449 1939
3611 4 2 1 3 1575 1227 2039 2084
3612 4 2 1 3 694 1722 1672 2053
3613 4 2 1 3 1725 1903 1211 2167
3614 4 2 1 3 649 1593 726 1695
3615 4 2 1 3 1465 1863 1859 2018
3616 4 2 1 3 1480 1770 1572 1904
3617 4 2 1 3 666 303 356 1636
3618 4 2 1 3 1526 1469 1616 1777
3619 4 2 1 3 1199 1603 1642 1729
3620 4 2 1 3 1672 2053 1526 2186
3621 4 2 1 3 529 1586 532 1922
3622 4 2 1 3 1812 1849 1576 1933
3623 4 2 1 3 1426 957 1608 1753
3624 4 2 1 3 1602 390 1911 2141
3625 4 2 1 3 1468 1523 1645 1830
3626 4 2 1 3 840 1784 1680 2138
3627 4 2 1 3 778 600 1919 1991
3628 4 2 1 3 1585 1478 1718 1908
3629 4 2 1 3 1316 1361 1529 1780
3630 4 2 1 3 400 341 1843 2059
3631 4 2 1 3 1217 1446 1661 1682
3632 4 2 1 3 1466 1772 1663 1883
3633 4 2 1 3 1521 1718 2003 2008
3634 4 2 1 3 883 889 1915 1978
3635 4 2 1 3 1463 1719 1958 2104
3636 4 2 1 3 1620 1682 1414 1763
3637 4 2 1 3 1519 1452 1763 1961
3638 4 2 1 3 1486 1565 1683 1807
3639 4 2 1 3 1562 1682 1661 2168
3640 4 2 1 3 1541 1850 1182 2163
3641 4 2 1 3 1474 1774 1699 1925
3642 4 2 1 3 656 1685 873 2036
3643 4 2 1 3 1566 1840 1463 2106
3644 4 2 1 3 839 1784 840 2138
3645 4 2 1 3 975 976 979 1700
3646 4 2 1 3 1550 1010 1669 2133
3647 4 2 1 3 819 1915 626 2199
3648 4 2 1 3 1513 1757 1640 1874
3649 4 2 1 3 1475 1728 1652 1791
3650 4 2 1 3 1465 1685 1724 1916
3651 4 2 1 3 1552 1625 1467 1706
3652 4 2 1 3 1543 1719 1593 1852
3653 4 2 1 3 1474 1651 1571 1727
3654 4 2 1 3 1468 1722 1672 1971
3655 4 2 1 3 1401 1568 1449 1776
3656 4 2 1 3 1361 1316 1529 1939
3657 4 2 1 3 1652 1730 1527 1897
3658 4 2 1 3 1482 1553 1621 1823
3659 4 2 1 3 1497 1603 1729 1811
3660 4 2 1 3 1581 2021 1674 2138
3661 4 2 1 3 1470 1802 1693 2111
3662 4 2 1 3 424 1688 1579 2057
3663 4 2 1 3 1854 1870 1583 2016
3664 4 2 1 3 1646 1555 2047 2160
3665 4 2 1 3 1482 1556 1712 1769
3666 4 2 1 3 1465 1702 1863 2018
3667 4 2 1 3 1282 1094 1547 1764
3668 4 2 1 3 1468 1526 1722 2053
3669 4 2 1 3 1472 1557 1739 1966
3670 4 2 1 3 1472 1944 1557 1966
3671 4 2 1 3 1504 2092 1693 2096
3672 4 2 1 3 624 1619 311 1754
3673 4 2 1 3 1482 1549 1817 1970
3674 4 2 1 3 416 385 366 2028
3675 4 2 1 3 1471 1690 1684 2081
3676 4 2 1 3 882 1674 2021 2138
3677 4 2 1 3 531 1979 1623 2006
3678 4 2 1 3 1282 1764 1547 1906
3679 4 2 1 3 1736 1753 1733 1830
3680 4 2 1 3 1536 1477 1743 2042
3681 4 2 1 3 683 1920 1521 2154
3682 4 2 1 3 1895 1922 1623 2006
3683 4 2 1 3 602 1796 1657 2022
3684 4 2 1 3 1451 1772 1548 1818
3685 4 2 1 3 525 1564 1724 2034
3686 4 2 1 3 1234 1631 282 2179
3687 4 2 1 3 1672 2102 1726 2198
3688 4 2 1 3 698 1740 1619 1882
3689 4 2 1 3 1468 1777 1526 2053
3690 4 2 1 3 463 2178 462 2201
3691 4 2 1 3 1602 1911 1604 1994
3692 4 2 1 3 1605 1983 551 2093
3693 4 2 1 3 278 238 1805 1929
3694 4 2 1 3 1007 1550 1010 1834
3695 4 2 1 3 1245 1050 1663 1883
3696 4 2 1 3 533 1667 1586 2158
3697 4 2 1 3 1663 1772 1524 1883
3698 4 2 1 3 1617 1872 1251 2083
3699 4 2 1 3 793 1803 727 2013
3700 4 2 1 3 316 317 304 1604
3701 4 2 1 3 441 617 1647 1939
3702 4 2 1 3 1030 1626 1570 1934
3703 4 2 1 3 1725 1883 1630 2153
3704 4 2 1 3 1535 1480 1904 2048
3705 4 2 1 3 758 1750 618 1792
3706 4 2 1 3 1470 1643 1826 2120
3707 4 2 1 3 1520 1916 1735 2036
3708 4 2 1 3 1929 1950 1587 2061
3709 4 2 1 3 1124 944 297 1642
3710 4 2 1 3 1309 1780 1310 2189
3711 4 2 1 3 1572 2038 1902 2159
3712 4 2 1 3 521 1711 1598 1765
3713 4 2 1 3 1469 1928 1580 1936
3714 4 2 1 3 1474 1699 1902 1925
3715 4 2 1 3 522 1711 1765 2115
3716 4 2 1 3 1481 1756 1572 1902
3717 4 2 1 3 712 795 871 1657
3718 4 2 1 3 1502 1560 1847 2188
3719 4 2 1 3 1388 1772 1524 1790
3720 4 2 1 3 272 1654 1622 2124
3721 4 2 1 3 1563 1849 1812 1933
3722 4 2 1 3 463 1722 2178 2201
3723 4 2 1 3 1490 1648 1596 2190
3724 4 2 1 3 1622 1654 272 1829
3725 4 2 1 3 1571 1651 1474 1904
3726 4 2 1 3 1366 1326 1348 1878
3727 4 2 1 3 998 1563 1812 1933
3728 4 2 1 3 979 1700 1727 1998
3729 4 2 1 3 1570 1608 1464 2054
3730 4 2 1 3 979 1700 1190 1727
3731 4 2 1 3 1397 1449 1794 2180
3732 4 2 1 3 1643 1718 1521 2008
3733 4 2 1 3 1466 1663 1772 1900
3734 4 2 1 3 848 1861 1715 2083
3735 4 2 1 3 848 1715 1617 2083
3736 4 2 1 3 1483 1587 1805 1924
3737 4 2 1 3 1206 1559 1040 1761
3738 4 2 1 3 1491 1905 1710 2019
3739 4 2 1 3 1667 1776 1568 1794
3740 4 2 1 3 1468 1748 1531 1947
3741 4 2 1 3 522 524 1711 2115
3742 4 2 1 3 1475 1537 1759 1981
3743 4 2 1 3 1601 1681 1493 2026
3744 4 2 1 3 859 439 816 2009
3745 4 2 1 3 531 691 481 1979
3746 4 2 1 3 1465 1575 1859 2151
3747 4 2 1 3 1285 944 1642 1948
3748 4 2 1 3 1661 1682 1562 2187
3749 4 2 1 3 1030 1570 1626 2148
3750 4 2 1 3 1589 1905 1491 2019
3751 4 2 1 3 346 1636 344 1810
3752 4 2 1 3 388 948 1642 1729
3753 4 2 1 3 1465 1916 1591 2086
3754 4 2 1 3 1636 1810 346 1858
3755 4 2 1 3 1118 1824 1104 2110
3756 4 2 1 3 1465 1747 1685 1901
3757 4 2 1 3 998 999 1563 1933
3758 4 2 1 3 1653 1718 1478 1908
3759 4 2 1 3 1497 1729 1603 1918
3760 4 2 1 3 1464 1656 1733 1999
3761 4 2 1 3 429 1375 1649 1980
3762 4 2 1 3 656 873 811 2036
3763 4 2 1 3 1566 1749 1269 1840
3764 4 2 1 3 1672 1726 528 2186
3765 4 2 1 3 438 801 644 1938
3766 4 2 1 3 999 998 1563 1812
3767 4 2 1 3 1721 1871 1770 2183
3768 4 2 1 3 747 617 616 1647
3769 4 2 1 3 222 384 301 1654
3770 4 2 1 3 1766 2039 1227 2084
3771 4 2 1 3 1048 1725 1548 1966
3772 4 2 1 3 1185 1845 1181 2096
3773 4 2 1 3 1486 1955 1559 1976
3774 4 2 1 3 1527 1624 1477 1738
3775 4 2 1 3 1403 1739 1557 1966
3776 4 2 1 3 356 1636 346 1703
3777 4 2 1 3 1205 1559 1872 1967
3778 4 2 1 3 1531 1748 1468 1762
3779 4 2 1 3 1426 1608 1442 1753
3780 4 2 1 3 1632 1745 687 2050
3781 4 2 1 3 984 1179 1727 1942
3782 4 2 1 3 1039 1615 1040 1709
3783 4 2 1 3 541 1807 1803 2037
3784 4 2 1 3 432 1732 1448 1960
3785 4 2 1 3 1734 1836 1501 2193
3786 4 2 1 3 580 1678 1587 1950
3787 4 2 1 3 1401 1776 1402 1794
3788 4 2 1 3 1153 1085 1640 1905
3789 4 2 1 3 705 2122 1569 2186
3790 4 2 1 3 1527 1477 1624 1743
3791 4 2 1 3 1018 1019 1596 2030
3792 4 2 1 3 1605 1789 1739 1994
3793 4 2 1 3 282 1631 1234 1856
3794 4 2 1 3 1112 1622 1629 1866
3795 4 2 1 3 608 1598 679 2032
3796 4 2 1 3 1613 1560 2087 2193
3797 4 2 1 3 1449 1801 1568 2180
3798 4 2 1 3 1468 1634 1523 1771
3799 4 2 1 3 650 649 726 1695
3800 4 2 1 3 1470 1826 1969 2120
3801 4 2 1 3 525 688 1564 2034
3802 4 2 1 3 1195 1634 964 1947
3803 4 2 1 3 1705 1754 748 1993
3804 4 2 1 3 856 1175 939 1787
3805 4 2 1 3 346 1703 1636 1858
3806 4 2 1 3 386 415 1629 1973
3807 4 2 1 3 1018 1019 1020 1596
3808 4 2 1 3 1482 1712 1578 1769
3809 4 2 1 3 1547 1698 1581 1764
3810 4 2 1 3 345 1858 1810 2105
3811 4 2 1 3 1196 1795 1539 2123
3812 4 2 1 3 1326 1369 1348 1819
3813 4 2 1 3 925 799 1617 2083
3814 4 2 1 3 1442 1736 1424 2044
3815 4 2 1 3 1621 1670 1482 1953
3816 4 2 1 3 1002 1755 999 2026
3817 4 2 1 3 278 1805 275 1856
3818 4 2 1 3 304 1604 317 1740
3819 4 2 1 3 1531 1469 1692 2095
3820 4 2 1 3 1323 1303 1567 1842
3821 4 2 1 3 1500 1762 1672 1971
3822 4 2 1 3 712 1657 871 1792
3823 4 2 1 3 619 1750 1655 1769
3824 4 2 1 3 1468 1899 1777 2053
3825 4 2 1 3 1709 1862 1615 1955
3826 4 2 1 3 421 657 658 1607
3827 4 2 1 3 1317 1806 1687 1855
3828 4 2 1 3 684 680 664 1652
3829 4 2 1 3 833 830 831 1607
3830 4 2 1 3 890 1847 1836 2193
3831 4 2 1 3 1584 2178 1899 2201
3832 4 2 1 3 890 910 837 1836
3833 4 2 1 3 1002 1601 1755 2026
3834 4 2 1 3 1349 1879 1712 1931
3835 4 2 1 3 548 1716 1538 1873
3836 4 2 1 3 1551 1673 613 1996
3837 4 2 1 3 1572 1925 2038 2159
3838 4 2 1 3 1468 1634 1748 1947
3839 4 2 1 3 1472 1725 1944 1966
3840 4 2 1 3 613 1673 1551 1923
3841 4 2 1 3 1583 1675 1081 2072
3842 4 2 1 3 1652 1728 1475 2064
3843 4 2 1 3 1751 1805 1483 2061
3844 4 2 1 3 1899 2178 1722 2201
3845 4 2 1 3 1499 1753 1736 1830
3846 4 2 1 3 834 909 1747 1917
3847 4 2 1 3 1566 1958 1517 2104
3848 4 2 1 3 1483 1751 1631 1805
3849 4 2 1 3 1189 1575 1227 2039
3850 4 2 1 3 892 833 831 1747
3851 4 2 1 3 1588 1728 1689 1759
3852 4 2 1 3 1199 1603 1729 1918
3853 4 2 1 3 1517 1894 1566 2106
3854 4 2 1 3 1470 1833 1590 1898
3855 4 2 1 3 1528 1595 1671 1974
3856 4 2 1 3 1521 1718 683 1844
3857 4 2 1 3 1517 748 1754 1993
3858 4 2 1 3 372 323 311 1619
3859 4 2 1 3 1479 1637 2094 2114
3860 4 2 1 3 1249 1764 1581 2184
3861 4 2 1 3 1105 1884 1671 2010
3862 4 2 1 3 1621 1824 1670 1953
3863 4 2 1 3 1536 1800 1477 2042
3864 4 2 1 3 357 303 665 1659
3865 4 2 1 3 727 1803 1565 2013
3866 4 2 1 3 509 1597 1837 1937
3867 4 2 1 3 1481 1533 1942 2039
3868 4 2 1 3 1471 1531 1762 2173
3869 4 2 1 3 1647 1798 1556 1808
3870 4 2 1 3 1498 1776 1667 1794
3871 4 2 1 3 682 1597 509 1738
3872 4 2 1 3 1627 1902 2038 2159
3873 4 2 1 3 616 747 1647 1798
3874 4 2 1 3 1696 1873 1466 1910
3875 4 2 1 3 1653 1930 1771 2041
3876 4 2 1 3 526 699 701 1535
3877 4 2 1 3 1488 1554 1775 1898
3878 4 2 1 3 775 749 1706 2014
3879 4 2 1 3 1602 1729 1497 1918
3880 4 2 1 3 384 1654 271 1731
3881 4 2 1 3 635 1844 1765 2182
3882 4 2 1 3 546 1538 548 1716
3883 4 2 1 3 525 1724 1668 2034
3884 4 2 1 3 346 348 1703 1858
3885 4 2 1 3 397 1543 1852 1951
3886 4 2 1 3 1549 1482 1750 1970
3887 4 2 1 3 1469 1531 1692 1777
3888 4 2 1 3 1463 1593 1719 2104
3889 4 2 1 3 1001 998 985 1576
3890 4 2 1 3 1485 1786 1562 2168
3891 4 2 1 3 1479 2094 1671 2114
3892 4 2 1 3 1269 1749 1115 1840
3893 4 2 1 3 382 1614 1347 1819
3894 4 2 1 3 1524 1772 1663 1900
3895 4 2 1 3 1648 2025 1596 2190
3896 4 2 1 3 533 1586 1667 1781
3897 4 2 1 3 679 1598 521 1711
3898 4 2 1 3 1121 1553 1291 1783
3899 4 2 1 3 1565 1715 1518 1976
3900 4 2 1 3 1413 1661 1446 1682
3901 4 2 1 3 1573 1663 1243 1842
3902 4 2 1 3 999 1755 1563 2026
3903 4 2 1 3 664 1730 663 1897
3904 4 2 1 3 1471 1797 1690 1995
3905 4 2 1 3 1519 1763 1416 1816
3906 4 2 1 3 699 1535 526 1925
3907 4 2 1 3 1210 1275 1158 1609
3908 4 2 1 3 1479 1708 1611 1868
3909 4 2 1 3 936 1256 1145 1567
3910 4 2 1 3 1508 1921 1914 1936
3911 4 2 1 3 814 864 923 1638
3912 4 2 1 3 1573 1760 1320 1855
3913 4 2 1 3 1646 1779 1555 2160
3914 4 2 1 3 537 1649 731 2135
3915 4 2 1 3 720 2077 1695 2104
3916 4 2 1 3 1479 1798 1647 1808
3917 4 2 1 3 1506 1908 1653 1930
3918 4 2 1 3 1511 1655 1823 2129
3919 4 2 1 3 445 627 628 1604
3920 4 2 1 3 1291 1783 1553 2165
3921 4 2 1 3 1401 1449 1568 1794
3922 4 2 1 3 1532 1826 1540 1984
3923 4 2 1 3 1112 1629 1622 1829
3924 4 2 1 3 1844 2003 1585 2112
3925 4 2 1 3 225 1173 1583 1820
3926 4 2 1 3 1309 1311 1780 1806
3927 4 2 1 3 1481 1627 1756 1902
3928 4 2 1 3 1483 1849 1612 1881
3929 4 2 1 3 323 1619 372 1740
3930 4 2 1 3 1495 1819 1694 1878
3931 4 2 1 3 1798 1970 777 2062
3932 4 2 1 3 1369 1819 1326 1878
3933 4 2 1 3 1464 1656 1570 1895
3934 4 2 1 3 1520 1916 1685 2086
3935 4 2 1 3 1586 1922 1491 2019
3936 4 2 1 3 985 1576 998 1812
3937 4 2 1 3 297 406 392 1642
3938 4 2 1 3 818 1787 856 2188
3939 4 2 1 3 1106 1186 1237 1638
3940 4 2 1 3 1490 1689 1537 1759
3941 4 2 1 3 1356 1512 1768 1968
3942 4 2 1 3 907 1786 823 1978
3943 4 2 1 3 649 651 726 1593
3944 4 2 1 3 1552 1467 1625 1784
3945 4 2 1 3 1472 1555 1838 2047
3946 4 2 1 3 1653 1506 1930 2041
3947 4 2 1 3 1544 1836 836 1917
3948 4 2 1 3 971 2049 1802 2111
3949 4 2 1 3 1205 1040 1206 1559
3950 4 2 1 3 1636 1703 732 2051
3951 4 2 1 3 1873 1910 1696 2118
3952 4 2 1 3 319 1811 1740 1911
3953 4 2 1 3 1494 1650 1597 2166
3954 4 2 1 3 1318 1573 1320 1855
3955 4 2 1 3 1787 1854 1502 2016
3956 4 2 1 3 1844 1935 2003 2112
3957 4 2 1 3 1604 1740 628 1882
3958 4 2 1 3 1816 1914 1417 1936
3959 4 2 1 3 1698 1764 1094 2184
3960 4 2 1 3 866 1880 946 1932
3961 4 2 1 3 1186 1638 1106 1701
3962 4 2 1 3 1256 1567 936 1842
3963 4 2 1 3 1467 1680 1581 1698
3964 4 2 1 3 1582 1677 675 1989
3965 4 2 1 3 1195 1748 1634 1947
3966 4 2 1 3 1488 1744 1590 1972
3967 4 2 1 3 1532 1470 1664 1826
3968 4 2 1 3 1634 964 1947 2056
3969 4 2 1 3 1473 1599 1711 2019
3970 4 2 1 3 1661 1682 1620 2168
3971 4 2 1 3 547 548 1538 1873
3972 4 2 1 3 866 1600 1880 1932
3973 4 2 1 3 445 316 1604 2017
3974 4 2 1 3 868 852 796 1609
3975 4 2 1 3 1867 1895 1491 1922
3976 4 2 1 3 345 350 1858 2105
3977 4 2 1 3 795 1657 819 1915
3978 4 2 1 3 1544 1514 1917 1927
3979 4 2 1 3 925 1148 853 2083
3980 4 2 1 3 275 1631 282 1856
3981 4 2 1 3 415 1629 370 1829
3982 4 2 1 3 1536 1755 1164 2042
3983 4 2 1 3 1008 1010 1669 1834
3984 4 2 1 3 335 333 397 1852
3985 4 2 1 3 1640 1841 398 1852
3986 4 2 1 3 1505 1805 1751 2061
3987 4 2 1 3 1251 1872 1617 2127
3988 4 2 1 3 1590 1972 1744 2140
3989 4 2 1 3 1593 1752 652 2117
3990 4 2 1 3 1292 1626 1035 1679
3991 4 2 1 3 1541 1492 1644 2177
3992 4 2 1 3 652 535 726 1593
3993 4 2 1 3 1787 1502 1986 2016
3994 4 2 1 3 1282 1094 1213 1698
3995 4 2 1 3 1440 1736 1456 1815
3996 4 2 1 3 1468 1722 1899 2053
3997 4 2 1 3 224 262 669 1688
3998 4 2 1 3 1472 1739 1725 1966
3999 4 2 1 3 1490 1759 1537 1981
4000 4 2 1 3 1469 1825 1526 1865
4001 4 2 1 3 542 1989 1706 2146
4002 4 2 1 3 1644 1650 1541 1963
4003 4 2 1 3 1500 1802 1574 1833
4004 4 2 1 3 661 423 874 1734
4005 4 2 1 3 951 2052 1376 2191
4006 4 2 1 3 509 1597 584 1837
4007 4 2 1 3 1554 1778 1833 1898
4008 4 2 1 3 536 1616 687 2178
4009 4 2 1 3 1521 1844 683 2154
4010 4 2 1 3 522 1711 521 1765
4011 4 2 1 3 619 559 1750 1769
4012 4 2 1 3 1227 1575 2018 2084
4013 4 2 1 3 1623 1895 1867 1922
4014 4 2 1 3 785 449 623 1633
4015 4 2 1 3 1513 1757 1596 1982
4016 4 2 1 3 1505 1535 1904 2048
4017 4 2 1 3 1185 1693 2092 2096
4018 4 2 1 3 845 1715 846 1822
4019 4 2 1 3 1464 1656 2041 2172
4020 4 2 1 3 1908 1930 1506 2125
4021 4 2 1 3 1486 1715 1565 1976
4022 4 2 1 3 314 456 411 1614
4023 4 2 1 3 555 1628 560 1750
4024 4 2 1 3 1739 1789 1557 1994
4025 4 2 1 3 1464 1608 1570 1999
4026 4 2 1 3 1541 1644 1850 2177
4027 4 2 1 3 375 1640 926 1874
4028 4 2 1 3 535 1586 1781 1799
4029 4 2 1 3 1667 1794 1568 2106
4030 4 2 1 3 436 1768 1534 2118
4031 4 2 1 3 521 679 608 1598
4032 4 2 1 3 1464 1632 1610 1736
4033 4 2 1 3 318 379 317 1604
4034 4 2 1 3 1227 1575 1189 2018
4035 4 2 1 3 671 439 859 2009
4036 4 2 1 3 1472 1646 1525 1716
4037 4 2 1 3 1473 1711 1848 2019
4038 4 2 1 3 1580 1692 1469 1709
4039 4 2 1 3 1482 1553 1783 2165
4040 4 2 1 3 1124 297 388 1642
4041 4 2 1 3 959 1608 958 1733
4042 4 2 1 3 1505 1751 1805 1856
4043 4 2 1 3 1072 1679 1219 1840
4044 4 2 1 3 728 525 1564 1724
4045 4 2 1 3 1581 1764 1698 2184
4046 4 2 1 3 598 1628 1741 1796
4047 4 2 1 3 1451 1739 1403 1966
4048 4 2 1 3 1219 1566 1269 1840
4049 4 2 1 3 1479 1549 1798 1817
4050 4 2 1 3 705 634 2122 2186
4051 4 2 1 3 1616 1745 1649 2135
4052 4 2 1 3 628 1604 627 1740
4053 4 2 1 3 696 1672 528 2186
4054 4 2 1 3 1522 2102 1891 2137
4055 4 2 1 3 1470 1590 1802 2111
4056 4 2 1 3 1536 1164 1755 1845
4057 4 2 1 3 1533 1488 1744 1857
4058 4 2 1 3 1548 1630 1725 1883
4059 4 2 1 3 628 1604 1882 2093
4060 4 2 1 3 580 600 1587 1678
4061 4 2 1 3 1477 1704 1601 2042
4062 4 2 1 3 1479 2094 1662 2149
4063 4 2 1 3 481 691 1804 1979
4064 4 2 1 3 720 1695 572 2104
4065 4 2 1 3 1540 1826 1532 1907
4066 4 2 1 3 614 1462 1443 1745
4067 4 2 1 3 1277 1583 1081 2072
4068 4 2 1 3 1730 1897 1652 2131
4069 4 2 1 3 1055 1670 1611 2080
4070 4 2 1 3 1742 1957 1673 1996
4071 4 2 1 3 1445 1741 1418 1988
4072 4 2 1 3 1521 2003 1782 2008
4073 4 2 1 3 1445 718 1741 1923
4074 4 2 1 3 1585 1844 1718 2003
4075 4 2 1 3 467 1891 2102 2137
4076 4 2 1 3 1596 1648 1490 1839
4077 4 2 1 3 337 398 1841 1852
4078 4 2 1 3 1672 2102 1522 2137
4079 4 2 1 3 1481 1857 1533 2039
4080 4 2 1 3 526 1535 701 1871
4081 4 2 1 3 1513 1841 1640 1848
4082 4 2 1 3 852 1609 868 2045
4083 4 2 1 3 1008 1007 1010 1834
4084 4 2 1 3 1320 1842 1573 2098
4085 4 2 1 3 774 1916 1685 2036
4086 4 2 1 3 1726 1825 1569 2186
4087 4 2 1 3 358 1593 334 1752
4088 4 2 1 3 1248 1749 1269 1948
4089 4 2 1 3 746 1696 1561 2136
4090 4 2 1 3 1475 1791 1652 2064
4091 4 2 1 3 1643 1521 1782 2008
4092 4 2 1 3 397 1852 1543 2071
4093 4 2 1 3 1726 2102 1554 2198
4094 4 2 1 3 1033 1626 1292 1679
4095 4 2 1 3 1465 1685 1607 1724
4096 4 2 1 3 1707 1876 1723 2088
4097 4 2 1 3 1494 1714 1650 2166
4098 4 2 1 3 307 375 926 1874
4099 4 2 1 3 1472 1548 1725 1739
4100 4 2 1 3 1367 1712 1349 1879
4101 4 2 1 3 1478 1653 2008 2033
4102 4 2 1 3 1210 1609 1702 1863
4103 4 2 1 3 1317 1687 1318 1855
4104 4 2 1 3 1599 1711 524 2115
4105 4 2 1 3 896 835 1638 2005
4106 4 2 1 3 1725 1739 1548 1966
4107 4 2 1 3 1556 1970 1798 2062
4108 4 2 1 3 1483 1881 1612 1919
4109 4 2 1 3 345 346 1810 1858
4110 4 2 1 3 1666 1894 1801 2180
4111 4 2 1 3 579 778 600 1919
4112 4 2 1 3 1206 1559 1761 1872
4113 4 2 1 3 1420 1816 1936 1980
4114 4 2 1 3 712 446 795 1657
4115 4 2 1 3 1403 1392 1394 1789
4116 4 2 1 3 1532 1470 1826 1984
4117 4 2 1 3 1326 1819 1348 1878
4118 4 2 1 3 1629 1541 1650 1963
4119 4 2 1 3 1331 1363 770 1614
4120 4 2 1 3 1415 1763 1547 1816
4121 4 2 1 3 1602 1918 1497 1994
4122 4 2 1 3 1484 1801 1666 1894
4123 4 2 1 3 1047 1548 1048 1883
4124 4 2 1 3 1055 1611 1670 2110
4125 4 2 1 3 874 1544 836 1992
4126 4 2 1 3 1601 1743 1477 2042
4127 4 2 1 3 1489 1877 1573 2145
4128 4 2 1 3 1081 1583 1174 1737
4129 4 2 1 3 1595 1658 1529 1788
4130 4 2 1 3 1614 1686 1495 1819
4131 4 2 1 3 524 1711 1599 1799
4132 4 2 1 3 1570 1498 1639 1815
4133 4 2 1 3 1040 1615 1041 1761
4134 4 2 1 3 1558 1995 1797 2099
4135 4 2 1 3 1477 1800 1704 2042
4136 4 2 1 3 248 264 1691 1828
4137 4 2 1 3 1245 1050 1266 1663
4138 4 2 1 3 1776 1794 1498 1815
4139 4 2 1 3 546 551 1983 2093
4140 4 2 1 3 1469 1928 1649 2135
4141 4 2 1 3 1562 1485 1661 2023
4142 4 2 1 3 317 1604 379 1911
4143 4 2 1 3 1486 1683 1565 2121
4144 4 2 1 3 490 1591 1724 1916
4145 4 2 1 3 260 1820 280 1870
4146 4 2 1 3 1490 1982 1537 1985
4147 4 2 1 3 1489 1524 1660 1877
4148 4 2 1 3 1729 1811 322 1911
4149 4 2 1 3 1530 1576 1774 2169
4150 4 2 1 3 564 1788 1658 2149
4151 4 2 1 3 907 1562 1786 1978
4152 4 2 1 3 1465 1901 1685 2086
4153 4 2 1 3 1535 1871 526 1925
4154 4 2 1 3 1454 1417 1914 1936
4155 4 2 1 3 1475 1728 1537 1935
4156 4 2 1 3 1629 1654 386 1973
4157 4 2 1 3 470 1718 1643 2033
4158 4 2 1 3 1179 1727 1651 2200
4159 4 2 1 3 1026 1200 1179 1651
4160 4 2 1 3 1380 1401 1449 1776
4161 4 2 1 3 1340 1806 1317 1855
4162 4 2 1 3 1490 1537 1689 1985
4163 4 2 1 3 728 525 688 1564
4164 4 2 1 3 1356 1768 1760 2108
4165 4 2 1 3 1638 1701 1186 1766
4166 4 2 1 3 1461 564 1658 2149
4167 4 2 1 3 1517 1717 1566 1894
4168 4 2 1 3 1500 1833 1574 1971
4169 4 2 1 3 1535 1774 1925 2078
4170 4 2 1 3 1470 1574 1782 2049
4171 4 2 1 3 1628 1485 1741 1796
4172 4 2 1 3 1536 1475 1821 1834
4173 4 2 1 3 1776 1815 1498 2142
4174 4 2 1 3 868 1156 925 1617
4175 4 2 1 3 1380 1568 1449 1926
4176 4 2 1 3 1244 1839 1075 2105
4177 4 2 1 3 835 836 1836 1917
4178 4 2 1 3 1700 2092 975 2111
4179 4 2 1 3 356 346 348 1703
4180 4 2 1 3 1467 1698 1547 2079
4181 4 2 1 3 1489 1660 1524 1790
4182 4 2 1 3 1495 1686 1614 1835
4183 4 2 1 3 490 1724 1591 2063
4184 4 2 1 3 1573 1489 1687 1877
4185 4 2 1 3 1541 1875 1492 2177
4186 4 2 1 3 1625 1706 722 1803
4187 4 2 1 3 1533 1744 1488 1972
4188 4 2 1 3 1759 1839 1669 1981
4189 4 2 1 3 1082 1704 1004 1892
4190 4 2 1 3 303 344 346 1636
4191 4 2 1 3 1516 1840 1566 2106
4192 4 2 1 3 1037 1709 1580 1921
4193 4 2 1 3 1467 2079 1547 2116
4194 4 2 1 3 1526 1726 1825 2198
4195 4 2 1 3 1361 1806 1354 1939
4196 4 2 1 3 518 1844 635 2182
4197 4 2 1 3 285 1785 1592 1924
4198 4 2 1 3 654 426 369 1641
4199 4 2 1 3 1506 1895 1623 2006
4200 4 2 1 3 1165 1755 1164 1845
4201 4 2 1 3 1603 1811 1497 2012
4202 4 2 1 3 1636 1985 1689 2051
4203 4 2 1 3 388 948 1124 1642
4204 4 2 1 3 687 1745 1632 2178
4205 4 2 1 3 1636 1490 1689 1985
4206 4 2 1 3 1710 2019 1905 2162
4207 4 2 1 3 1440 1610 1736 1815
4208 4 2 1 3 1572 1770 1871 2183
4209 4 2 1 3 1761 1861 1226 2083
4210 4 2 1 3 1589 1905 2019 2162
4211 4 2 1 3 1489 1573 1687 1855
4212 4 2 1 3 851 1901 1520 2036
4213 4 2 1 3 1546 1479 1808 1817
4214 4 2 1 3 532 1586 535 1799
4215 4 2 1 3 1180 1874 1757 2025
4216 4 2 1 3 1309 1941 1528 2189
4217 4 2 1 3 1578 1769 1712 2152
4218 4 2 1 3 1508 1547 2079 2116
4219 4 2 1 3 508 510 1588 1689
4220 4 2 1 3 544 1568 1380 1926
4221 4 2 1 3 1478 1718 1653 2033
4222 4 2 1 3 1467 1581 1680 1784
4223 4 2 1 3 1555 2153 1758 2167
4224 4 2 1 3 1664 1775 1554 1898
4225 4 2 1 3 1219 1248 1269 1948
4226 4 2 1 3 1145 1567 1256 2134
4227 4 2 1 3 727 793 543 1807
4228 4 2 1 3 996 1036 1037 2095
4229 4 2 1 3 1041 1761 1615 1965
4230 4 2 1 3 1060 1104 1102 1773
4231 4 2 1 3 327 1517 1958 2077
4232 4 2 1 3 1318 1855 1687 2098
4233 4 2 1 3 1513 1596 2025 2190
4234 4 2 1 3 1465 1724 1591 1916
4235 4 2 1 3 1810 1858 1594 2105
4236 4 2 1 3 1615 1965 1869 2079
4237 4 2 1 3 1475 1791 1676 1834
4238 4 2 1 3 1552 1673 1487 1742
4239 4 2 1 3 699 1678 580 1950
4240 4 2 1 3 1587 1924 1606 1991
4241 4 2 1 3 1478 2008 1718 2033
4242 4 2 1 3 1722 2137 1653 2201
4243 4 2 1 3 547 763 550 1832
4244 4 2 1 3 1479 1549 1662 1798
4245 4 2 1 3 1482 1769 1750 1970
4246 4 2 1 3 1543 1679 1463 1719
4247 4 2 1 3 1483 1849 1563 1933
4248 4 2 1 3 570 1835 1525 1873
4249 4 2 1 3 1205 1559 1206 1872
4250 4 2 1 3 989 2018 1545 2081
4251 4 2 1 3 1576 1530 2101 2169
4252 4 2 1 3 1380 1568 544 1776
4253 4 2 1 3 1802 2049 1693 2111
4254 4 2 1 3 1495 1686 1835 2047
4255 4 2 1 3 546 1538 1716 1983
4256 4 2 1 3 1530 1774 1474 2169
4257 4 2 1 3 1485 1628 2001 2022
4258 4 2 1 3 1528 1671 1595 2094
4259 4 2 1 3 1471 1825 1726 2198
4260 4 2 1 3 801 827 881 1938
4261 4 2 1 3 1485 2001 1657 2022
4262 4 2 1 3 1536 1755 1697 1845
4263 4 2 1 3 1667 1498 1794 2106
4264 4 2 1 3 275 239 282 1631
4265 4 2 1 3 1487 1673 1552 1827
4266 4 2 1 3 1474 1530 1699 1774
4267 4 2 1 3 1089 1877 1687 1974
4268 4 2 1 3 958 1733 1608 1753
4269 4 2 1 3 1245 1818 1524 2107
4270 4 2 1 3 1910 1977 1696 2118
4271 4 2 1 3 1055 1611 1057 2080
4272 4 2 1 3 1524 1772 1561 1790
4273 4 2 1 3 1559 1709 1615 1955
4274 4 2 1 3 1696 1910 1466 1977
4275 4 2 1 3 616 1788 1662 1798
4276 4 2 1 3 1199 1642 1603 1952
4277 4 2 1 3 1695 1719 1593 2104
4278 4 2 1 3 327 1754 1517 2077
4279 4 2 1 3 1613 2087 1734 2193
4280 4 2 1 3 1586 1491 1710 2019
4281 4 2 1 3 541 1803 1989 2037
4282 4 2 1 3 696 639 528 1672
4283 4 2 1 3 946 1880 1600 1932
4284 4 2 1 3 1593 1781 1710 1799
4285 4 2 1 3 1384 1884 1595 2103
4286 4 2 1 3 981 1656 1029 1999
4287 4 2 1 3 1466 1910 1630 2134
4288 4 2 1 3 397 398 1852 2071
4289 4 2 1 3 812 903 2013 2121
4290 4 2 1 3 1586 1799 1922 2019
4291 4 2 1 3 1238 1004 1601 1892
4292 4 2 1 3 1588 1860 1738 1875
4293 4 2 1 3 1517 1754 748 2077
4294 4 2 1 3 1763 1961 1452 1988
4295 4 2 1 3 1006 1164 1536 1845
4296 4 2 1 3 669 424 224 1688
4297 4 2 1 3 1414 1682 1620 2196
4298 4 2 1 3 1493 1681 1601 1814
4299 4 2 1 3 275 1805 1631 1856
4300 4 2 1 3 1476 1743 1897 2082
4301 4 2 1 3 1474 1902 1532 1972
4302 4 2 1 3 1541 1850 1875 2177
4303 4 2 1 3 898 2014 1784 2021
4304 4 2 1 3 1006 1536 1834 1845
4305 4 2 1 3 1475 1728 1588 1759
4306 4 2 1 3 1476 1897 1612 2082
4307 4 2 1 3 1501 1836 1613 2027
4308 4 2 1 3 1470 1782 1693 2049
4309 4 2 1 3 684 664 480 1730
4310 4 2 1 3 1607 1724 1564 2151
4311 4 2 1 3 1145 1809 1567 2134
4312 4 2 1 3 1466 1567 1910 2134
4313 4 2 1 3 1501 1675 1701 1770
4314 4 2 1 3 1377 1818 1548 1966
4315 4 2 1 3 1495 1835 1534 1910
4316 4 2 1 3 1482 1655 1578 1823
4317 4 2 1 3 1474 1533 1902 1972
4318 4 2 1 3 832 1544 836 1917
4319 4 2 1 3 1464 1610 1632 1804
4320 4 2 1 3 1555 1779 1725 1903
4321 4 2 1 3 1469 1649 1677 2135
4322 4 2 1 3 785 449 1633 1939
4323 4 2 1 3 1662 2094 1788 2149
4324 4 2 1 3 1303 1325 1567 1809
4325 4 2 1 3 1489 1524 1877 2145
4326 4 2 1 3 1526 1825 1726 2186
4327 4 2 1 3 1656 1934 1029 1999
4328 4 2 1 3 1588 1492 1759 1975
4329 4 2 1 3 405 388 1642 1729
4330 4 2 1 3 1384 1868 1595 1884
4331 4 2 1 3 1560 1635 1542 2076
4332 4 2 1 3 559 1750 1769 1970
4333 4 2 1 3 838 943 1674 2138
4334 4 2 1 3 232 253 290 1622
4335 4 2 1 3 1018 1011 1019 2030
4336 4 2 1 3 1481 1766 1575 2039
4337 4 2 1 3 1508 1816 1582 1936
4338 4 2 1 3 1481 1575 1857 2039
4339 4 2 1 3 1578 1823 918 1931
4340 4 2 1 3 1613 1770 1721 1864
4341 4 2 1 3 1653 1771 1584 2041
4342 4 2 1 3 784 1705 1619 1754
4343 4 2 1 3 1576 1530 1849 2101
4344 4 2 1 3 236 235 234 1805
4345 4 2 1 3 429 731 675 1649
4346 4 2 1 3 1086 1251 1872 2083
4347 4 2 1 3 1111 1084 1866 1963
4348 4 2 1 3 1499 1692 1580 2069
4349 4 2 1 3 467 2102 1672 2137
4350 4 2 1 3 1662 1708 1479 1868
4351 4 2 1 3 749 775 1706 2097
4352 4 2 1 3 1451 1390 1739 2143
4353 4 2 1 3 1695 1781 572 2104
4354 4 2 1 3 1574 1971 1833 2008
4355 4 2 1 3 379 390 1602 1779
4356 4 2 1 3 666 1636 356 1703
4357 4 2 1 3 1547 1763 1415 1906
4358 4 2 1 3 1349 1712 1335 1931
4359 4 2 1 3 1464 1733 1656 2172
4360 4 2 1 3 670 1579 1688 1959
4361 4 2 1 3 1572 1756 1613 2183
4362 4 2 1 3 1478 1574 1665 2008
4363 4 2 1 3 907 823 889 1978
4364 4 2 1 3 1546 1808 1479 1889
4365 4 2 1 3 315 762 360 1714
4366 4 2 1 3 1707 1515 1876 2088
4367 4 2 1 3 436 753 1768 2118
4368 4 2 1 3 1550 1800 1007 1850
4369 4 2 1 3 1481 1942 1766 2039
4370 4 2 1 3 1415 1816 1547 1914
4371 4 2 1 3 1476 1527 1743 1791
4372 4 2 1 3 1640 1905 1589 2162
4373 4 2 1 3 1075 1839 1594 2105
4374 4 2 1 3 1165 1697 1755 1845
4375 4 2 1 3 608 1985 1598 2032
4376 4 2 1 3 278 238 275 1805
4377 4 2 1 3 1555 1903 1725 2167
4378 4 2 1 3 1620 1741 1485 1796
4379 4 2 1 3 1464 2041 1733 2172
4380 4 2 1 3 1627 1775 1532 1972
4381 4 2 1 3 604 1792 618 2022
4382 4 2 1 3 851 1520 1887 2036
4383 4 2 1 3 1037 1580 1230 1921
4384 4 2 1 3 1488 1778 1554 1898
4385 4 2 1 3 1492 1975 1588 2051
4386 4 2 1 3 831 1607 830 1992
4387 4 2 1 3 1578 1655 1482 1769
4388 4 2 1 3 1636 1659 1490 1985
4389 4 2 1 3 1481 1544 1756 1927
4390 4 2 1 3 897 1600 899 1786
4391 4 2 1 3 1486 1683 1735 1807
4392 4 2 1 3 1026 1737 1571 2089
4393 4 2 1 3 1495 1694 1809 1878
4394 4 2 1 3 1426 1370 957 1753
4395 4 2 1 3 1148 1861 853 2083
4396 4 2 1 3 1470 1532 1664 1898
4397 4 2 1 3 1706 2014 749 2097
4398 4 2 1 3 1479 1808 1637 1889
4399 4 2 1 3 1542 1502 1864 2065
4400 4 2 1 3 548 546 547 1538
4401 4 2 1 3 529 530 532 1586
4402 4 2 1 3 1473 1765 1599 2125
4403 4 2 1 3 988 2018 989 2081
4404 4 2 1 3 918 1578 829 1823
4405 4 2 1 3 1581 1698 1680 2184
4406 4 2 1 3 535 1586 532 1781
4407 4 2 1 3 1430 1753 1442 2044
4408 4 2 1 3 1036 1580 1692 2069
4409 4 2 1 3 1495 1835 1910 2047
4410 4 2 1 3 1035 1225 1679 1905
4411 4 2 1 3 1550 1821 1475 1834
4412 4 2 1 3 1472 1646 1604 1779
4413 4 2 1 3 1486 1735 1683 2099
4414 4 2 1 3 1479 1595 2094 2149
4415 4 2 1 3 1538 1838 1772 2150
4416 4 2 1 3 1595 1479 1868 2149
4417 4 2 1 3 1511 1823 1621 2129
4418 4 2 1 3 1522 1833 1672 1971
4419 4 2 1 3 1585 1718 1478 2003
4420 4 2 1 3 1485 1913 1657 2001
4421 4 2 1 3 1572 1770 1571 1904
4422 4 2 1 3 836 1544 832 1992
4423 4 2 1 3 1545 1859 1863 2018
4424 4 2 1 3 570 1835 1873 2118
4425 4 2 1 3 1667 1993 572 2104
4426 4 2 1 3 1491 1626 1570 1867
4427 4 2 1 3 481 1804 459 1886
4428 4 2 1 3 1354 1633 1806 1855
4429 4 2 1 3 778 1919 1606 1991
4430 4 2 1 3 1020 1707 1596 1757
4431 4 2 1 3 1020 1757 1596 2025
4432 4 2 1 3 1485 1767 1661 1773
4433 4 2 1 3 1249 1284 1581 1764
4434 4 2 1 3 1494 1597 1837 2166
4435 4 2 1 3 1002 1755 1601 2042
4436 4 2 1 3 1105 1437 1884 2010
4437 4 2 1 3 1616 1865 1526 2053
4438 4 2 1 3 1605 1739 1392 1983
4439 4 2 1 3 1557 1497 1918 1994
4440 4 2 1 3 469 1718 470 2033
4441 4 2 1 3 303 666 665 1636
4442 4 2 1 3 705 1569 1865 2186
4443 4 2 1 3 1525 1466 1838 1873
4444 4 2 1 3 1245 1266 1092 1877
4445 4 2 1 3 1530 1474 1831 2169
4446 4 2 1 3 1571 1770 1572 1902
4447 4 2 1 3 1476 1743 1527 1897
4448 4 2 1 3 1539 1506 1930 2125
4449 4 2 1 3 1610 1804 459 2050
4450 4 2 1 3 315 355 384 1731
4451 4 2 1 3 1588 1821 1550 1875
4452 4 2 1 3 831 1747 1607 1917
4453 4 2 1 3 1556 1712 1769 2152
4454 4 2 1 3 1518 1965 1861 2195
4455 4 2 1 3 1200 1179 1651 2200
4456 4 2 1 3 977 1744 1590 1949
4457 4 2 1 3 1499 1692 2069 2109
4458 4 2 1 3 1135 1018 1707 2030
4459 4 2 1 3 1676 1834 1791 1845
4460 4 2 1 3 1471 1762 1684 2173
4461 4 2 1 3 1513 2025 1648 2190
4462 4 2 1 3 1469 1616 1928 2135
4463 4 2 1 3 1442 1608 1456 1736
4464 4 2 1 3 1662 1868 1479 2149
4465 4 2 1 3 509 1738 1597 1937
4466 4 2 1 3 1548 1772 1538 1838
4467 4 2 1 3 1640 1852 398 2071
4468 4 2 1 3 1325 1323 1303 1567
4469 4 2 1 3 521 1598 608 1985
4470 4 2 1 3 899 1786 1600 1913
4471 4 2 1 3 1048 1049 1883 2153
4472 4 2 1 3 1645 1499 1753 2109
4473 4 2 1 3 1478 2003 1718 2008
4474 4 2 1 3 1570 1608 1815 2100
4475 4 2 1 3 1464 1736 1733 1830
4476 4 2 1 3 750 426 1641 1752
4477 4 2 1 3 1471 1545 1888 1995
4478 4 2 1 3 918 1823 888 1931
4479 4 2 1 3 1717 1948 329 1958
4480 4 2 1 3 298 338 1641 1752
4481 4 2 1 3 1004 1601 1704 2042
4482 4 2 1 3 732 1636 666 1703
4483 4 2 1 3 243 1681 1785 2090
4484 4 2 1 3 1470 1664 1643 1833
4485 4 2 1 3 1335 1931 1712 2152
4486 4 2 1 3 1250 1640 1180 1874
4487 4 2 1 3 1728 2064 1652 2154
4488 4 2 1 3 1466 1630 1838 1883
4489 4 2 1 3 1533 1727 1571 1942
4490 4 2 1 3 721 441 1351 1939
4491 4 2 1 3 363 1686 1758 2160
4492 4 2 1 3 1570 1815 1639 2100
4493 4 2 1 3 1217 1682 1661 2187
4494 4 2 1 3 1699 1774 1530 2078
4495 4 2 1 3 1593 1710 1543 1852
4496 4 2 1 3 1552 1784 2014 2021
4497 4 2 1 3 1081 1277 1174 1583
4498 4 2 1 3 1608 1456 1736 1815
4499 4 2 1 3 1570 1626 1491 1934
4500 4 2 1 3 1664 653 2102 2176
4501 4 2 1 3 1680 1784 1581 2138
4502 4 2 1 3 1604 1646 1472 1716
4503 4 2 1 3 1494 1541 1629 1954
4504 4 2 1 3 1647 1798 1479 2094
4505 4 2 1 3 1121 1291 1119 1783
4506 4 2 1 3 995 1531 2095 2173
4507 4 2 1 3 1284 1674 1581 1764
4508 4 2 1 3 801 881 644 1938
4509 4 2 1 3 998 1751 1079 1933
4510 4 2 1 3 1539 1723 1707 1876
4511 4 2 1 3 508 1689 1728 2132
4512 4 2 1 3 946 1600 1287 1932
4513 4 2 1 3 977 987 1744 1949
4514 4 2 1 3 1054 1611 1055 2110
4515 4 2 1 3 1511 1657 1913 2001
4516 4 2 1 3 1702 2018 1575 2084
4517 4 2 1 3 1320 1760 1573 1842
4518 4 2 1 3 1489 1687 1806 1855
4519 4 2 1 3 1687 1855 1573 2098
4520 4 2 1 3 293 1731 1654 2124
4521 4 2 1 3 1291 1119 1783 2165
4522 4 2 1 3 391 329 1948 1958
4523 4 2 1 3 1500 1778 1554 2198
4524 4 2 1 3 1475 1536 1791 1834
4525 4 2 1 3 998 1001 1079 1751
4526 4 2 1 3 311 1619 325 1754
4527 4 2 1 3 546 1716 723 2093
4528 4 2 1 3 1585 1765 635 1844
4529 4 2 1 3 504 1624 1738 1937
4530 4 2 1 3 1470 1782 1643 2120
4531 4 2 1 3 1592 1493 1681 2026
4532 4 2 1 3 1575 1766 1481 1927
4533 4 2 1 3 342 1810 1659 1843
4534 4 2 1 3 1161 1638 1237 1766
4535 4 2 1 3 363 1555 1758 2167
4536 4 2 1 3 1466 1567 1663 1977
4537 4 2 1 3 1570 1793 1626 2148
4538 4 2 1 3 1496 1593 1799 2117
4539 4 2 1 3 522 1765 523 2115
4540 4 2 1 3 363 2160 1555 2167
4541 4 2 1 3 1550 1850 1007 2133
4542 4 2 1 3 1876 1585 2003 2112
4543 4 2 1 3 1468 1645 1777 1830
4544 4 2 1 3 1007 1800 1550 1834
4545 4 2 1 3 1570 1815 1608 2054
4546 4 2 1 3 1520 851 1887 2045
4547 4 2 1 3 1036 2069 1692 2109
4548 4 2 1 3 1473 1596 1757 1982
4549 4 2 1 3 1403 1398 1557 1789
4550 4 2 1 3 536 614 687 1745
4551 4 2 1 3 995 2095 1204 2173
4552 4 2 1 3 1516 1566 1894 2106
4553 4 2 1 3 1354 1806 1340 1855
4554 4 2 1 3 1766 1927 1514 2027
4555 4 2 1 3 1468 1531 1777 1947
4556 4 2 1 3 1546 1637 1808 1889
4557 4 2 1 3 1254 1758 2153 2167
4558 4 2 1 3 851 893 1901 2036
4559 4 2 1 3 1604 1497 1882 1994
4560 4 2 1 3 1865 2053 1616 2135
4561 4 2 1 3 1604 1882 1605 1994
4562 4 2 1 3 421 1607 658 1992
4563 4 2 1 3 907 1786 1562 1880
4564 4 2 1 3 748 1993 1517 2077
4565 4 2 1 3 1026 1571 994 2089
4566 4 2 1 3 1538 1739 1605 1983
4567 4 2 1 3 1551 1742 1673 1996
4568 4 2 1 3 1715 1822 845 2121
4569 4 2 1 3 1573 1877 1524 2145
4570 4 2 1 3 460 691 462 1804
4571 4 2 1 3 1165 1000 1164 1755
4572 4 2 1 3 384 222 271 1654
4573 4 2 1 3 1125 838 943 1674
4574 4 2 1 3 259 1870 1577 1929
4575 4 2 1 3 1086 1872 1251 2127
4576 4 2 1 3 1466 1838 1548 1883
4577 4 2 1 3 1556 1769 1482 1970
4578 4 2 1 3 624 784 1619 1754
4579 4 2 1 3 706 1735 1569 2122
4580 4 2 1 3 1488 1668 1554 1888
4581 4 2 1 3 1466 1772 1838 2150
4582 4 2 1 3 1612 1730 1530 2070
4583 4 2 1 3 1050 1245 1264 1883
4584 4 2 1 3 1467 1965 1698 2079
4585 4 2 1 3 839 882 2021 2138
4586 4 2 1 3 996 1692 1036 2095
4587 4 2 1 3 1464 1608 1736 1815
4588 4 2 1 3 1287 1600 946 1880
4589 4 2 1 3 1620 1487 1763 1988
4590 4 2 1 3 1531 1777 1469 1825
4591 4 2 1 3 1125 798 838 1674
4592 4 2 1 3 1637 1780 1314 1808
4593 4 2 1 3 322 1729 390 2141
4594 4 2 1 3 387 1602 390 1779
4595 4 2 1 3 522 523 524 2115
4596 4 2 1 3 1618 1882 1619 2012
4597 4 2 1 3 1690 1797 1558 1995
4598 4 2 1 3 976 1700 975 2111
4599 4 2 1 3 1649 1862 1582 1936
4600 4 2 1 3 1868 1884 1405 2010
4601 4 2 1 3 1491 1626 1867 2046
4602 4 2 1 3 1174 1737 1583 1962
4603 4 2 1 3 1401 1397 1449 1794
4604 4 2 1 3 275 239 1631 1805
4605 4 2 1 3 1541 1850 1644 1963
4606 4 2 1 3 1478 1653 1771 2008
4607 4 2 1 3 1282 1062 1764 1906
4608 4 2 1 3 1479 1611 1671 1868
4609 4 2 1 3 1689 1588 1975 2051
4610 4 2 1 3 1526 1469 1777 1825
4611 4 2 1 3 1492 1759 1975 2177
4612 4 2 1 3 1518 1869 1615 1965
4613 4 2 1 3 1182 1084 1111 1963
4614 4 2 1 3 1476 1530 1730 2101
4615 4 2 1 3 1419 1452 1816 1980
4616 4 2 1 3 1210 1275 1609 2127
4617 4 2 1 3 670 1579 424 1688
4618 4 2 1 3 1465 1724 1607 2151
4619 4 2 1 3 1024 1589 1795 2123
4620 4 2 1 3 1652 1897 1527 2131
4621 4 2 1 3 1225 1679 1543 1951
4622 4 2 1 3 1594 1490 1648 1839
4623 4 2 1 3 984 2039 1533 2140
4624 4 2 1 3 1384 216 1884 2103
4625 4 2 1 3 1545 1859 1465 1863
4626 4 2 1 3 1516 1749 1566 1840
4627 4 2 1 3 888 1823 1553 1931
4628 4 2 1 3 458 459 1804 2050
4629 4 2 1 3 1502 1847 1560 1864
4630 4 2 1 3 1162 814 923 1638
4631 4 2 1 3 1474 1535 1774 1925
4632 4 2 1 3 343 1810 342 1843
4633 4 2 1 3 899 1600 866 1932
4634 4 2 1 3 1705 1754 1484 2007
4635 4 2 1 3 1069 1666 1115 1749
4636 4 2 1 3 1476 1743 1536 1791
4637 4 2 1 3 1549 1750 555 1970
4638 4 2 1 3 1643 1664 1470 1826
4639 4 2 1 3 1520 1901 851 2045
4640 4 2 1 3 1196 1795 1031 2043
4641 4 2 1 3 1738 1860 1597 1875
4642 4 2 1 3 1522 1771 1653 2008
4643 4 2 1 3 896 1638 835 1836
4644 4 2 1 3 350 1594 1858 2105
4645 4 2 1 3 569 1926 1705 1993
4646 4 2 1 3 1284 1581 1674 2138
4647 4 2 1 3 271 1654 293 1731
4648 4 2 1 3 1275 1156 1609 2127
4649 4 2 1 3 888 1553 1823 2029
4650 4 2 1 3 481 459 527 1886
4651 4 2 1 3 573 722 1706 1803
4652 4 2 1 3 356 303 346 1636
4653 4 2 1 3 280 1820 1583 1870
4654 4 2 1 3 1058 1671 1611 2010
4655 4 2 1 3 1481 1857 1627 1902
4656 4 2 1 3 469 683 470 1718
4657 4 2 1 3 1375 1420 1649 1980
4658 4 2 1 3 1526 1468 1762 1777
4659 4 2 1 3 290 232 1622 1829
4660 4 2 1 3 1524 1790 1660 2107
4661 4 2 1 3 1245 1818 1264 1883
4662 4 2 1 3 775 1706 722 2014
4663 4 2 1 3 534 759 1993 2158
4664 4 2 1 3 1426 1442 1370 1753
4665 4 2 1 3 1312 1314 1780 1808
4666 4 2 1 3 441 721 617 1939
4667 4 2 1 3 1642 1729 1603 1811
4668 4 2 1 3 1488 1554 1668 1775
4669 4 2 1 3 840 1680 1784 1822
4670 4 2 1 3 1614 1819 1495 1878
4671 4 2 1 3 860 861 894 1847
4672 4 2 1 3 1135 2030 1707 2088
4673 4 2 1 3 1671 1884 1868 2010
4674 4 2 1 3 1031 1795 1656 2043
4675 4 2 1 3 1619 1882 1497 2012
4676 4 2 1 3 1335 1368 1931 2152
4677 4 2 1 3 682 584 509 1597
4678 4 2 1 3 1503 1611 1670 1817
4679 4 2 1 3 1196 1136 1539 2043
4680 4 2 1 3 1656 1930 1895 2041
4681 4 2 1 3 1619 1705 1484 2007
4682 4 2 1 3 1664 1775 653 2176
4683 4 2 1 3 1581 1698 1547 1827
4684 4 2 1 3 1498 1815 1570 2054
4685 4 2 1 3 1534 1977 1910 2118
4686 4 2 1 3 896 1836 910 1853
4687 4 2 1 3 1498 1667 1586 2046
4688 4 2 1 3 989 1545 1949 2081
4689 4 2 1 3 534 1993 1667 2158
4690 4 2 1 3 1469 1677 1649 1862
4691 4 2 1 3 1613 1721 1560 1864
4692 4 2 1 3 1569 1726 1471 1825
4693 4 2 1 3 1550 1839 1759 2177
4694 4 2 1 3 1648 1839 1244 2105
4695 4 2 1 3 1442 1424 1430 2044
4696 4 2 1 3 783 1957 593 2097
4697 4 2 1 3 651 726 1593 1752
4698 4 2 1 3 1741 1796 1620 1923
4699 4 2 1 3 1706 2146 1989 2175
4700 4 2 1 3 1516 1894 1666 2180
4701 4 2 1 3 1494 1837 1714 2166
4702 4 2 1 3 1484 1642 1811 2007
4703 4 2 1 3 1694 1758 380 1819
4704 4 2 1 3 1639 1815 1608 2100
4705 4 2 1 3 413 384 286 1731
4706 4 2 1 3 242 1592 285 1785
4707 4 2 1 3 1630 1883 1049 2153
4708 4 2 1 3 1525 1835 1686 2047
4709 4 2 1 3 984 1942 1533 2039
4710 4 2 1 3 1475 1676 1935 1981
4711 4 2 1 3 699 701 1535 1950
4712 4 2 1 3 1668 1724 1564 2034
4713 4 2 1 3 698 448 1619 1740
4714 4 2 1 3 920 1631 1234 2179
4715 4 2 1 3 1532 1898 1470 1984
4716 4 2 1 3 1551 1742 877 1978
4717 4 2 1 3 1405 1884 1437 2010
4718 4 2 1 3 1250 1153 1085 1640
4719 4 2 1 3 836 874 803 1734
4720 4 2 1 3 1554 1833 1664 1898
4721 4 2 1 3 1569 1735 706 1807
4722 4 2 1 3 1698 1987 1508 2079
4723 4 2 1 3 397 398 335 1852
4724 4 2 1 3 652 1593 726 1752
4725 4 2 1 3 1562 1786 1485 2023
4726 4 2 1 3 478 1775 1627 2034
4727 4 2 1 3 1532 1831 1540 1907
4728 4 2 1 3 1054 1057 1055 1611
4729 4 2 1 3 1792 1913 825 2129
4730 4 2 1 3 1673 1742 1552 1957
4731 4 2 1 3 1503 1817 1953 2157
4732 4 2 1 3 1540 1831 1532 1984
4733 4 2 1 3 1588 1759 1689 1975
4734 4 2 1 3 1469 1862 1709 1955
4735 4 2 1 3 363 1758 1555 2160
4736 4 2 1 3 1627 1775 478 2038
4737 4 2 1 3 1482 1670 1621 2165
4738 4 2 1 3 1522 2008 1653 2033
4739 4 2 1 3 379 1779 1602 1911
4740 4 2 1 3 1117 1294 1941 1974
4741 4 2 1 3 1571 1480 1770 2089
4742 4 2 1 3 1482 1549 1750 1953
4743 4 2 1 3 1555 1725 2153 2167
4744 4 2 1 3 1488 1857 1533 1972
4745 4 2 1 3 1248 1285 1749 1948
4746 4 2 1 3 1486 1559 1797 1872
4747 4 2 1 3 1440 1736 1610 2050
4748 4 2 1 3 1626 1710 1491 1905
4749 4 2 1 3 995 1947 1531 2173
4750 4 2 1 3 1644 1850 1182 1963
4751 4 2 1 3 1552 1827 1673 2097
4752 4 2 1 3 291 1854 273 2016
4753 4 2 1 3 1675 1770 1480 2089
4754 4 2 1 3 1511 1824 1621 1953
4755 4 2 1 3 1626 1840 1033 2148
4756 4 2 1 3 1690 1872 1559 1967
4757 4 2 1 3 907 1880 1562 2155
4758 4 2 1 3 896 1638 1836 1853
4759 4 2 1 3 650 572 1695 1781
4760 4 2 1 3 1415 1547 1906 1914
4761 4 2 1 3 1465 1545 1863 1995
4762 4 2 1 3 1580 1709 1508 1921
4763 4 2 1 3 1010 1550 1007 2133
4764 4 2 1 3 1671 2094 1528 2114
4765 4 2 1 3 1508 1615 1709 1862
4766 4 2 1 3 1645 1753 1733 2109
4767 4 2 1 3 1518 1861 1761 2083
4768 4 2 1 3 1498 1667 2046 2106
4769 4 2 1 3 234 236 1805 1924
4770 4 2 1 3 1596 1839 1019 2025
4771 4 2 1 3 1469 1825 1865 1955
4772 4 2 1 3 1284 1249 1581 2138
4773 4 2 1 3 1470 1574 1833 2008
4774 4 2 1 3 1068 1067 951 2052
4775 4 2 1 3 1566 1749 1516 1894
4776 4 2 1 3 382 314 411 1614
4777 4 2 1 3 1651 1737 1026 1962
4778 4 2 1 3 1486 1735 1569 1807
4779 4 2 1 3 1185 973 1693 2096
4780 4 2 1 3 581 776 1542 2011
4781 4 2 1 3 680 664 1652 2131
4782 4 2 1 3 1323 1567 1324 2108
4783 4 2 1 3 1508 1709 1615 1987
4784 4 2 1 3 1552 2014 898 2021
4785 4 2 1 3 1321 1320 1760 1855
4786 4 2 1 3 920 1234 282 2179
4787 4 2 1 3 1461 1662 605 2149
4788 4 2 1 3 844 1680 840 1822
4789 4 2 1 3 1619 1754 1705 2007
4790 4 2 1 3 297 405 388 1642
4791 4 2 1 3 1719 1958 391 2068
4792 4 2 1 3 528 1672 639 2102
4793 4 2 1 3 1620 1673 1487 1988
4794 4 2 1 3 259 260 1870 1929
4795 4 2 1 3 637 1585 1718 1908
4796 4 2 1 3 684 1540 1826 1920
4797 4 2 1 3 776 581 1542 2076
4798 4 2 1 3 481 1623 1804 1886
4799 4 2 1 3 505 504 503 1738
4800 4 2 1 3 1594 1648 1490 1810
4801 4 2 1 3 1548 1818 931 1966
4802 4 2 1 3 1489 1790 1524 2145
4803 4 2 1 3 1559 1531 1967 2095
4804 4 2 1 3 1613 1836 1544 2027
4805 4 2 1 3 1485 1773 1661 2023
4806 4 2 1 3 244 264 1579 2057
4807 4 2 1 3 1608 1733 1464 1736
4808 4 2 1 3 1583 1675 1480 1737
4809 4 2 1 3 555 1549 1970 2164
4810 4 2 1 3 1574 2049 1802 2128
4811 4 2 1 3 419 687 1745 2050
4812 4 2 1 3 550 1696 1873 2150
4813 4 2 1 3 564 218 1461 1658
4814 4 2 1 3 1592 2060 223 2179
4815 4 2 1 3 1535 701 1871 1950
4816 4 2 1 3 1499 1777 1645 1830
4817 4 2 1 3 334 1752 1593 1852
4818 4 2 1 3 570 703 1835 2118
4819 4 2 1 3 1349 1335 1368 1931
4820 4 2 1 3 1626 1570 1867 2046
4821 4 2 1 3 1570 1639 1498 1793
4822 4 2 1 3 1006 1800 1536 2042
4823 4 2 1 3 1324 1323 1325 1567
4824 4 2 1 3 748 596 1705 1993
4825 4 2 1 3 1331 1347 1363 1614
4826 4 2 1 3 223 1592 277 2060
4827 4 2 1 3 224 244 262 1688
4828 4 2 1 3 931 1047 1548 1966
4829 4 2 1 3 1515 1935 1676 1981
4830 4 2 1 3 1491 1570 1656 1895
4831 4 2 1 3 1529 1788 1647 2094
4832 4 2 1 3 1638 1766 1161 2084
4833 4 2 1 3 1545 1465 1859 1995
4834 4 2 1 3 1186 1237 1638 1766
4835 4 2 1 3 1489 1687 1528 1806
4836 4 2 1 3 1480 1675 1583 2065
4837 4 2 1 3 675 1582 676 1980
4838 4 2 1 3 1565 1807 1486 1976
4839 4 2 1 3 1162 814 1638 2005
4840 4 2 1 3 1542 1480 1721 2011
4841 4 2 1 3 897 1600 1786 1880
4842 4 2 1 3 524 1799 1599 1922
4843 4 2 1 3 1478 1665 2003 2008
4844 4 2 1 3 688 1564 497 1940
4845 4 2 1 3 684 680 1652 1920
4846 4 2 1 3 1422 1745 1649 1936
4847 4 2 1 3 1469 1692 1580 1928
4848 4 2 1 3 835 832 836 1917
4849 4 2 1 3 332 1719 1695 1958
4850 4 2 1 3 986 1165 1697 1755
4851 4 2 1 3 1054 1851 1611 2110
4852 4 2 1 3 1530 1476 1849 2101
4853 4 2 1 3 746 1561 1746 2136
4854 4 2 1 3 682 1597 1738 1860
4855 4 2 1 3 1772 1818 1524 1883
4856 4 2 1 3 688 497 1564 2034
4857 4 2 1 3 1525 1910 1835 2047
4858 4 2 1 3 1533 1744 1575 1857
4859 4 2 1 3 1497 1729 1602 1911
4860 4 2 1 3 1443 419 1745 2050
4861 4 2 1 3 1701 1770 1675 2089
4862 4 2 1 3 1039 1615 1709 1987
4863 4 2 1 3 1486 1761 1559 1872
4864 4 2 1 3 1491 1589 1795 1905
4865 4 2 1 3 899 1600 897 1880
4866 4 2 1 3 959 1608 1733 1999
4867 4 2 1 3 248 1691 264 2057
4868 4 2 1 3 369 298 338 1641
4869 4 2 1 3 1655 1750 1482 1769
4870 4 2 1 3 1564 728 1724 1940
4871 4 2 1 3 785 1939 1633 2020
4872 4 2 1 3 387 1602 1779 1903
4873 4 2 1 3 961 1645 962 1733
4874 4 2 1 3 874 836 832 1992
4875 4 2 1 3 702 777 1970 2062
4876 4 2 1 3 1501 1770 1613 1864
4877 4 2 1 3 1324 1567 1325 1878
4878 4 2 1 3 315 384 413 1731
4879 4 2 1 3 1491 1905 1795 1934
4880 4 2 1 3 1566 1717 1517 1958
4881 4 2 1 3 953 1622 232 1829
4882 4 2 1 3 1616 1632 1499 1745
4883 4 2 1 3 1320 1319 1842 2098
4884 4 2 1 3 459 1804 1610 1886
4885 4 2 1 3 281 258 1870 2016
4886 4 2 1 3 222 383 270 1654
4887 4 2 1 3 877 1551 883 1996
4888 4 2 1 3 1473 1711 1599 1765
4889 4 2 1 3 656 811 655 2036
4890 4 2 1 3 782 1724 728 1940
4891 4 2 1 3 1535 1678 1774 2078
4892 4 2 1 3 1525 1466 1873 1910
4893 4 2 1 3 587 1916 774 2036
4894 4 2 1 3 1538 1716 1472 1838
4895 4 2 1 3 1669 1759 1550 1839
4896 4 2 1 3 635 637 1585 1844
4897 4 2 1 3 1316 1311 1361 1780
4898 4 2 1 3 1488 1775 1627 1972
4899 4 2 1 3 1463 1679 1626 1840
4900 4 2 1 3 1555 1472 1725 1779
4901 4 2 1 3 570 1525 1835 2185
4902 4 2 1 3 1499 1632 1616 1899
4903 4 2 1 3 1518 1715 1565 1822
4904 4 2 1 3 1463 1710 1593 1781
4905 4 2 1 3 1589 1848 1640 2162
4906 4 2 1 3 1673 1763 1487 1988
4907 4 2 1 3 613 1923 1551 2199
4908 4 2 1 3 1589 1473 1893 2123
4909 4 2 1 3 558 616 1662 1798
4910 4 2 1 3 1035 1679 1626 1905
4911 4 2 1 3 1535 1480 1871 1904
4912 4 2 1 3 1775 1898 1532 1972
4913 4 2 1 3 1416 1419 1452 1816
4914 4 2 1 3 1384 1405 1868 1884
4915 4 2 1 3 1485 1767 1773 2001
4916 4 2 1 3 1579 1713 1828 2004
4917 4 2 1 3 1020 1596 1019 2025
4918 4 2 1 3 1158 1702 1609 2119
4919 4 2 1 3 1657 2001 1511 2022
4920 4 2 1 3 475 684 480 1907
4921 4 2 1 3 242 243 277 1785
4922 4 2 1 3 1173 225 1583 1854
4923 4 2 1 3 1838 1873 1466 2150
4924 4 2 1 3 1153 1905 1640 2071
4925 4 2 1 3 1586 1710 1799 2019
4926 4 2 1 3 1765 2115 1599 2125
4927 4 2 1 3 1782 2003 1665 2008
4928 4 2 1 3 1643 1833 1664 1891
4929 4 2 1 3 1350 2074 1808 2147
4930 4 2 1 3 497 1756 1564 2034
4931 4 2 1 3 1481 1756 1627 1857
4932 4 2 1 3 229 247 741 1691
4933 4 2 1 3 379 387 390 1779
4934 4 2 1 3 1595 1884 1671 1974
4935 4 2 1 3 1579 1713 1691 1828
4936 4 2 1 3 1324 1567 1878 2108
4937 4 2 1 3 899 822 1786 1913
4938 4 2 1 3 1496 1593 1710 1799
4939 4 2 1 3 1567 1760 1663 1977
4940 4 2 1 3 363 1686 366 1758
4941 4 2 1 3 1690 1995 1558 2081
4942 4 2 1 3 580 1587 600 1950
4943 4 2 1 3 381 1694 1143 1758
4944 4 2 1 3 1475 1669 1550 1834
4945 4 2 1 3 306 1257 362 1758
4946 4 2 1 3 1613 1734 1544 1836
4947 4 2 1 3 1622 1629 1494 1654
4948 4 2 1 3 656 655 1685 2036
4949 4 2 1 3 1525 1910 1873 2118
4950 4 2 1 3 1468 1777 1645 1947
4951 4 2 1 3 1638 1161 2005 2084
4952 4 2 1 3 1254 1758 1964 2153
4953 4 2 1 3 1481 1572 1770 1902
4954 4 2 1 3 1520 1683 1735 2099
4955 4 2 1 3 799 850 868 1617
4956 4 2 1 3 1006 1536 1800 1834
4957 4 2 1 3 1092 1573 1265 1877
4958 4 2 1 3 1230 1037 1036 1580
4959 4 2 1 3 1744 1972 1533 2140
4960 4 2 1 3 897 899 822 1786
4961 4 2 1 3 242 277 1592 1785
4962 4 2 1 3 1136 1723 1539 2043
4963 4 2 1 3 1118 1104 1060 2110
4964 4 2 1 3 585 1711 524 1799
4965 4 2 1 3 726 792 650 1781
4966 4 2 1 3 1309 1687 1806 1941
4967 4 2 1 3 1704 1477 1814 1954
4968 4 2 1 3 1483 1678 1530 1774
4969 4 2 1 3 1686 1946 1835 2185
4970 4 2 1 3 250 290 1622 2124
4971 4 2 1 3 1686 1835 1525 2185
4972 4 2 1 3 1210 1609 1863 2127
4973 4 2 1 3 1318 1320 1573 2098
4974 4 2 1 3 471 1643 470 1826
4975 4 2 1 3 1487 1673 1519 1763
4976 4 2 1 3 1473 1589 1757 2123
4977 4 2 1 3 357 665 422 1659
4978 4 2 1 3 1211 1903 1725 1944
4979 4 2 1 3 1475 1791 1536 1821
4980 4 2 1 3 1543 1905 1153 2071
4981 4 2 1 3 1292 1035 1225 1679
4982 4 2 1 3 1486 1683 1887 2099
4983 4 2 1 3 225 1583 280 1820
4984 4 2 1 3 1488 1898 1775 1972
4985 4 2 1 3 1446 1432 1056 1661
4986 4 2 1 3 525 1668 488 2034
4987 4 2 1 3 646 1803 793 2013
4988 4 2 1 3 722 1706 1625 2014
4989 4 2 1 3 1384 216 1405 1884
4990 4 2 1 3 285 1924 1592 2179
4991 4 2 1 3 1828 1885 284 2004
4992 4 2 1 3 1466 1525 1838 1910
4993 4 2 1 3 738 661 1992 2126
4994 4 2 1 3 1484 1666 1749 1894
4995 4 2 1 3 1494 1629 1622 1954
4996 4 2 1 3 1202 1651 1026 1962
4997 4 2 1 3 1597 1477 1713 1937
4998 4 2 1 3 1656 1523 1930 2041
4999 4 2 1 3 1715 1761 1518 1976
5000 4 2 1 3 1487 1519 1673 1827
5001 4 2 1 3 1579 1937 1814 1959
5002 4 2 1 3 390 1602 387 1903
5003 4 2 1 3 1516 1749 1666 1894
5004 4 2 1 3 1491 1626 1905 1934
5005 4 2 1 3 821 1792 1657 1913
5006 4 2 1 3 1502 1542 2016 2065
5007 4 2 1 3 323 325 311 1619
5008 4 2 1 3 637 1718 1585 1844
5009 4 2 1 3 1496 1752 1593 2117
5010 4 2 1 3 1564 1756 497 1940
5011 4 2 1 3 379 1602 390 1911
5012 4 2 1 3 1597 1738 1477 1937
5013 4 2 1 3 1707 1893 1473 2123
5014 4 2 1 3 1531 1762 1468 1777
5015 4 2 1 3 981 1031 1029 1656
5016 4 2 1 3 931 1548 1047 1818
5017 4 2 1 3 1585 1478 1876 2003
5018 4 2 1 3 1265 1092 1243 1573
5019 4 2 1 3 1475 1669 1676 1981
5020 4 2 1 3 977 1590 1744 2140
5021 4 2 1 3 1508 1582 1862 1936
5022 4 2 1 3 930 1890 1639 2148
5023 4 2 1 3 821 825 1792 1913
5024 4 2 1 3 1989 2146 1582 2175
5025 4 2 1 3 322 320 390 1911
5026 4 2 1 3 712 788 1657 1792
5027 4 2 1 3 940 1629 1112 1829
5028 4 2 1 3 1509 1998 1700 2092
5029 4 2 1 3 1563 1493 1881 2026
5030 4 2 1 3 1571 1902 1533 1942
5031 4 2 1 3 1485 1600 2001 2023
5032 4 2 1 3 827 1823 1938 2129
5033 4 2 1 3 1377 1548 1451 1966
5034 4 2 1 3 995 1204 1197 2173
5035 4 2 1 3 1710 1781 1586 1799
5036 4 2 1 3 1474 1651 1774 1904
5037 4 2 1 3 1536 1743 1477 1821
5038 4 2 1 3 1471 1591 1797 1995
5039 4 2 1 3 1681 1814 1493 2090
5040 4 2 1 3 585 1711 1799 2117
5041 4 2 1 3 604 758 618 1792
5042 4 2 1 3 770 642 1331 1614
5043 4 2 1 3 637 636 1585 1908
5044 4 2 1 3 1563 1755 999 1812
5045 4 2 1 3 1492 1650 1644 2073
5046 4 2 1 3 967 1634 1195 1748
5047 4 2 1 3 1527 1477 1743 1821
5048 4 2 1 3 1318 1320 1321 1855
5049 4 2 1 3 1402 1401 1455 1776
5050 4 2 1 3 1505 1751 1651 2061
5051 4 2 1 3 575 1636 732 2051
5052 4 2 1 3 1480 1571 1737 2089
5053 4 2 1 3 1525 1716 1538 1838
5054 4 2 1 3 290 1622 279 1828
5055 4 2 1 3 1080 1751 1651 1962
5056 4 2 1 3 1473 1585 1765 2125
5057 4 2 1 3 290 250 1622 1828
5058 4 2 1 3 727 648 647 1683
5059 4 2 1 3 1486 1761 1715 1976
5060 4 2 1 3 1397 1801 1449 2180
5061 4 2 1 3 1432 1056 1661 2002
5062 4 2 1 3 1507 1828 1713 2004
5063 4 2 1 3 1543 1710 1626 1905
5064 4 2 1 3 1476 1536 1743 1755
5065 4 2 1 3 303 357 344 1659
5066 4 2 1 3 1631 1805 1751 1856
5067 4 2 1 3 328 1717 329 1958
5068 4 2 1 3 225 263 1173 1820
5069 4 2 1 3 1549 1953 1817 2157
5070 4 2 1 3 1682 2000 1562 2187
5071 4 2 1 3 617 1788 1529 2020
5072 4 2 1 3 1536 1743 1527 1791
5073 4 2 1 3 307 926 1155 1874
5074 4 2 1 3 1633 1806 1529 1939
5075 4 2 1 3 301 383 222 1654
5076 4 2 1 3 1466 1883 1663 2134
5077 4 2 1 3 1108 1874 1180 2025
5078 4 2 1 3 635 637 636 1585
5079 4 2 1 3 530 533 1586 2158
5080 4 2 1 3 1592 1681 277 2060
5081 4 2 1 3 1493 1601 2026 2082
5082 4 2 1 3 1507 1704 1601 1814
5083 4 2 1 3 1464 1623 1804 2041
5084 4 2 1 3 1760 1900 1663 1977
5085 4 2 1 3 1475 1527 1791 1821
5086 4 2 1 3 535 726 1593 1781
5087 4 2 1 3 424 1579 780 2057
5088 4 2 1 3 1640 2071 1905 2162
5089 4 2 1 3 1641 1843 1598 1848
5090 4 2 1 3 1451 1548 1377 1818
5091 4 2 1 3 1318 1573 1855 2098
5092 4 2 1 3 1302 1354 1633 1939
5093 4 2 1 3 1520 1685 1901 2086
5094 4 2 1 3 893 1685 1901 2036
5095 4 2 1 3 967 964 1195 1634
5096 4 2 1 3 498 1919 501 2078
5097 4 2 1 3 1791 1834 1536 1845
5098 4 2 1 3 321 1811 319 1911
5099 4 2 1 3 363 364 2160 2167
5100 4 2 1 3 1471 1684 1690 2173
5101 4 2 1 3 1586 1799 532 1922
5102 4 2 1 3 1551 1673 1742 2168
5103 4 2 1 3 986 1755 1697 1812
5104 4 2 1 3 598 1628 552 1960
5105 4 2 1 3 1515 1707 1596 2030
5106 4 2 1 3 1538 1472 1739 1838
5107 4 2 1 3 896 895 835 2005
5108 4 2 1 3 1282 1906 1547 1914
5109 4 2 1 3 1493 2026 1563 2082
5110 4 2 1 3 1414 1620 1412 2196
5111 4 2 1 3 1531 1947 995 2095
5112 4 2 1 3 1672 1762 1468 1971
5113 4 2 1 3 1550 1669 1839 2133
5114 4 2 1 3 1464 1815 1736 2054
5115 4 2 1 3 1312 1780 1647 1808
5116 4 2 1 3 498 2070 1919 2078
5117 4 2 1 3 381 1143 306 1758
5118 4 2 1 3 1751 1774 1651 2061
5119 4 2 1 3 1579 1814 1681 2090
5120 4 2 1 3 1452 1961 1519 1980
5121 4 2 1 3 1530 1919 1612 2070
5122 4 2 1 3 1463 1626 1793 1840
5123 4 2 1 3 598 552 1741 1960
5124 4 2 1 3 1524 1877 1245 2107
5125 4 2 1 3 1525 1835 1910 2118
5126 4 2 1 3 1213 1177 1282 1914
5127 4 2 1 3 1474 1774 1535 1904
5128 4 2 1 3 1472 1557 1944 1994
5129 4 2 1 3 1488 1744 1545 1778
5130 4 2 1 3 1525 1472 1716 1838
5131 4 2 1 3 1361 1529 1806 1939
5132 4 2 1 3 458 1804 1632 2050
5133 4 2 1 3 1721 1770 1480 1864
5134 4 2 1 3 1536 1477 1800 1821
5135 4 2 1 3 1560 1721 1542 1864
5136 4 2 1 3 1564 1488 1668 2034
5137 4 2 1 3 1538 1739 1548 1838
5138 4 2 1 3 1584 1979 1653 2041
5139 4 2 1 3 1485 2001 1773 2023
5140 4 2 1 3 391 1948 1566 1958
5141 4 2 1 3 1486 1565 1715 2121
5142 4 2 1 3 1578 829 1823 1938
5143 4 2 1 3 1562 2000 1682 2168
5144 4 2 1 3 471 470 472 1826
5145 4 2 1 3 1608 1736 1442 1753
5146 4 2 1 3 1653 1979 1506 2041
5147 4 2 1 3 1347 1614 1348 1819
5148 4 2 1 3 232 953 253 1622
5149 4 2 1 3 508 1588 507 2174
5150 4 2 1 3 1596 1669 1839 1981
5151 4 2 1 3 993 1766 1701 1942
5152 4 2 1 3 391 328 329 1958
5153 4 2 1 3 1474 1699 1530 1831
5154 4 2 1 3 1404 1966 1557 2052
5155 4 2 1 3 1506 1623 1895 2041
5156 4 2 1 3 1494 1713 1597 1954
5157 4 2 1 3 1227 2018 1702 2084
5158 4 2 1 3 1542 1721 1560 2076
5159 4 2 1 3 545 1983 1605 2031
5160 4 2 1 3 1484 1811 1642 2012
5161 4 2 1 3 1189 2018 1575 2039
5162 4 2 1 3 1501 1675 1770 1864
5163 4 2 1 3 1007 1850 1800 2163
5164 4 2 1 3 1567 1466 1663 2134
5165 4 2 1 3 966 1945 2128 2194
5166 4 2 1 3 501 1919 1678 2078
5167 4 2 1 3 1610 1498 1815 2142
5168 4 2 1 3 1367 1335 1349 1712
5169 4 2 1 3 242 277 285 1592
5170 4 2 1 3 1640 1841 1513 1874
5171 4 2 1 3 1652 1527 1791 2131
5172 4 2 1 3 1001 1751 1576 2200
5173 4 2 1 3 244 1579 264 2090
5174 4 2 1 3 1638 1766 1514 2027
5175 4 2 1 3 1488 1554 1778 1888
5176 4 2 1 3 1024 1085 1589 2123
5177 4 2 1 3 1579 1493 1814 2090
5178 4 2 1 3 1153 1543 1225 1905
5179 4 2 1 3 896 837 910 1836
5180 4 2 1 3 873 1685 893 2036
5181 4 2 1 3 1508 1816 1547 2116
5182 4 2 1 3 234 1606 1924 1991
5183 4 2 1 3 840 1784 843 1822
5184 4 2 1 3 1527 1897 503 2131
5185 4 2 1 3 1232 953 232 1829
5186 4 2 1 3 1512 1696 1561 1900
5187 4 2 1 3 1481 1927 1766 2027
5188 4 2 1 3 1629 1866 1622 1954
5189 4 2 1 3 279 284 1828 1885
5190 4 2 1 3 680 663 664 2131
5191 4 2 1 3 530 1586 1886 2158
5192 4 2 1 3 1401 1568 1776 1794
5193 4 2 1 3 509 1837 583 1937
5194 4 2 1 3 989 1949 1684 2081
5195 4 2 1 3 419 614 1443 1745
5196 4 2 1 3 1085 1757 1589 2123
5197 4 2 1 3 440 360 762 1714
5198 4 2 1 3 1530 1774 1576 1849
5199 4 2 1 3 1112 1629 1109 1866
5200 4 2 1 3 773 413 286 1731
5201 4 2 1 3 1539 1707 1473 1876
5202 4 2 1 3 1570 1491 1656 1934
5203 4 2 1 3 1463 1679 1566 1719
5204 4 2 1 3 1487 1682 1620 1763
5205 4 2 1 3 318 1646 410 1779
5206 4 2 1 3 1935 2064 1728 2154
5207 4 2 1 3 1552 2014 1706 2097
5208 4 2 1 3 547 1538 1832 1873
5209 4 2 1 3 1548 1739 1538 2143
5210 4 2 1 3 1042 1698 1965 1987
5211 4 2 1 3 1000 1164 1755 2042
5212 4 2 1 3 1479 1817 1546 1889
5213 4 2 1 3 1312 1647 1353 1808
5214 4 2 1 3 1526 1762 1531 1777
5215 4 2 1 3 1472 1555 1725 1838
5216 4 2 1 3 1392 1393 1789 2031
5217 4 2 1 3 1225 1543 1153 2071
5218 4 2 1 3 324 1642 392 2007
5219 4 2 1 3 1505 1904 1535 2061
5220 4 2 1 3 1285 944 1124 1642
5221 4 2 1 3 1000 1003 1164 2042
5222 4 2 1 3 1691 1731 229 2124
5223 4 2 1 3 1466 1772 1548 1838
5224 4 2 1 3 496 2053 1865 2135
5225 4 2 1 3 1643 1920 1826 2120
5226 4 2 1 3 1258 1720 1787 2072
5227 4 2 1 3 923 1638 864 1853
5228 4 2 1 3 1569 1825 1865 2186
5229 4 2 1 3 660 738 1992 2126
5230 4 2 1 3 405 1642 324 1811
5231 4 2 1 3 892 1747 831 1917
5232 4 2 1 3 267 259 219 1577
5233 4 2 1 3 1109 1866 1629 1963
5234 4 2 1 3 1487 1742 1673 2168
5235 4 2 1 3 750 1752 1641 2117
5236 4 2 1 3 1466 1548 1772 1883
5237 4 2 1 3 1532 1627 1902 2038
5238 4 2 1 3 271 286 384 1731
5239 4 2 1 3 1681 1814 1579 2004
5240 4 2 1 3 718 1923 1445 1988
5241 4 2 1 3 1472 1604 1716 2093
5242 4 2 1 3 1642 324 1811 2007
5243 4 2 1 3 325 1754 1619 2007
5244 4 2 1 3 532 1586 533 1781
5245 4 2 1 3 827 1823 829 1938
5246 4 2 1 3 1620 1485 1741 2196
5247 4 2 1 3 1422 1745 1936 2044
5248 4 2 1 3 686 1689 1985 2051
5249 4 2 1 3 871 1657 821 1792
5250 4 2 1 3 1505 1651 1904 2061
5251 4 2 1 3 1526 1865 1825 2186
5252 4 2 1 3 1446 1413 1432 1661
5253 4 2 1 3 1464 1804 1632 1830
5254 4 2 1 3 1592 1881 1493 2026
5255 4 2 1 3 1615 1862 1510 1955
5256 4 2 1 3 1492 1588 1860 2051
5257 4 2 1 3 1525 570 1873 2185
5258 4 2 1 3 1550 1669 1475 1759
5259 4 2 1 3 1471 1545 1684 1888
5260 4 2 1 3 1122 1676 2088 2096
5261 4 2 1 3 555 554 1732 2164
5262 4 2 1 3 1574 1782 1665 2008
5263 4 2 1 3 1478 1574 2008 2113
5264 4 2 1 3 1637 1528 2094 2114
5265 4 2 1 3 1585 2115 1765 2125
5266 4 2 1 3 868 1617 850 2045
5267 4 2 1 3 1673 1957 1552 2097
5268 4 2 1 3 1558 2086 1995 2099
5269 4 2 1 3 1563 1476 1755 1812
5270 4 2 1 3 1493 1563 1881 2082
5271 4 2 1 3 1527 2131 503 2174
5272 4 2 1 3 1913 2015 825 2129
5273 4 2 1 3 1474 1532 1699 1831
5274 4 2 1 3 1323 1760 1567 2108
5275 4 2 1 3 1487 1674 1581 2021
5276 4 2 1 3 1466 1630 1883 2134
5277 4 2 1 3 1517 1754 1705 1993
5278 4 2 1 3 1575 1744 1533 2039
5279 4 2 1 3 1532 1902 1627 1972
5280 4 2 1 3 402 403 352 1963
5281 4 2 1 3 1196 1539 1795 2043
5282 4 2 1 3 1598 1711 1473 1765
5283 4 2 1 3 575 745 1636 2051
5284 4 2 1 3 1573 1842 1243 2098
5285 4 2 1 3 1058 1611 1671 1889
5286 4 2 1 3 776 2024 1542 2035
5287 4 2 1 3 720 650 572 1695
5288 4 2 1 3 983 2039 984 2140
5289 4 2 1 3 508 1728 1588 2174
5290 4 2 1 3 1242 1622 1112 1866
5291 4 2 1 3 877 1742 1551 1996
5292 4 2 1 3 1588 1759 1550 1821
5293 4 2 1 3 1310 1314 1637 1780
5294 4 2 1 3 1469 1709 1692 2095
5295 4 2 1 3 1309 1687 1317 1806
5296 4 2 1 3 1507 1704 1814 1954
5297 4 2 1 3 1484 2007 1811 2012
5298 4 2 1 3 1884 1974 1595 2103
5299 4 2 1 3 624 698 448 1619
5300 4 2 1 3 955 1291 1553 2029
5301 4 2 1 3 382 385 1614 1819
5302 4 2 1 3 1051 1918 1270 1944
5303 4 2 1 3 1473 1711 1598 1848
5304 4 2 1 3 1174 1583 1820 1962
5305 4 2 1 3 1488 1545 1744 1859
5306 4 2 1 3 1551 883 1996 2199
5307 4 2 1 3 1463 1586 1710 1781
5308 4 2 1 3 1483 1606 1881 1919
5309 4 2 1 3 1238 1082 1004 1892
5310 4 2 1 3 957 958 959 1608
5311 4 2 1 3 1626 1679 1543 1905
5312 4 2 1 3 1628 1741 1485 1767
5313 4 2 1 3 1467 1698 1581 1827
5314 4 2 1 3 1542 581 2011 2076
5315 4 2 1 3 984 994 1179 1942
5316 4 2 1 3 902 903 1822 2013
5317 4 2 1 3 1836 1847 1501 2193
5318 4 2 1 3 242 1785 285 1924
5319 4 2 1 3 359 444 311 1754
5320 4 2 1 3 1464 1895 1623 2041
5321 4 2 1 3 1474 1902 1572 1925
5322 4 2 1 3 1477 1527 1738 1821
5323 4 2 1 3 1594 1839 1075 2133
5324 4 2 1 3 1481 1701 1766 1942
5325 4 2 1 3 1080 1856 1751 1962
5326 4 2 1 3 836 1544 1734 1836
5327 4 2 1 3 528 2102 638 2176
5328 4 2 1 3 1662 1708 1407 1732
5329 4 2 1 3 612 1714 762 1731
5330 4 2 1 3 1478 1585 1876 2125
5331 4 2 1 3 813 856 939 1720
5332 4 2 1 3 1684 1949 1545 2081
5333 4 2 1 3 683 1844 578 2154
5334 4 2 1 3 473 1920 683 2154
5335 4 2 1 3 1490 1981 1537 1982
5336 4 2 1 3 1529 1489 1806 2020
5337 4 2 1 3 615 1926 569 1993
5338 4 2 1 3 918 828 888 1823
5339 4 2 1 3 1376 1666 951 2191
5340 4 2 1 3 900 1784 841 2014
5341 4 2 1 3 1204 2095 1967 2173
5342 4 2 1 3 1608 1815 1464 2054
5343 4 2 1 3 1465 1591 1995 2086
5344 4 2 1 3 1491 1867 1570 1895
5345 4 2 1 3 711 2017 1716 2185
5346 4 2 1 3 1483 1774 1530 1849
5347 4 2 1 3 998 1235 999 1933
5348 4 2 1 3 908 1978 1742 2021
5349 4 2 1 3 841 1784 898 2014
5350 4 2 1 3 1583 2016 1870 2065
5351 4 2 1 3 746 1746 1561 1943
5352 4 2 1 3 1466 1663 1900 1977
5353 4 2 1 3 1424 1736 1745 2044
5354 4 2 1 3 1553 1783 1121 1879
5355 4 2 1 3 1068 1666 1069 1952
5356 4 2 1 3 702 1912 1556 1970
5357 4 2 1 3 1880 2155 1223 2187
5358 4 2 1 3 507 1860 1588 2051
5359 4 2 1 3 1581 2138 1249 2184
5360 4 2 1 3 728 1564 688 1940
5361 4 2 1 3 1461 1385 1662 2149
5362 4 2 1 3 1481 1533 1857 1902
5363 4 2 1 3 1048 1070 1049 2153
5364 4 2 1 3 1010 1839 1669 2133
5365 4 2 1 3 1803 1807 1510 2037
5366 4 2 1 3 712 788 446 1657
5367 4 2 1 3 1190 979 976 1700
5368 4 2 1 3 1826 1540 1969 2120
5369 4 2 1 3 1591 1916 1520 2086
5370 4 2 1 3 1773 2001 1600 2023
5371 4 2 1 3 1641 1752 338 1841
5372 4 2 1 3 960 961 962 1733
5373 4 2 1 3 267 1577 219 1997
5374 4 2 1 3 1535 1871 1572 1904
5375 4 2 1 3 1601 1814 1681 1892
5376 4 2 1 3 1558 1013 1872 2081
5377 4 2 1 3 1597 1860 682 2166
5378 4 2 1 3 1515 1981 1676 2030
5379 4 2 1 3 1713 1814 1579 1937
5380 4 2 1 3 528 2063 1726 2176
5381 4 2 1 3 1476 1812 1563 1849
5382 4 2 1 3 496 704 1865 2053
5383 4 2 1 3 1599 1473 1893 2019
5384 4 2 1 3 1105 1437 1458 1884
5385 4 2 1 3 1058 1611 1054 2010
5386 4 2 1 3 1524 1900 1573 2145
5387 4 2 1 3 508 511 1689 2132
5388 4 2 1 3 1766 1927 1575 2151
5389 4 2 1 3 900 841 898 2014
5390 4 2 1 3 1629 1654 1622 1829
5391 4 2 1 3 626 1657 730 2199
5392 4 2 1 3 957 958 1608 1753
5393 4 2 1 3 940 1629 313 1963
5394 4 2 1 3 565 1658 1746 1943
5395 4 2 1 3 1721 1770 1613 2183
5396 4 2 1 3 1928 1936 1745 2044
5397 4 2 1 3 878 1132 800 1680
5398 4 2 1 3 678 484 689 2038
5399 4 2 1 3 1548 1538 1772 2143
5400 4 2 1 3 1718 1844 1521 2003
5401 4 2 1 3 1576 1751 1483 1774
5402 4 2 1 3 678 689 1925 2038
5403 4 2 1 3 486 1897 499 2070
5404 4 2 1 3 702 1970 1556 2062
5405 4 2 1 3 1504 1845 1697 2096
5406 4 2 1 3 1575 1744 1488 1857
5407 4 2 1 3 1467 1706 1625 1803
5408 4 2 1 3 845 1822 903 2121
5409 4 2 1 3 1680 1822 844 2195
5410 4 2 1 3 247 741 1691 2057
5411 4 2 1 3 899 866 1600 1880
5412 4 2 1 3 1309 1806 1528 1941
5413 4 2 1 3 507 1860 1738 2174
5414 4 2 1 3 545 1605 551 2031
5415 4 2 1 3 1020 1135 1018 1707
5416 4 2 1 3 748 720 1993 2077
5417 4 2 1 3 1563 1601 1755 2082
5418 4 2 1 3 1312 1316 1647 1780
5419 4 2 1 3 1030 1570 1027 1934
5420 4 2 1 3 933 1132 878 1680
5421 4 2 1 3 1340 1317 1318 1855
5422 4 2 1 3 1503 1817 1670 1953
5423 4 2 1 3 1473 1757 1589 1848
5424 4 2 1 3 615 1568 1926 1993
5425 4 2 1 3 1465 1702 1609 1863
5426 4 2 1 3 1745 1928 1649 1936
5427 4 2 1 3 830 873 421 1685
5428 4 2 1 3 655 774 1685 2036
5429 4 2 1 3 521 1765 1598 2182
5430 4 2 1 3 1626 1679 1033 1840
5431 4 2 1 3 509 584 583 1837
5432 4 2 1 3 283 277 246 2060
5433 4 2 1 3 791 1769 619 1938
5434 4 2 1 3 1209 1795 1589 1905
5435 4 2 1 3 1470 1969 1782 2120
5436 4 2 1 3 1683 1486 1887 2121
5437 4 2 1 3 986 1000 1165 1755
5438 4 2 1 3 1511 1621 2015 2129
5439 4 2 1 3 1475 1550 1759 1821
5440 4 2 1 3 1642 1811 1603 2012
5441 4 2 1 3 1591 1797 1735 2122
5442 4 2 1 3 324 405 392 1642
5443 4 2 1 3 1491 1586 1867 1922
5444 4 2 1 3 1562 2155 1880 2187
5445 4 2 1 3 1578 1931 918 2130
5446 4 2 1 3 1488 1564 1668 1859
5447 4 2 1 3 1505 1651 1737 1904
5448 4 2 1 3 1774 1904 1651 2061
5449 4 2 1 3 648 751 1683 1735
5450 4 2 1 3 1492 1860 1588 1875
5451 4 2 1 3 396 1719 391 2068
5452 4 2 1 3 317 1740 1604 1911
5453 4 2 1 3 1717 1749 1566 1894
5454 4 2 1 3 1492 1703 1636 2051
5455 4 2 1 3 1471 1888 1778 2198
5456 4 2 1 3 1564 1857 1488 2034
5457 4 2 1 3 1520 1887 1683 2099
5458 4 2 1 3 1510 1615 1955 1976
5459 4 2 1 3 1546 1808 2074 2147
5460 4 2 1 3 1542 2011 776 2035
5461 4 2 1 3 1070 1630 1049 2153
5462 4 2 1 3 1584 1899 1722 2201
5463 4 2 1 3 750 426 654 1641
5464 4 2 1 3 1503 1670 1611 2110
5465 4 2 1 3 1258 1720 939 1787
5466 4 2 1 3 764 1746 1633 1968
5467 4 2 1 3 1464 1632 1736 1830
5468 4 2 1 3 775 573 722 1706
5469 4 2 1 3 898 1957 1552 2021
5470 4 2 1 3 1618 1705 568 1926
5471 4 2 1 3 551 1605 769 2031
5472 4 2 1 3 810 433 1625 2014
5473 4 2 1 3 270 1654 383 1829
5474 4 2 1 3 1465 1863 1609 2086
5475 4 2 1 3 1122 1676 1078 2088
5476 4 2 1 3 1712 1879 1553 1931
5477 4 2 1 3 277 1681 246 2060
5478 4 2 1 3 1481 1857 1575 1927
5479 4 2 1 3 1089 1687 1198 1974
5480 4 2 1 3 682 1738 507 1860
5481 4 2 1 3 1174 1583 1173 1820
5482 4 2 1 3 560 1628 602 2022
5483 4 2 1 3 1552 749 2014 2097
5484 4 2 1 3 1569 1735 1486 1797
5485 4 2 1 3 1024 1589 1209 1795
5486 4 2 1 3 510 507 508 1588
5487 4 2 1 3 1641 1841 340 1843
5488 4 2 1 3 486 500 499 1897
5489 4 2 1 3 1356 1760 1322 2108
5490 4 2 1 3 1554 1833 1672 2102
5491 4 2 1 3 1468 1762 1748 1971
5492 4 2 1 3 1586 1667 1498 2158
5493 4 2 1 3 1676 1515 2003 2064
5494 4 2 1 3 648 1735 1683 1807
5495 4 2 1 3 1604 1472 1994 2093
5496 4 2 1 3 1528 1974 1671 2114
5497 4 2 1 3 1001 1576 985 2200
5498 4 2 1 3 467 1672 694 2137
5499 4 2 1 3 1667 1776 1498 2158
5500 4 2 1 3 1030 1027 1029 1934
5501 4 2 1 3 1068 951 1069 1666
5502 4 2 1 3 1505 1737 1651 1962
5503 4 2 1 3 486 1730 1897 2070
5504 4 2 1 3 1601 1892 1681 2026
5505 4 2 1 3 1468 1748 1634 1971
5506 4 2 1 3 619 1769 1655 1938
5507 4 2 1 3 1468 1830 1777 1899
5508 4 2 1 3 1291 1553 2029 2165
5509 4 2 1 3 421 873 656 1685
5510 4 2 1 3 2113 2128 1945 2194
5511 4 2 1 3 1495 1567 1809 1964
5512 4 2 1 3 1490 1636 1689 1975
5513 4 2 1 3 926 1640 1155 1874
5514 4 2 1 3 1051 1557 1918 1944
5515 4 2 1 3 714 542 1706 2146
5516 4 2 1 3 1559 1469 1709 1955
5517 4 2 1 3 1631 1881 1592 1933
5518 4 2 1 3 1104 1287 1102 1600
5519 4 2 1 3 1579 1507 1713 2004
5520 4 2 1 3 1590 1700 1972 2140
5521 4 2 1 3 1231 1850 1644 2144
5522 4 2 1 3 1633 1806 1489 2020
5523 4 2 1 3 1539 1473 1707 1893
5524 4 2 1 3 1041 1040 1039 1615
5525 4 2 1 3 1640 1848 1841 2162
5526 4 2 1 3 1475 1935 1537 1981
5527 4 2 1 3 1542 2011 1721 2076
5528 4 2 1 3 1121 955 1291 1553
5529 4 2 1 3 1578 1712 1553 1931
5530 4 2 1 3 1475 1728 1935 2064
5531 4 2 1 3 1511 1913 1792 2129
5532 4 2 1 3 432 1448 552 1960
5533 4 2 1 3 1277 1854 1583 2072
5534 4 2 1 3 244 224 264 2057
5535 4 2 1 3 1736 1745 1632 2050
5536 4 2 1 3 1294 1198 1941 1974
5537 4 2 1 3 1483 1881 1631 1933
5538 4 2 1 3 1400 1639 1794 1815
5539 4 2 1 3 1676 1981 1669 2030
5540 4 2 1 3 1490 1659 1636 1810
5541 4 2 1 3 613 724 1923 2199
5542 4 2 1 3 780 1579 670 1959
5543 4 2 1 3 1647 1798 747 2062
5544 4 2 1 3 548 1716 1873 2185
5545 4 2 1 3 543 1807 541 2037
5546 4 2 1 3 293 271 222 1654
5547 4 2 1 3 1404 1403 1557 1966
5548 4 2 1 3 1471 1762 1531 1825
5549 4 2 1 3 490 1668 1724 2063
5550 4 2 1 3 635 1765 520 2182
5551 4 2 1 3 705 1569 706 2037
5552 4 2 1 3 1601 1704 1507 1892
5553 4 2 1 3 1522 1653 1771 2137
5554 4 2 1 3 1476 1730 1612 1897
5555 4 2 1 3 1537 1985 1982 2182
5556 4 2 1 3 1432 1661 1413 2002
5557 4 2 1 3 657 1724 1685 1916
5558 4 2 1 3 461 462 463 2178
5559 4 2 1 3 1089 1286 1198 1687
5560 4 2 1 3 1230 1580 1036 2069
5561 4 2 1 3 1182 1644 1231 1850
5562 4 2 1 3 1945 2113 1634 2128
5563 4 2 1 3 1660 1974 1884 2103
5564 4 2 1 3 1497 1811 1729 1911
5565 4 2 1 3 1006 1800 1007 1834
5566 4 2 1 3 1217 1446 1056 1661
5567 4 2 1 3 1527 1743 1536 1821
5568 4 2 1 3 1839 1975 1759 2177
5569 4 2 1 3 1599 1765 1711 2115
5570 4 2 1 3 1586 1667 1463 2046
5571 4 2 1 3 1484 1642 1717 1749
5572 4 2 1 3 1586 1463 1667 1781
5573 4 2 1 3 743 1731 1691 1837
5574 4 2 1 3 1649 1677 1582 1862
5575 4 2 1 3 547 1832 1538 1983
5576 4 2 1 3 350 1858 1594 2144
5577 4 2 1 3 1871 1950 701 2011
5578 4 2 1 3 551 1605 545 1983
5579 4 2 1 3 546 547 1538 1983
5580 4 2 1 3 660 1992 1544 2126
5581 4 2 1 3 713 1946 1835 2028
5582 4 2 1 3 1658 1746 1489 2020
5583 4 2 1 3 1464 1584 1804 1830
5584 4 2 1 3 1600 1913 1485 2001
5585 4 2 1 3 1129 936 1303 1842
5586 4 2 1 3 1134 1690 991 2173
5587 4 2 1 3 1495 1758 1694 1819
5588 4 2 1 3 473 470 683 1920
5589 4 2 1 3 319 321 323 1811
5590 4 2 1 3 1552 1957 749 2097
5591 4 2 1 3 1483 1805 1587 2061
5592 4 2 1 3 1476 1791 1697 2055
5593 4 2 1 3 1212 806 866 1932
5594 4 2 1 3 544 1380 760 1926
5595 4 2 1 3 1485 1767 1741 2196
5596 4 2 1 3 1303 1328 1129 1842
5597 4 2 1 3 711 1716 2017 2093
5598 4 2 1 3 1538 1873 1838 2150
5599 4 2 1 3 848 850 1617 1887
5600 4 2 1 3 1574 1500 1971 2128
5601 4 2 1 3 1505 1820 1929 2048
5602 4 2 1 3 1738 1821 1588 1875
5603 4 2 1 3 753 1909 643 2118
5604 4 2 1 3 1569 1807 706 2037
5605 4 2 1 3 374 296 649 1695
5606 4 2 1 3 1556 1912 1352 2147
5607 4 2 1 3 1501 1701 1675 2040
5608 4 2 1 3 1854 2016 1583 2065
5609 4 2 1 3 1279 1751 1631 1933
5610 4 2 1 3 260 278 1820 1929
5611 4 2 1 3 306 1143 1257 1758
5612 4 2 1 3 339 340 1841 1843
5613 4 2 1 3 1403 1394 1398 1789
5614 4 2 1 3 649 434 374 1695
5615 4 2 1 3 1656 1895 1464 2041
5616 4 2 1 3 1009 1004 1704 1800
5617 4 2 1 3 1499 1692 1645 1777
5618 4 2 1 3 418 301 384 1654
5619 4 2 1 3 259 1577 267 1929
5620 4 2 1 3 1464 1895 1570 2054
5621 4 2 1 3 1084 1866 1541 2163
5622 4 2 1 3 1810 1843 343 2059
5623 4 2 1 3 1314 1808 1350 2074
5624 4 2 1 3 687 614 419 1745
5625 4 2 1 3 1642 1717 392 2007
5626 4 2 1 3 1473 1757 1707 2123
5627 4 2 1 3 490 1668 525 1724
5628 4 2 1 3 1524 1663 1573 1900
5629 4 2 1 3 972 1185 973 1693
5630 4 2 1 3 1625 1784 1467 1869
5631 4 2 1 3 1454 1921 1425 1936
5632 4 2 1 3 1567 1760 1323 1842
5633 4 2 1 3 1510 1807 1565 1976
5634 4 2 1 3 1532 1775 1627 2038
5635 4 2 1 3 646 793 727 2013
5636 4 2 1 3 641 1614 1835 1909
5637 4 2 1 3 882 838 1674 2138
5638 4 2 1 3 1465 1564 1724 2151
5639 4 2 1 3 1353 1312 1316 1647
5640 4 2 1 3 1338 1302 1354 1633
5641 4 2 1 3 1706 1803 1467 2175
5642 4 2 1 3 568 577 698 1882
5643 4 2 1 3 1278 1889 2074 2080
5644 4 2 1 3 814 896 864 1638
5645 4 2 1 3 1518 1869 1565 1976
5646 4 2 1 3 283 223 277 2060
5647 4 2 1 3 715 1740 698 1882
5648 4 2 1 3 770 456 642 1614
5649 4 2 1 3 1620 1661 1485 2196
5650 4 2 1 3 471 1643 1826 1891
5651 4 2 1 3 1522 1722 1672 2137
5652 4 2 1 3 409 1858 1644 2073
5653 4 2 1 3 615 534 759 1993
5654 4 2 1 3 1551 1996 613 2199
5655 4 2 1 3 1243 1265 1573 2098
5656 4 2 1 3 1573 1663 1524 1877
5657 4 2 1 3 1632 1804 1584 1830
5658 4 2 1 3 973 2049 1693 2096
5659 4 2 1 3 1667 572 1781 2104
5660 4 2 1 3 1605 1882 769 2031
5661 4 2 1 3 1649 1928 1616 2135
5662 4 2 1 3 560 555 553 1628
5663 4 2 1 3 390 1602 1903 2141
5664 4 2 1 3 1519 1487 1763 1827
5665 4 2 1 3 848 1617 1715 1887
5666 4 2 1 3 1473 1596 1707 1757
5667 4 2 1 3 1469 1559 1825 1955
5668 4 2 1 3 1509 1697 1969 2055
5669 4 2 1 3 345 346 344 1810
5670 4 2 1 3 1486 1715 1761 2083
5671 4 2 1 3 1518 1761 1715 2083
5672 4 2 1 3 553 552 1628 1960
5673 4 2 1 3 1625 1822 1784 1869
5674 4 2 1 3 1568 1801 1449 1926
5675 4 2 1 3 843 844 840 1822
5676 4 2 1 3 844 845 846 1822
5677 4 2 1 3 1655 1938 1823 2129
5678 4 2 1 3 812 425 875 1683
5679 4 2 1 3 1733 2041 1523 2172
5680 4 2 1 3 405 1729 1642 1811
5681 4 2 1 3 956 1694 1307 1809
5682 4 2 1 3 1173 1583 1277 1854
5683 4 2 1 3 1462 1421 1443 1745
5684 4 2 1 3 556 1741 718 1923
5685 4 2 1 3 1389 1772 1561 2143
5686 4 2 1 3 1498 2046 1793 2106
5687 4 2 1 3 1519 1763 1673 1961
5688 4 2 1 3 866 946 1212 1932
5689 4 2 1 3 869 1747 1609 1901
5690 4 2 1 3 619 559 618 1750
5691 4 2 1 3 1106 1638 1853 2040
5692 4 2 1 3 1228 1557 1966 2052
5693 4 2 1 3 1202 1080 1651 1962
5694 4 2 1 3 1672 1833 1522 2102
5695 4 2 1 3 1395 1789 1618 1801
5696 4 2 1 3 1743 1755 1601 2082
5697 4 2 1 3 1445 718 556 1741
5698 4 2 1 3 323 325 1619 2007
5699 4 2 1 3 219 1577 259 2035
5700 4 2 1 3 1047 1818 1548 1883
5701 4 2 1 3 584 1597 682 2166
5702 4 2 1 3 1553 1956 955 2029
5703 4 2 1 3 1526 1777 1531 1825
5704 4 2 1 3 1081 1174 1241 1737
5705 4 2 1 3 1539 1876 1473 1893
5706 4 2 1 3 1259 1621 1104 2165
5707 4 2 1 3 900 1625 902 1822
5708 4 2 1 3 1484 1642 1749 1952
5709 4 2 1 3 362 1257 937 1758
5710 4 2 1 3 1464 1736 1610 2054
5711 4 2 1 3 938 858 1621 2029
5712 4 2 1 3 1643 1891 470 2033
5713 4 2 1 3 1733 1736 1608 1753
5714 4 2 1 3 1557 1472 1739 1994
5715 4 2 1 3 1168 223 2060 2179
5716 4 2 1 3 468 470 1891 2033
5717 4 2 1 3 1629 1650 1494 1973
5718 4 2 1 3 1566 391 1958 2068
5719 4 2 1 3 1480 1770 1675 1864
5720 4 2 1 3 1554 1778 1500 1833
5721 4 2 1 3 1490 1759 1839 1975
5722 4 2 1 3 1509 1697 2055 2101
5723 4 2 1 3 250 1622 1828 2124
5724 4 2 1 3 1487 1742 1674 2021
5725 4 2 1 3 811 873 893 2036
5726 4 2 1 3 1102 1773 1600 2023
5727 4 2 1 3 777 747 1798 2062
5728 4 2 1 3 1467 1547 1698 1827
5729 4 2 1 3 666 732 575 1636
5730 4 2 1 3 1599 1491 1922 2019
5731 4 2 1 3 1547 1487 1763 1764
5732 4 2 1 3 1531 1762 1526 1825
5733 4 2 1 3 671 1734 2087 2193
5734 4 2 1 3 1673 1827 1519 2097
5735 4 2 1 3 1651 1751 1505 1962
5736 4 2 1 3 580 579 600 1678
5737 4 2 1 3 1029 1656 1031 1934
5738 4 2 1 3 635 1765 1585 2115
5739 4 2 1 3 1414 1763 1682 1906
5740 4 2 1 3 1310 1312 1314 1780
5741 4 2 1 3 1665 1676 1515 2003
5742 4 2 1 3 1617 1486 1872 2083
5743 4 2 1 3 1672 1722 694 2137
5744 4 2 1 3 401 2058 309 2059
5745 4 2 1 3 249 229 1731 2124
5746 4 2 1 3 1030 1626 1033 2148
5747 4 2 1 3 1714 1731 612 1837
5748 4 2 1 3 1534 1909 1878 2108
5749 4 2 1 3 1967 2095 1531 2173
5750 4 2 1 3 555 1970 557 2164
5751 4 2 1 3 334 336 1752 1852
5752 4 2 1 3 1878 1909 1359 2108
5753 4 2 1 3 1601 1704 1477 1814
5754 4 2 1 3 884 888 917 1956
5755 4 2 1 3 1560 1721 1613 2087
5756 4 2 1 3 977 1590 1154 1949
5757 4 2 1 3 1520 1735 1683 2036
5758 4 2 1 3 930 1260 1890 2148
5759 4 2 1 3 1287 1600 1104 1932
5760 4 2 1 3 499 2070 1897 2170
5761 4 2 1 3 1225 1951 1543 2071
5762 4 2 1 3 1503 1611 1851 2110
5763 4 2 1 3 1573 1855 1489 2145
5764 4 2 1 3 291 1787 273 1854
5765 4 2 1 3 1642 1952 1484 2012
5766 4 2 1 3 1513 1982 1596 2190
5767 4 2 1 3 938 1621 858 1932
5768 4 2 1 3 524 1599 695 2006
5769 4 2 1 3 1803 1510 1989 2037
5770 4 2 1 3 884 1956 917 2029
5771 4 2 1 3 1520 1901 1685 2036
5772 4 2 1 3 776 740 581 2076
5773 4 2 1 3 1804 1979 1584 2041
5774 4 2 1 3 731 429 614 1649
5775 4 2 1 3 1419 1816 1420 1980
5776 4 2 1 3 1561 1696 1512 2136
5777 4 2 1 3 1707 1539 1893 2123
5778 4 2 1 3 615 544 1568 1776
5779 4 2 1 3 1619 1740 1497 1882
5780 4 2 1 3 1676 2030 1078 2088
5781 4 2 1 3 481 527 529 1623
5782 4 2 1 3 940 1109 1629 1963
5783 4 2 1 3 1043 1761 1041 1965
5784 4 2 1 3 1372 1639 930 1890
5785 4 2 1 3 1586 1463 1710 2046
5786 4 2 1 3 1590 1470 1984 2111
5787 4 2 1 3 1624 1897 1743 2082
5788 4 2 1 3 1676 2003 1665 2064
5789 4 2 1 3 487 653 1775 2176
5790 4 2 1 3 852 869 1609 1901
5791 4 2 1 3 1592 1881 1631 1924
5792 4 2 1 3 1565 1822 1715 2121
5793 4 2 1 3 1536 1791 1527 1821
5794 4 2 1 3 1666 1749 1069 1952
5795 4 2 1 3 1299 1308 1123 1687
5796 4 2 1 3 1664 1826 1643 1891
5797 4 2 1 3 382 1347 1298 1819
5798 4 2 1 3 1793 1794 1498 2106
5799 4 2 1 3 1713 1814 1477 1954
5800 4 2 1 3 1231 2133 1850 2144
5801 4 2 1 3 784 748 1705 1754
5802 4 2 1 3 1659 1985 607 2032
5803 4 2 1 3 1548 1725 1630 1838
5804 4 2 1 3 1673 1961 1763 1988
5805 4 2 1 3 1227 1766 997 2039
5806 4 2 1 3 1794 1894 1568 2106
5807 4 2 1 3 521 608 607 1985
5808 4 2 1 3 572 767 720 1993
5809 4 2 1 3 350 409 1858 2144
5810 4 2 1 3 671 859 1734 2193
5811 4 2 1 3 861 1635 912 2188
5812 4 2 1 3 1488 1778 1545 1859
5813 4 2 1 3 1547 1764 1581 1827
5814 4 2 1 3 1488 1590 1898 1972
5815 4 2 1 3 1492 1860 1703 2051
5816 4 2 1 3 553 1628 1732 1960
5817 4 2 1 3 565 1746 1658 2020
5818 4 2 1 3 1418 1620 1741 2196
5819 4 2 1 3 955 1553 1121 1956
5820 4 2 1 3 624 311 444 1754
5821 4 2 1 3 1115 1890 1260 2148
5822 4 2 1 3 1523 1733 1830 2041
5823 4 2 1 3 1423 1745 1736 2050
5824 4 2 1 3 1518 1822 1680 2195
5825 4 2 1 3 1879 1931 1349 1956
5826 4 2 1 3 1736 1815 1610 2054
5827 4 2 1 3 1004 1704 1800 2042
5828 4 2 1 3 1844 1935 1728 2154
5829 4 2 1 3 685 2126 1756 2183
5830 4 2 1 3 478 482 1775 2034
5831 4 2 1 3 1484 1568 1705 1801
5832 4 2 1 3 1516 1894 1794 2106
5833 4 2 1 3 573 714 542 1706
5834 4 2 1 3 1372 930 1639 2192
5835 4 2 1 3 1484 1619 2007 2012
5836 4 2 1 3 401 309 394 2059
5837 4 2 1 3 1477 1704 1800 1875
5838 4 2 1 3 713 1835 1946 2185
5839 4 2 1 3 599 1796 1741 1923
5840 4 2 1 3 1544 1734 1613 2126
5841 4 2 1 3 1811 2007 1619 2012
5842 4 2 1 3 1741 1923 1620 1988
5843 4 2 1 3 1551 1796 1485 1915
5844 4 2 1 3 1256 1567 1842 2134
5845 4 2 1 3 1839 1550 2133 2177
5846 4 2 1 3 1352 1912 1556 2062
5847 4 2 1 3 1104 1621 1259 1932
5848 4 2 1 3 1703 1860 732 2051
5849 4 2 1 3 1475 1759 1588 1821
5850 4 2 1 3 1558 1872 1013 2127
5851 4 2 1 3 683 1718 637 1844
5852 4 2 1 3 1566 1948 1717 1958
5853 4 2 1 3 1505 1904 1737 2048
5854 4 2 1 3 985 1576 1812 1998
5855 4 2 1 3 1586 1498 1886 2158
5856 4 2 1 3 1034 1840 1115 2148
5857 4 2 1 3 1487 1673 1620 2168
5858 4 2 1 3 603 1587 1991 1997
5859 4 2 1 3 1249 1094 1764 2184
5860 4 2 1 3 1096 1069 1115 1749
5861 4 2 1 3 818 856 867 2188
5862 4 2 1 3 1477 1624 1814 1937
5863 4 2 1 3 1463 1781 1593 2104
5864 4 2 1 3 1418 1741 1620 1988
5865 4 2 1 3 1339 1368 1578 1931
5866 4 2 1 3 481 527 1623 1886
5867 4 2 1 3 1638 1701 1501 2040
5868 4 2 1 3 360 752 310 1896
5869 4 2 1 3 646 1625 722 1803
5870 4 2 1 3 1476 1563 1755 2082
5871 4 2 1 3 1038 1039 1040 1709
5872 4 2 1 3 1471 1726 1591 1888
5873 4 2 1 3 1100 1234 1631 1856
5874 4 2 1 3 1495 1534 1878 1910
5875 4 2 1 3 486 1730 500 1897
5876 4 2 1 3 1499 1580 2044 2069
5877 4 2 1 3 931 1046 1047 1966
5878 4 2 1 3 1743 1814 1624 2082
5879 4 2 1 3 505 1738 503 2174
5880 4 2 1 3 1161 1237 1638 2005
5881 4 2 1 3 1490 1839 1594 1975
5882 4 2 1 3 1579 1681 2004 2090
5883 4 2 1 3 1275 1158 1609 2119
5884 4 2 1 3 1472 1716 1605 2093
5885 4 2 1 3 978 1190 1700 2140
5886 4 2 1 3 695 2006 1599 2115
5887 4 2 1 3 1431 567 1618 2031
5888 4 2 1 3 1672 1722 1526 2053
5889 4 2 1 3 1707 2030 1515 2088
5890 4 2 1 3 1105 1671 1058 2010
5891 4 2 1 3 584 1837 1597 2166
5892 4 2 1 3 655 587 774 2036
5893 4 2 1 3 1669 1017 1834 2030
5894 4 2 1 3 1831 2101 1530 2169
5895 4 2 1 3 332 1695 330 1958
5896 4 2 1 3 1033 1679 1292 1840
5897 4 2 1 3 1588 1689 510 2051
5898 4 2 1 3 1309 1311 1310 1780
5899 4 2 1 3 1497 1557 1789 1994
5900 4 2 1 3 1469 1865 1677 1955
5901 4 2 1 3 1592 1681 1493 1785
5902 4 2 1 3 1489 1658 1595 2103
5903 4 2 1 3 1604 2017 1716 2093
5904 4 2 1 3 1496 1710 1593 1852
5905 4 2 1 3 1612 1897 2070 2170
5906 4 2 1 3 252 229 733 1731
5907 4 2 1 3 1072 1292 1679 1840
5908 4 2 1 3 1134 991 1028 2173
5909 4 2 1 3 1431 1618 567 1926
5910 4 2 1 3 338 1752 336 1841
5911 4 2 1 3 891 1957 898 2021
5912 4 2 1 3 1657 1915 1796 2199
5913 4 2 1 3 1603 1952 1642 2012
5914 4 2 1 3 1538 1716 1525 1873
5915 4 2 1 3 1479 1647 1780 1808
5916 4 2 1 3 1045 1966 1404 2052
5917 4 2 1 3 339 1841 399 1874
5918 4 2 1 3 1682 1763 1487 1764
5919 4 2 1 3 1414 1415 1763 1906
5920 4 2 1 3 1726 1888 1554 2063
5921 4 2 1 3 845 902 903 1822
5922 4 2 1 3 1555 2047 1964 2153
5923 4 2 1 3 397 1543 1951 2071
5924 4 2 1 3 1580 1921 1429 2069
5925 4 2 1 3 1467 1803 1625 1869
5926 4 2 1 3 995 1197 1947 2173
5927 4 2 1 3 499 736 1919 2170
5928 4 2 1 3 219 1997 1577 2035
5929 4 2 1 3 1624 1814 1937 1959
5930 4 2 1 3 1123 1308 949 1687
5931 4 2 1 3 1835 1946 1686 2028
5932 4 2 1 3 900 902 843 1822
5933 4 2 1 3 1129 1328 1319 1842
5934 4 2 1 3 1510 1803 1565 1807
5935 4 2 1 3 548 1873 570 2185
5936 4 2 1 3 1483 1774 1751 2061
5937 4 2 1 3 628 2017 1604 2093
5938 4 2 1 3 1298 312 382 1819
5939 4 2 1 3 450 1961 563 1988
5940 4 2 1 3 1576 1651 1751 1774
5941 4 2 1 3 1563 1881 1483 1933
5942 4 2 1 3 1612 1881 1849 2082
5943 4 2 1 3 1488 1857 1627 2034
5944 4 2 1 3 1479 1780 1637 1808
5945 4 2 1 3 664 663 500 1897
5946 4 2 1 3 1751 1856 1505 1962
5947 4 2 1 3 1570 1895 1867 2054
5948 4 2 1 3 1633 1489 1746 2020
5949 4 2 1 3 1183 1850 1007 2163
5950 4 2 1 3 1526 1825 1762 2198
5951 4 2 1 3 1040 1041 1043 1761
5952 4 2 1 3 1464 1733 1608 1999
5953 4 2 1 3 1030 2100 1570 2148
5954 4 2 1 3 1800 1875 1704 2163
5955 4 2 1 3 1440 1455 1610 1815
5956 4 2 1 3 507 1588 1860 2174
5957 4 2 1 3 527 529 1623 1886
5958 4 2 1 3 1470 1833 1643 2008
5959 4 2 1 3 1546 2074 1889 2080
5960 4 2 1 3 1480 1737 1675 2089
5961 4 2 1 3 1551 1915 883 2199
5962 4 2 1 3 1525 1838 1538 1873
5963 4 2 1 3 1617 1872 1486 2099
5964 4 2 1 3 1493 1624 1814 2082
5965 4 2 1 3 1686 2047 1758 2160
5966 4 2 1 3 865 647 812 2013
5967 4 2 1 3 318 1604 317 2017
5968 4 2 1 3 659 830 421 1992
5969 4 2 1 3 1548 1739 1472 1838
5970 4 2 1 3 1009 1005 1004 1800
5971 4 2 1 3 695 1599 524 2115
5972 4 2 1 3 1209 1795 1905 1934
5973 4 2 1 3 1728 1935 1844 2132
5974 4 2 1 3 1261 1666 1439 1890
5975 4 2 1 3 317 1604 316 2017
5976 4 2 1 3 1027 1570 1030 2100
5977 4 2 1 3 248 1691 229 2124
5978 4 2 1 3 1758 2047 1555 2160
5979 4 2 1 3 1589 1473 1848 1893
5980 4 2 1 3 705 634 514 2122
5981 4 2 1 3 804 830 659 1992
5982 4 2 1 3 742 1871 701 2011
5983 4 2 1 3 1690 1872 1013 2081
5984 4 2 1 3 1757 1874 1513 2025
5985 4 2 1 3 1646 1716 1604 2017
5986 4 2 1 3 1106 1638 1237 1853
5987 4 2 1 3 1543 1905 2071 2162
5988 4 2 1 3 1254 1758 1144 1964
5989 4 2 1 3 904 901 858 1621
5990 4 2 1 3 332 331 1719 1958
5991 4 2 1 3 1740 1811 1497 1911
5992 4 2 1 3 1477 1738 1597 1875
5993 4 2 1 3 281 257 258 2016
5994 4 2 1 3 225 281 1583 1854
5995 4 2 1 3 1156 1251 925 1617
5996 4 2 1 3 522 679 521 1711
5997 4 2 1 3 1763 1764 1682 1906
5998 4 2 1 3 851 1887 906 2036
5999 4 2 1 3 1742 1978 1674 2021
6000 4 2 1 3 513 1591 490 1916
6001 4 2 1 3 865 645 647 2013
6002 4 2 1 3 1941 1974 1528 2114
6003 4 2 1 3 1688 1846 737 1959
6004 4 2 1 3 1500 1802 1590 1949
6005 4 2 1 3 518 635 520 2182
6006 4 2 1 3 1285 1096 1749 1952
6007 4 2 1 3 1470 1782 1574 2008
6008 4 2 1 3 366 385 417 1819
6009 4 2 1 3 1604 1497 1740 1882
6010 4 2 1 3 1489 1746 1658 1790
6011 4 2 1 3 1008 1669 1017 1834
6012 4 2 1 3 1514 1766 1638 2084
6013 4 2 1 3 1509 2055 1969 2101
6014 4 2 1 3 898 1784 841 2021
6015 4 2 1 3 409 1644 1858 2144
6016 4 2 1 3 1563 1755 1601 2026
6017 4 2 1 3 1547 1764 1763 1906
6018 4 2 1 3 334 333 335 1852
6019 4 2 1 3 1589 1893 1848 2019
6020 4 2 1 3 1472 1725 1548 1838
6021 4 2 1 3 1501 1701 1638 2027
6022 4 2 1 3 1579 1713 1507 1814
6023 4 2 1 3 336 1841 1752 1852
6024 4 2 1 3 901 858 1621 1932
6025 4 2 1 3 1514 1638 2005 2084
6026 4 2 1 3 937 1758 1254 2167
6027 4 2 1 3 1595 1479 1671 1868
6028 4 2 1 3 608 607 1985 2032
6029 4 2 1 3 1482 1553 1712 1783
6030 4 2 1 3 1746 1968 764 2136
6031 4 2 1 3 937 362 1758 2167
6032 4 2 1 3 1611 1479 1671 1889
6033 4 2 1 3 1558 1872 1690 2081
6034 4 2 1 3 503 504 502 1624
6035 4 2 1 3 1500 1590 1778 1949
6036 4 2 1 3 566 1788 617 2020
6037 4 2 1 3 987 988 1744 1949
6038 4 2 1 3 1075 2105 1594 2144
6039 4 2 1 3 736 1846 1919 2170
6040 4 2 1 3 1657 1792 788 2022
6041 4 2 1 3 966 1945 1634 2128
6042 4 2 1 3 1498 1610 1886 2142
6043 4 2 1 3 719 459 1610 1886
6044 4 2 1 3 1523 1733 1645 1830
6045 4 2 1 3 1392 1983 1739 2143
6046 4 2 1 3 1488 1744 1575 1859
6047 4 2 1 3 1705 1926 1568 1993
6048 4 2 1 3 1251 1617 1156 2127
6049 4 2 1 3 1486 1559 1761 1976
6050 4 2 1 3 1463 1793 1626 2046
6051 4 2 1 3 471 474 1664 1826
6052 4 2 1 3 1200 1202 1080 1651
6053 4 2 1 3 1471 1684 1778 1888
6054 4 2 1 3 1676 1935 1515 2064
6055 4 2 1 3 1487 1552 1742 2021
6056 4 2 1 3 596 569 1705 1993
6057 4 2 1 3 1352 1808 2062 2147
6058 4 2 1 3 1481 1564 1756 1857
6059 4 2 1 3 1605 1882 1604 2093
6060 4 2 1 3 810 1625 433 2013
6061 4 2 1 3 1552 1467 1784 1827
6062 4 2 1 3 1493 1624 2082 2170
6063 4 2 1 3 1398 1557 1789 2052
6064 4 2 1 3 799 848 850 1617
6065 4 2 1 3 1358 1329 1768 2108
6066 4 2 1 3 1789 1801 1395 2191
6067 4 2 1 3 1552 1706 1467 1827
6068 4 2 1 3 1395 1801 1618 1926
6069 4 2 1 3 1615 1987 1698 2079
6070 4 2 1 3 255 1542 2024 2035
6071 4 2 1 3 1554 1888 1726 2198
6072 4 2 1 3 542 1582 1989 2146
6073 4 2 1 3 1668 1775 1554 2176
6074 4 2 1 3 1482 1750 1655 1953
6075 4 2 1 3 1020 1021 1757 2025
6076 4 2 1 3 1330 956 1307 1809
6077 4 2 1 3 551 546 723 2093
6078 4 2 1 3 1587 1678 1483 2061
6079 4 2 1 3 694 467 639 1672
6080 4 2 1 3 1511 2015 1913 2129
6081 4 2 1 3 1848 1982 1513 2190
6082 4 2 1 3 217 218 1658 2149
6083 4 2 1 3 1656 1795 1031 1934
6084 4 2 1 3 444 1754 359 2077
6085 4 2 1 3 1471 1762 1825 2198
6086 4 2 1 3 1789 1882 1605 2031
6087 4 2 1 3 1735 1797 1569 2122
6088 4 2 1 3 1287 1600 1880 2023
6089 4 2 1 3 1319 942 1129 1842
6090 4 2 1 3 1641 1711 679 2117
6091 4 2 1 3 1497 1740 1619 1811
6092 4 2 1 3 446 730 626 1657
6093 4 2 1 3 494 1871 1572 1925
6094 4 2 1 3 1494 1691 1713 1828
6095 4 2 1 3 539 675 1677 1989
6096 4 2 1 3 1560 1501 1847 2193
6097 4 2 1 3 1339 1931 1578 2130
6098 4 2 1 3 795 821 871 1657
6099 4 2 1 3 1360 1647 441 2062
6100 4 2 1 3 1964 2047 1630 2153
6101 4 2 1 3 1651 1751 1080 2200
6102 4 2 1 3 1480 1542 1721 2065
6103 4 2 1 3 1013 1863 1558 2127
6104 4 2 1 3 360 1714 440 1896
6105 4 2 1 3 665 745 422 1659
6106 4 2 1 3 1488 1590 1744 1778
6107 4 2 1 3 1628 1767 1485 2001
6108 4 2 1 3 1481 1544 1927 2027
6109 4 2 1 3 285 239 1924 2179
6110 4 2 1 3 1559 1531 1825 1967
6111 4 2 1 3 1199 1642 948 1729
6112 4 2 1 3 502 503 1624 1897
6113 4 2 1 3 1356 1355 1855 1968
6114 4 2 1 3 791 621 1769 1938
6115 4 2 1 3 1469 1777 1692 1928
6116 4 2 1 3 1903 1944 1128 2141
6117 4 2 1 3 670 780 424 1579
6118 4 2 1 3 1511 1655 1750 1953
6119 4 2 1 3 217 1658 2103 2149
6120 4 2 1 3 1487 1827 1552 2021
6121 4 2 1 3 1629 1866 1541 1963
6122 4 2 1 3 973 972 1693 2049
6123 4 2 1 3 1769 1938 621 1990
6124 4 2 1 3 1826 1920 1540 2120
6125 4 2 1 3 1676 1834 1017 2030
6126 4 2 1 3 1199 1077 1603 1918
6127 4 2 1 3 279 290 253 1622
6128 4 2 1 3 1569 2122 1726 2186
6129 4 2 1 3 1356 1321 1322 1760
6130 4 2 1 3 1559 1825 1690 1967
6131 4 2 1 3 1147 1226 1293 1965
6132 4 2 1 3 217 1658 1434 1790
6133 4 2 1 3 1756 2126 1613 2183
6134 4 2 1 3 1598 1985 1659 2032
6135 4 2 1 3 1786 1913 820 1915
6136 4 2 1 3 536 731 1649 2135
6137 4 2 1 3 1237 1638 923 1853
6138 4 2 1 3 234 1606 240 1924
6139 4 2 1 3 1564 1465 1724 1859
6140 4 2 1 3 1865 2053 704 2186
6141 4 2 1 3 647 425 812 1683
6142 4 2 1 3 1715 1887 1486 2121
6143 4 2 1 3 524 695 708 2006
6144 4 2 1 3 1596 1982 1490 2190
6145 4 2 1 3 663 503 1897 2131
6146 4 2 1 3 513 490 1591 2063
6147 4 2 1 3 1477 1814 1713 1937
6148 4 2 1 3 235 1587 1805 1929
6149 4 2 1 3 478 2038 1775 2156
6150 4 2 1 3 628 1882 769 2093
6151 4 2 1 3 1413 1661 1682 2196
6152 4 2 1 3 1615 1559 1955 1976
6153 4 2 1 3 1555 1758 1964 2047
6154 4 2 1 3 1721 2011 581 2076
6155 4 2 1 3 1631 1881 1483 1924
6156 4 2 1 3 1801 1894 1568 2180
6157 4 2 1 3 1292 1033 1035 1626
6158 4 2 1 3 1352 1808 1353 2062
6159 4 2 1 3 1561 1772 1524 1900
6160 4 2 1 3 1510 1565 1869 1976
6161 4 2 1 3 1199 1603 1068 1952
6162 4 2 1 3 1581 1674 1487 1764
6163 4 2 1 3 980 986 1697 1812
6164 4 2 1 3 1615 1965 1698 1987
6165 4 2 1 3 1478 1723 1665 2194
6166 4 2 1 3 805 1880 907 2155
6167 4 2 1 3 1612 1919 1846 2170
6168 4 2 1 3 281 280 225 1583
6169 4 2 1 3 1559 1797 1690 1825
6170 4 2 1 3 648 586 751 1735
6171 4 2 1 3 1186 1701 993 1766
6172 4 2 1 3 990 2018 988 2081
6173 4 2 1 3 1611 1708 1503 1851
6174 4 2 1 3 1025 1283 1227 1702
6175 4 2 1 3 624 784 698 1619
6176 4 2 1 3 1228 1966 1045 2052
6177 4 2 1 3 1122 2088 1184 2096
6178 4 2 1 3 1561 1512 1900 2145
6179 4 2 1 3 1687 1877 1265 2098
6180 4 2 1 3 1564 1927 1607 2151
6181 4 2 1 3 1472 1944 1602 1994
6182 4 2 1 3 1309 1317 1687 1941
6183 4 2 1 3 1598 1982 1848 2190
6184 4 2 1 3 1541 1704 1875 2163
6185 4 2 1 3 467 1891 690 2102
6186 4 2 1 3 1494 1731 1654 1973
6187 4 2 1 3 589 1633 764 1746
6188 4 2 1 3 1515 1596 1707 2112
6189 4 2 1 3 1169 1933 1592 2026
6190 4 2 1 3 285 1592 277 2179
6191 4 2 1 3 1812 1998 1576 2101
6192 4 2 1 3 694 639 696 1672
6193 4 2 1 3 1473 1707 1596 2112
6194 4 2 1 3 1143 1694 1142 1964
6195 4 2 1 3 1557 1918 1602 1994
6196 4 2 1 3 1626 1710 1463 2046
6197 4 2 1 3 1525 1873 1835 2118
6198 4 2 1 3 1578 1990 1334 2130
6199 4 2 1 3 833 1747 892 1901
6200 4 2 1 3 510 507 1588 2051
6201 4 2 1 3 962 960 1733 2172
6202 4 2 1 3 1586 1498 1867 1886
6203 4 2 1 3 1712 1931 1578 2152
6204 4 2 1 3 363 365 1686 2160
6205 4 2 1 3 1499 1777 1830 1899
6206 4 2 1 3 925 1617 1251 2083
6207 4 2 1 3 900 1625 1784 2014
6208 4 2 1 3 380 1694 381 1758
6209 4 2 1 3 1172 813 939 1720
6210 4 2 1 3 1467 1803 1869 2175
6211 4 2 1 3 1547 1487 1764 1827
6212 4 2 1 3 1595 1671 1479 2094
6213 4 2 1 3 1409 1732 1708 2139
6214 4 2 1 3 290 279 250 1828
6215 4 2 1 3 471 1826 1664 1891
6216 4 2 1 3 1542 1864 1721 2065
6217 4 2 1 3 1935 2003 1515 2064
6218 4 2 1 3 420 233 1606 2171
6219 4 2 1 3 490 1724 710 1916
6220 4 2 1 3 409 1644 349 2073
6221 4 2 1 3 1126 1223 1880 2155
6222 4 2 1 3 1675 1737 1081 2089
6223 4 2 1 3 980 1812 1697 2092
6224 4 2 1 3 711 2017 628 2093
6225 4 2 1 3 1219 1679 1151 2068
6226 4 2 1 3 1238 1601 1004 2042
6227 4 2 1 3 1158 1283 1210 1702
6228 4 2 1 3 1561 1900 1696 2150
6229 4 2 1 3 1549 1708 1662 1732
6230 4 2 1 3 847 1715 845 2121
6231 4 2 1 3 1484 1705 1618 1801
6232 4 2 1 3 1466 1910 1567 1977
6233 4 2 1 3 1509 2092 1700 2111
6234 4 2 1 3 1765 1844 1537 2182
6235 4 2 1 3 1200 1651 1080 2200
6236 4 2 1 3 1489 1855 1633 2145
6237 4 2 1 3 1540 2101 1730 2161
6238 4 2 1 3 1601 1814 1743 2082
6239 4 2 1 3 1542 2016 255 2024
6240 4 2 1 3 1126 1880 805 2155
6241 4 2 1 3 495 694 696 2053
6242 4 2 1 3 1463 1840 1793 2106
6243 4 2 1 3 1733 1753 958 2109
6244 4 2 1 3 467 468 1891 2137
6245 4 2 1 3 1375 1421 1462 1649
6246 4 2 1 3 1554 1664 2102 2176
6247 4 2 1 3 1507 1681 1814 1892
6248 4 2 1 3 1319 942 1842 2098
6249 4 2 1 3 1438 1763 1452 1988
6250 4 2 1 3 467 639 1672 2102
6251 4 2 1 3 1657 1796 730 2199
6252 4 2 1 3 1631 1924 239 2179
6253 4 2 1 3 327 1958 330 2077
6254 4 2 1 3 1529 1939 617 2020
6255 4 2 1 3 1042 1965 1041 1987
6256 4 2 1 3 990 988 989 2081
6257 4 2 1 3 1544 1917 832 1992
6258 4 2 1 3 494 1925 1572 2159
6259 4 2 1 3 890 1836 837 2193
6260 4 2 1 3 669 1688 262 2171
6261 4 2 1 3 1078 1676 1122 2030
6262 4 2 1 3 1333 1352 1912 2147
6263 4 2 1 3 1209 1024 1085 1589
6264 4 2 1 3 1537 1765 1585 1844
6265 4 2 1 3 1668 1591 1888 1995
6266 4 2 1 3 1471 1690 1797 1825
6267 4 2 1 3 1263 940 1112 1829
6268 4 2 1 3 1023 1136 1135 1707
6269 4 2 1 3 350 409 347 1858
6270 4 2 1 3 1528 1780 1637 2094
6271 4 2 1 3 1535 1577 1950 2011
6272 4 2 1 3 1645 1777 1692 1947
6273 4 2 1 3 1541 1866 1629 1954
6274 4 2 1 3 885 918 1931 2130
6275 4 2 1 3 1507 1814 1681 2004
6276 4 2 1 3 1706 1989 1803 2175
6277 4 2 1 3 1622 1654 1494 2124
6278 4 2 1 3 1662 1788 605 2149
6279 4 2 1 3 282 274 920 2179
6280 4 2 1 3 1471 1888 1591 1995
6281 4 2 1 3 340 1641 338 1841
6282 4 2 1 3 1058 1671 1116 1889
6283 4 2 1 3 1536 1821 1550 1834
6284 4 2 1 3 1409 1960 1732 2139
6285 4 2 1 3 1228 1557 1051 1966
6286 4 2 1 3 531 1623 529 1922
6287 4 2 1 3 1480 1721 1864 2065
6288 4 2 1 3 1567 1910 1534 1977
6289 4 2 1 3 1552 1957 898 2014
6290 4 2 1 3 235 1991 1587 1997
6291 4 2 1 3 1528 1806 1780 2094
6292 4 2 1 3 233 240 234 1606
6293 4 2 1 3 331 391 1719 1958
6294 4 2 1 3 610 1721 2076 2087
6295 4 2 1 3 1538 1832 1873 2150
6296 4 2 1 3 1141 956 1330 1809
6297 4 2 1 3 223 277 1592 2179
6298 4 2 1 3 1479 1611 1817 1889
6299 4 2 1 3 1484 1705 1619 2012
6300 4 2 1 3 1619 1705 1618 2012
6301 4 2 1 3 1504 1791 1697 1845
6302 4 2 1 3 360 440 752 1896
6303 4 2 1 3 750 1641 679 2117
6304 4 2 1 3 1510 1862 1615 2079
6305 4 2 1 3 1484 1705 1568 1894
6306 4 2 1 3 1482 1817 1549 1953
6307 4 2 1 3 1358 1359 1329 2108
6308 4 2 1 3 822 820 1786 1913
6309 4 2 1 3 1314 1637 1808 2074
6310 4 2 1 3 1611 1851 1054 2010
6311 4 2 1 3 353 1714 1650 1973
6312 4 2 1 3 1098 1773 1661 2002
6313 4 2 1 3 220 1991 235 1997
6314 4 2 1 3 1605 1994 1472 2093
6315 4 2 1 3 1700 1898 1590 1972
6316 4 2 1 3 1493 1814 1601 2082
6317 4 2 1 3 747 441 617 1647
6318 4 2 1 3 1278 2074 1203 2080
6319 4 2 1 3 1282 1061 1906 1914
6320 4 2 1 3 1354 1361 1313 1806
6321 4 2 1 3 1780 1806 1529 2094
6322 4 2 1 3 1547 1519 1827 2116
6323 4 2 1 3 313 1629 403 1963
6324 4 2 1 3 1595 1788 1529 2094
6325 4 2 1 3 1489 1746 1790 2145
6326 4 2 1 3 319 323 372 1740
6327 4 2 1 3 1566 1958 1719 2068
6328 4 2 1 3 667 262 228 2171
6329 4 2 1 3 1508 1921 1709 1987
6330 4 2 1 3 1182 927 1231 1644
6331 4 2 1 3 1564 1724 1607 1940
6332 4 2 1 3 899 1600 1932 2015
6333 4 2 1 3 1623 1979 1506 2006
6334 4 2 1 3 746 597 1561 1832
6335 4 2 1 3 1019 1839 1187 2025
6336 4 2 1 3 1514 1927 1766 2151
6337 4 2 1 3 318 317 316 2017
6338 4 2 1 3 471 470 1643 1891
6339 4 2 1 3 1405 1458 1437 1884
6340 4 2 1 3 605 1461 1385 1662
6341 4 2 1 3 813 857 856 1720
6342 4 2 1 3 653 477 1775 2156
6343 4 2 1 3 1238 1002 1601 2042
6344 4 2 1 3 1518 1615 1869 1976
6345 4 2 1 3 1846 1881 1606 1919
6346 4 2 1 3 653 1775 1664 2156
6347 4 2 1 3 1407 1708 1662 1868
6348 4 2 1 3 279 1622 253 1885
6349 4 2 1 3 1482 1670 1783 1817
6350 4 2 1 3 283 2060 246 2085
6351 4 2 1 3 1841 1848 1496 2162
6352 4 2 1 3 1484 1717 1642 2007
6353 4 2 1 3 1483 1576 1774 1849
6354 4 2 1 3 628 1740 715 1882
6355 4 2 1 3 415 403 313 1629
6356 4 2 1 3 363 1758 362 2167
6357 4 2 1 3 1857 1927 1564 2151
6358 4 2 1 3 899 1913 1600 2015
6359 4 2 1 3 1514 1747 1607 2151
6360 4 2 1 3 1238 1601 1002 2026
6361 4 2 1 3 1668 1888 1859 1995
6362 4 2 1 3 980 1998 1812 2092
6363 4 2 1 3 1431 567 451 1926
6364 4 2 1 3 737 1846 1688 2171
6365 4 2 1 3 1575 1927 1857 2151
6366 4 2 1 3 1121 1553 1879 1956
6367 4 2 1 3 1155 1640 1250 1874
6368 4 2 1 3 1449 1801 1395 1926
6369 4 2 1 3 1214 1918 1729 2141
6370 4 2 1 3 1556 1912 435 2062
6371 4 2 1 3 1111 1866 1109 1963
6372 4 2 1 3 1323 1328 1303 1842
6373 4 2 1 3 1572 1871 494 2183
6374 4 2 1 3 977 1154 1590 2111
6375 4 2 1 3 219 428 1997 2035
6376 4 2 1 3 782 728 658 1940
6377 4 2 1 3 578 683 637 1844
6378 4 2 1 3 1493 1579 1688 2090
6379 4 2 1 3 1209 1208 1795 1934
6380 4 2 1 3 493 685 1756 2183
6381 4 2 1 3 961 1645 1733 2109
6382 4 2 1 3 987 989 988 1949
6383 4 2 1 3 251 279 284 1828
6384 4 2 1 3 1013 1558 1863 2081
6385 4 2 1 3 787 1768 1696 2136
6386 4 2 1 3 302 1644 927 1963
6387 4 2 1 3 857 1720 813 1853
6388 4 2 1 3 1141 1330 936 1809
6389 4 2 1 3 1512 1855 1573 2145
6390 4 2 1 3 1519 1763 1547 1827
6391 4 2 1 3 1656 1930 1523 2043
6392 4 2 1 3 1486 1797 1735 2099
6393 4 2 1 3 1407 1385 1662 1732
6394 4 2 1 3 1282 1062 1094 1764
6395 4 2 1 3 681 1703 1896 2197
6396 4 2 1 3 1639 2100 930 2148
6397 4 2 1 3 249 248 229 2124
6398 4 2 1 3 1539 1930 1656 2043
6399 4 2 1 3 1727 1998 1700 2169
6400 4 2 1 3 865 812 903 2013
6401 4 2 1 3 1504 1697 1791 2055
6402 4 2 1 3 1579 1493 1688 1959
6403 4 2 1 3 1687 1941 1198 1974
6404 4 2 1 3 223 283 1170 2060
6405 4 2 1 3 1509 1969 1697 2092
6406 4 2 1 3 1481 1756 1564 1927
6407 4 2 1 3 1658 1788 566 2020
6408 4 2 1 3 417 1694 380 1819
6409 4 2 1 3 1423 1736 1440 2050
6410 4 2 1 3 1086 1149 1251 2083
6411 4 2 1 3 1561 1512 1746 2136
6412 4 2 1 3 1200 1026 1202 1651
6413 4 2 1 3 824 825 1913 2015
6414 4 2 1 3 815 1297 885 1931
6415 4 2 1 3 266 220 235 1997
6416 4 2 1 3 728 688 497 1940
6417 4 2 1 3 1555 1964 1758 2153
6418 4 2 1 3 395 389 1946 2160
6419 4 2 1 3 1583 1870 1820 2048
6420 4 2 1 3 978 983 984 2140
6421 4 2 1 3 1612 1881 1846 1919
6422 4 2 1 3 620 1912 702 1970
6423 4 2 1 3 1426 1608 957 2192
6424 4 2 1 3 1562 1978 907 2155
6425 4 2 1 3 399 1841 1640 1874
6426 4 2 1 3 748 596 784 1705
6427 4 2 1 3 1547 1763 1487 1827
6428 4 2 1 3 904 1823 1621 2029
6429 4 2 1 3 1507 1814 1601 1892
6430 4 2 1 3 1566 1948 391 2068
6431 4 2 1 3 746 765 1696 2136
6432 4 2 1 3 1072 1151 1219 1679
6433 4 2 1 3 1014 1013 1690 1872
6434 4 2 1 3 1632 1899 1584 2178
6435 4 2 1 3 800 1680 1132 2138
6436 4 2 1 3 1478 1876 1930 2125
6437 4 2 1 3 1591 1735 1520 1916
6438 4 2 1 3 1439 1261 1376 1666
6439 4 2 1 3 1238 1004 1002 2042
6440 4 2 1 3 660 738 661 1992
6441 4 2 1 3 1484 1952 1666 2191
6442 4 2 1 3 1287 1102 1600 2023
6443 4 2 1 3 885 1931 1339 2130
6444 4 2 1 3 1485 1600 1786 1913
6445 4 2 1 3 656 655 774 1685
6446 4 2 1 3 927 1644 1182 1963
6447 4 2 1 3 1650 1714 353 1896
6448 4 2 1 3 246 2060 1681 2085
6449 4 2 1 3 1487 1581 1827 2021
6450 4 2 1 3 1624 1477 1738 1937
6451 4 2 1 3 1579 2004 264 2090
6452 4 2 1 3 892 834 909 1747
6453 4 2 1 3 1434 1790 1658 1943
6454 4 2 1 3 804 831 830 1992
6455 4 2 1 3 420 1606 233 1991
6456 4 2 1 3 1353 1808 1647 2062
6457 4 2 1 3 1303 936 1330 1809
6458 4 2 1 3 609 1714 612 1837
6459 4 2 1 3 1728 1537 1935 2132
6460 4 2 1 3 1536 1800 1550 1821
6461 4 2 1 3 693 1718 1653 1908
6462 4 2 1 3 1542 1870 255 2016
6463 4 2 1 3 468 2033 1891 2137
6464 4 2 1 3 1100 1631 1279 1751
6465 4 2 1 3 1400 1794 1402 1815
6466 4 2 1 3 1424 1736 1423 1745
6467 4 2 1 3 834 1747 892 1917
6468 4 2 1 3 359 299 631 2077
6469 4 2 1 3 857 1847 1720 1853
6470 4 2 1 3 1656 1523 2041 2172
6471 4 2 1 3 896 864 1638 1853
6472 4 2 1 3 845 847 846 1715
6473 4 2 1 3 1244 1648 1107 1839
6474 4 2 1 3 1609 1747 869 2119
6475 4 2 1 3 769 1882 1605 2093
6476 4 2 1 3 1479 1780 1647 2094
6477 4 2 1 3 1565 1803 1510 1869
6478 4 2 1 3 435 1556 702 1912
6479 4 2 1 3 1547 1763 1519 1816
6480 4 2 1 3 860 816 2009 2193
6481 4 2 1 3 682 505 507 1738
6482 4 2 1 3 1058 1057 1611 1889
6483 4 2 1 3 1056 1217 1661 2187
6484 4 2 1 3 1567 1809 1325 1878
6485 4 2 1 3 749 1957 1552 2014
6486 4 2 1 3 1355 1633 1354 1855
6487 4 2 1 3 1524 1790 1561 2145
6488 4 2 1 3 961 1733 958 2109
6489 4 2 1 3 1833 1891 1522 2102
6490 4 2 1 3 1217 1262 1682 2187
6491 4 2 1 3 1089 1265 1687 1877
6492 4 2 1 3 239 1631 1805 1924
6493 4 2 1 3 1464 1830 1733 2041
6494 4 2 1 3 743 612 1731 1837
6495 4 2 1 3 1386 1561 1389 1943
6496 4 2 1 3 1221 1680 1965 2184
6497 4 2 1 3 1499 1580 1692 1928
6498 4 2 1 3 1478 1665 1723 2003
6499 4 2 1 3 597 746 1561 1943
6500 4 2 1 3 1657 820 1913 1915
6501 4 2 1 3 1494 1714 1731 1973
6502 4 2 1 3 657 710 1724 1916
6503 4 2 1 3 396 331 391 1719
6504 4 2 1 3 1065 1877 1089 1974
6505 4 2 1 3 1682 1764 1063 1906
6506 4 2 1 3 284 251 1828 2004
6507 4 2 1 3 1451 1403 1404 1966
6508 4 2 1 3 1376 1261 951 1666
6509 4 2 1 3 496 495 704 2053
6510 4 2 1 3 1079 1751 1279 1933
6511 4 2 1 3 456 1614 314 2028
6512 4 2 1 3 1480 1871 1721 2011
6513 4 2 1 3 753 436 643 1909
6514 4 2 1 3 1848 1893 1473 2019
6515 4 2 1 3 1339 1368 1334 1578
6516 4 2 1 3 857 856 1720 2188
6517 4 2 1 3 1548 1838 1630 1883
6518 4 2 1 3 223 285 277 2179
6519 4 2 1 3 1550 1800 1536 1834
6520 4 2 1 3 1797 1825 1559 1955
6521 4 2 1 3 813 1720 1172 1853
6522 4 2 1 3 539 675 537 1677
6523 4 2 1 3 928 1173 263 1820
6524 4 2 1 3 261 221 802 1986
6525 4 2 1 3 1575 1533 1857 2039
6526 4 2 1 3 987 977 1154 1949
6527 4 2 1 3 452 218 1658 1943
6528 4 2 1 3 614 536 731 1649
6529 4 2 1 3 395 1946 1686 2160
6530 4 2 1 3 1128 1903 1211 1944
6531 4 2 1 3 435 702 1556 2062
6532 4 2 1 3 1547 1816 1519 2116
6533 4 2 1 3 490 488 525 1668
6534 4 2 1 3 279 1828 1622 1885
6535 4 2 1 3 1628 1767 2001 2157
6536 4 2 1 3 1085 1209 1589 1905
6537 4 2 1 3 1574 1971 1634 2128
6538 4 2 1 3 1525 1686 1646 2047
6539 4 2 1 3 1228 1918 1557 2052
6540 4 2 1 3 1311 1313 1361 1806
6541 4 2 1 3 1524 1561 1900 2145
6542 4 2 1 3 1600 1485 1786 2023
6543 4 2 1 3 1485 1786 1657 1913
6544 4 2 1 3 1583 1737 1480 2048
6545 4 2 1 3 389 410 318 1646
6546 4 2 1 3 1483 1805 1631 1924
6547 4 2 1 3 1709 1921 1037 1987
6548 4 2 1 3 1512 1573 1900 2145
6549 4 2 1 3 1500 1748 1684 1762
6550 4 2 1 3 377 633 1946 2017
6551 4 2 1 3 1529 1788 1658 2020
6552 4 2 1 3 1628 1960 1767 2157
6553 4 2 1 3 1467 1547 1827 2116
6554 4 2 1 3 1725 1838 1555 2153
6555 4 2 1 3 352 403 354 1973
6556 4 2 1 3 1455 1610 1815 2142
6557 4 2 1 3 1651 1727 1576 2200
6558 4 2 1 3 681 682 1860 2166
6559 4 2 1 3 531 1623 1922 2006
6560 4 2 1 3 970 968 971 2049
6561 4 2 1 3 477 478 1775 2156
6562 4 2 1 3 438 1655 758 1792
6563 4 2 1 3 1186 1161 1237 1766
6564 4 2 1 3 1673 1923 1620 2168
6565 4 2 1 3 350 347 345 1858
6566 4 2 1 3 1248 1285 1096 1749
6567 4 2 1 3 1591 1724 1668 2063
6568 4 2 1 3 1620 1682 1487 2168
6569 4 2 1 3 795 820 1657 1915
6570 4 2 1 3 1521 2064 1935 2154
6571 4 2 1 3 622 683 578 2154
6572 4 2 1 3 1618 1882 1789 2031
6573 4 2 1 3 883 889 823 1915
6574 4 2 1 3 233 1606 234 1991
6575 4 2 1 3 635 1585 636 2115
6576 4 2 1 3 323 1619 1811 2007
6577 4 2 1 3 445 1604 628 2017
6578 4 2 1 3 1569 1825 1797 1955
6579 4 2 1 3 550 746 765 1696
6580 4 2 1 3 1494 1828 1713 1954
6581 4 2 1 3 259 267 260 1929
6582 4 2 1 3 1689 1985 1537 2182
6583 4 2 1 3 1501 1613 1770 2027
6584 4 2 1 3 927 1644 302 2144
6585 4 2 1 3 986 999 1755 1812
6586 4 2 1 3 1657 1792 1511 1913
6587 4 2 1 3 1489 1806 1633 1855
6588 4 2 1 3 1633 1939 1529 2020
6589 4 2 1 3 1494 1691 1731 1837
6590 4 2 1 3 1592 1236 2026 2060
6591 4 2 1 3 631 444 359 2077
6592 4 2 1 3 1488 1778 1859 1888
6593 4 2 1 3 1556 1798 1647 2062
6594 4 2 1 3 1502 1787 1720 2072
6595 4 2 1 3 1516 1794 1793 2106
6596 4 2 1 3 1478 1771 1653 1930
6597 4 2 1 3 1063 1764 1682 2000
6598 4 2 1 3 1673 1923 563 1988
6599 4 2 1 3 525 488 688 2034
6600 4 2 1 3 1795 1893 1539 2123
6601 4 2 1 3 1250 1155 926 1640
6602 4 2 1 3 1720 1787 1502 2188
6603 4 2 1 3 951 1067 1376 2052
6604 4 2 1 3 1016 1081 1737 2089
6605 4 2 1 3 1576 1998 985 2200
6606 4 2 1 3 641 642 1614 1909
6607 4 2 1 3 769 1605 551 2093
6608 4 2 1 3 1189 1227 997 2039
6609 4 2 1 3 1618 1801 1789 2012
6610 4 2 1 3 1653 1718 693 2033
6611 4 2 1 3 1535 1904 1774 2061
6612 4 2 1 3 1601 1477 1743 1814
6613 4 2 1 3 1529 1806 1633 2020
6614 4 2 1 3 605 1662 616 1788
6615 4 2 1 3 1028 989 1684 2081
6616 4 2 1 3 1561 1832 597 1943
6617 4 2 1 3 1509 1812 1697 2101
6618 4 2 1 3 1041 1615 1039 1987
6619 4 2 1 3 1499 1736 1632 1830
6620 4 2 1 3 852 911 869 1901
6621 4 2 1 3 1483 1563 1849 1881
6622 4 2 1 3 529 531 481 1623
6623 4 2 1 3 1671 1884 1066 1974
6624 4 2 1 3 1564 1488 1857 1859
6625 4 2 1 3 255 2024 230 2035
6626 4 2 1 3 1356 1355 1321 1855
6627 4 2 1 3 773 252 733 1731
6628 4 2 1 3 308 367 1152 1951
6629 4 2 1 3 1590 1470 1898 1984
6630 4 2 1 3 1490 1594 1810 1975
6631 4 2 1 3 1500 1748 1634 2128
6632 4 2 1 3 1585 1765 1537 2112
6633 4 2 1 3 1586 1867 1623 1886
6634 4 2 1 3 1025 1702 1227 2018
6635 4 2 1 3 1434 217 218 1658
6636 4 2 1 3 1627 1756 1564 1857
6637 4 2 1 3 1476 1755 1743 2082
6638 4 2 1 3 1151 1679 1225 1951
6639 4 2 1 3 1789 2012 1801 2191
6640 4 2 1 3 904 1621 858 2029
6641 4 2 1 3 1576 2101 1998 2169
6642 4 2 1 3 1733 1999 1656 2172
6643 4 2 1 3 980 986 1165 1697
6644 4 2 1 3 1479 1637 1780 2094
6645 4 2 1 3 1503 2001 1767 2157
6646 4 2 1 3 1393 1618 1789 2031
6647 4 2 1 3 351 1650 353 1896
6648 4 2 1 3 1636 1689 1975 2051
6649 4 2 1 3 1041 1965 1615 1987
6650 4 2 1 3 1152 367 1150 1951
6651 4 2 1 3 1582 1816 1508 2116
6652 4 2 1 3 1512 1633 1855 2145
6653 4 2 1 3 1219 1948 1566 2068
6654 4 2 1 3 518 2132 1844 2182
6655 4 2 1 3 1534 1910 1835 2118
6656 4 2 1 3 255 1870 1542 2035
6657 4 2 1 3 1495 1809 1567 1878
6658 4 2 1 3 1494 1731 1714 1837
6659 4 2 1 3 1673 563 1961 1988
6660 4 2 1 3 1575 2084 1766 2151
6661 4 2 1 3 664 500 1730 1897
6662 4 2 1 3 385 314 382 1614
6663 4 2 1 3 1665 2088 1676 2096
6664 4 2 1 3 829 1578 918 2130
6665 4 2 1 3 1716 2017 1646 2185
6666 4 2 1 3 1620 1682 1661 2196
6667 4 2 1 3 1696 1900 1466 2150
6668 4 2 1 3 1276 1698 1094 2184
6669 4 2 1 3 1630 1964 1247 2134
6670 4 2 1 3 993 1766 1942 2039
6671 4 2 1 3 1699 1925 689 2038
6672 4 2 1 3 1407 1868 1662 2149
6673 4 2 1 3 732 1703 681 1860
6674 4 2 1 3 1696 1768 787 2118
6675 4 2 1 3 349 1644 402 2073
6676 4 2 1 3 1187 1019 1011 1839
6677 4 2 1 3 1456 1608 1427 1815
6678 4 2 1 3 595 568 1705 1926
6679 4 2 1 3 1115 1666 1261 1890
6680 4 2 1 3 429 675 676 1980
6681 4 2 1 3 1506 1895 1930 2041
6682 4 2 1 3 1284 1674 943 2138
6683 4 2 1 3 1493 1579 1814 1959
6684 4 2 1 3 322 1729 405 1811
6685 4 2 1 3 1389 1561 1832 2143
6686 4 2 1 3 1011 1669 1010 1839
6687 4 2 1 3 358 334 336 1752
6688 4 2 1 3 1511 1750 1628 1953
6689 4 2 1 3 1561 1746 1512 2145
6690 4 2 1 3 1557 1944 1051 1966
6691 4 2 1 3 1189 1744 2018 2039
6692 4 2 1 3 1775 2038 1532 2156
6693 4 2 1 3 1726 2186 1672 2198
6694 4 2 1 3 1632 1804 1610 2050
6695 4 2 1 3 524 709 1799 1922
6696 4 2 1 3 353 1650 352 1973
6697 4 2 1 3 1581 1784 1467 1827
6698 4 2 1 3 773 286 252 1731
6699 4 2 1 3 623 1633 1338 1968
6700 4 2 1 3 1615 1976 1510 2079
6701 4 2 1 3 453 229 1691 1731
6702 4 2 1 3 1534 1835 1909 2118
6703 4 2 1 3 1194 1723 1136 2043
6704 4 2 1 3 1109 1242 1112 1866
6705 4 2 1 3 1607 1927 1514 2151
6706 4 2 1 3 909 869 1747 1813
6707 4 2 1 3 1753 2044 1430 2069
6708 4 2 1 3 300 377 633 1946
6709 4 2 1 3 1674 1742 1487 1978
6710 4 2 1 3 1545 1778 1684 1888
6711 4 2 1 3 1416 1452 1438 1763
6712 4 2 1 3 1487 2000 1674 2168
6713 4 2 1 3 1730 2101 1530 2161
6714 4 2 1 3 1738 1860 1588 2174
6715 4 2 1 3 982 1744 1189 2039
6716 4 2 1 3 1214 1128 1918 2141
6717 4 2 1 3 1199 1729 1214 1918
6718 4 2 1 3 675 542 1582 1989
6719 4 2 1 3 1532 1775 1664 1898
6720 4 2 1 3 1366 1348 1331 1909
6721 4 2 1 3 329 1717 392 1948
6722 4 2 1 3 795 819 820 1915
6723 4 2 1 3 1563 1476 1849 2082
6724 4 2 1 3 1632 1736 1499 1745
6725 4 2 1 3 1607 1747 1514 1917
6726 4 2 1 3 1392 1393 1394 1789
6727 4 2 1 3 901 1621 904 2015
6728 4 2 1 3 1491 1586 1710 2046
6729 4 2 1 3 1484 1618 1705 2012
6730 4 2 1 3 676 675 542 1582
6731 4 2 1 3 1468 1584 1830 1899
6732 4 2 1 3 1626 1032 1905 1934
6733 4 2 1 3 1671 1974 1066 2114
6734 4 2 1 3 1568 1801 1484 1894
6735 4 2 1 3 828 918 829 1823
6736 4 2 1 3 1158 1813 1702 2119
6737 4 2 1 3 1339 1578 1334 2130
6738 4 2 1 3 1093 1284 1764 2000
6739 4 2 1 3 629 1300 1768 1968
6740 4 2 1 3 1747 1813 869 2119
6741 4 2 1 3 1551 1923 1673 2168
6742 4 2 1 3 1347 1331 1348 1614
6743 4 2 1 3 1628 1750 1511 2022
6744 4 2 1 3 1480 1737 1571 1904
6745 4 2 1 3 1622 1494 1828 2124
6746 4 2 1 3 1065 1884 1660 1974
6747 4 2 1 3 1500 1634 1748 1971
6748 4 2 1 3 976 978 1190 1700
6749 4 2 1 3 681 1860 1703 2197
6750 4 2 1 3 1065 1660 1877 1974
6751 4 2 1 3 1511 1913 1600 2001
6752 4 2 1 3 1695 1958 1719 2104
6753 4 2 1 3 1427 1639 1400 1815
6754 4 2 1 3 1490 1598 1982 1985
6755 4 2 1 3 1590 977 2111 2140
6756 4 2 1 3 1594 1975 1839 2177
6757 4 2 1 3 1415 1416 1763 1816
6758 4 2 1 3 1107 1839 1648 2025
6759 4 2 1 3 1072 1033 1292 1840
6760 4 2 1 3 1514 1766 2084 2151
6761 4 2 1 3 1831 2101 1540 2161
6762 4 2 1 3 1492 1636 1975 2051
6763 4 2 1 3 284 2004 1885 2085
6764 4 2 1 3 1434 1658 218 1943
6765 4 2 1 3 1219 1269 1072 1840
6766 4 2 1 3 508 511 510 1689
6767 4 2 1 3 681 1896 2166 2197
6768 4 2 1 3 1545 1859 1778 1888
6769 4 2 1 3 377 1946 389 2017
6770 4 2 1 3 363 365 366 1686
6771 4 2 1 3 1209 1905 1032 1934
6772 4 2 1 3 1509 1998 1812 2101
6773 4 2 1 3 308 1951 1152 2071
6774 4 2 1 3 1112 1622 953 1829
6775 4 2 1 3 637 1718 693 1908
6776 4 2 1 3 1575 1857 1564 2151
6777 4 2 1 3 1005 1800 1006 2042
6778 4 2 1 3 532 530 533 1586
6779 4 2 1 3 777 747 590 1798
6780 4 2 1 3 320 321 319 1911
6781 4 2 1 3 1470 1643 1782 2008
6782 4 2 1 3 389 1946 1646 2017
6783 4 2 1 3 1481 1564 1857 1927
6784 4 2 1 3 1564 1857 1575 1859
6785 4 2 1 3 1524 1772 1388 1818
6786 4 2 1 3 1108 1874 2025 2058
6787 4 2 1 3 840 1680 800 2138
6788 4 2 1 3 528 489 2063 2176
6789 4 2 1 3 1154 1802 1590 2111
6790 4 2 1 3 1009 1800 1704 2163
6791 4 2 1 3 1468 1722 1584 1899
6792 4 2 1 3 984 983 1942 2039
6793 4 2 1 3 902 900 810 1625
6794 4 2 1 3 1011 1017 1008 1669
6795 4 2 1 3 1507 1814 1713 1954
6796 4 2 1 3 603 600 1587 1950
6797 4 2 1 3 1117 1974 1941 2114
6798 4 2 1 3 1667 1568 1993 2106
6799 4 2 1 3 1409 1708 1408 2139
6800 4 2 1 3 1353 1647 1360 2062
6801 4 2 1 3 1352 2062 1556 2147
6802 4 2 1 3 1772 1900 1561 2150
6803 4 2 1 3 250 272 290 2124
6804 4 2 1 3 1231 1644 927 2144
6805 4 2 1 3 1494 1654 1629 1973
6806 4 2 1 3 565 1658 566 2020
6807 4 2 1 3 1434 1386 1389 1943
6808 4 2 1 3 1607 1747 1465 2151
6809 4 2 1 3 1625 1706 1552 2014
6810 4 2 1 3 885 1297 1339 1931
6811 4 2 1 3 572 1667 534 1993
6812 4 2 1 3 1563 2026 1601 2082
6813 4 2 1 3 940 1111 1109 1963
6814 4 2 1 3 653 471 474 1664
6815 4 2 1 3 660 1940 1544 1992
6816 4 2 1 3 1567 1878 1534 1910
6817 4 2 1 3 1495 1878 1567 1910
6818 4 2 1 3 1328 1320 1319 1842
6819 4 2 1 3 1656 1999 981 2172
6820 4 2 1 3 1657 1786 1485 1915
6821 4 2 1 3 1277 1173 1174 1583
6822 4 2 1 3 894 861 912 2188
6823 4 2 1 3 1756 2034 483 2159
6824 4 2 1 3 360 355 315 1714
6825 4 2 1 3 281 1854 257 2016
6826 4 2 1 3 1577 1997 428 2035
6827 4 2 1 3 1471 1797 1569 1825
6828 4 2 1 3 1112 940 1109 1629
6829 4 2 1 3 1377 931 1818 1966
6830 4 2 1 3 1465 1859 1564 2151
6831 4 2 1 3 1665 1782 1504 2064
6832 4 2 1 3 764 785 623 1633
6833 4 2 1 3 1674 2000 1562 2168
6834 4 2 1 3 1389 1561 1386 1832
6835 4 2 1 3 1720 2040 1675 2072
6836 4 2 1 3 1323 1760 1320 1842
6837 4 2 1 3 589 785 764 1633
6838 4 2 1 3 415 370 386 1829
6839 4 2 1 3 860 859 816 2193
6840 4 2 1 3 1147 1221 1680 1965
6841 4 2 1 3 1507 1579 1814 2004
6842 4 2 1 3 1612 1849 1476 2082
6843 4 2 1 3 603 1587 600 1991
6844 4 2 1 3 300 633 437 1946
6845 4 2 1 3 1627 2034 1756 2159
6846 4 2 1 3 1442 1427 1456 1608
6847 4 2 1 3 1206 1872 1761 2083
6848 4 2 1 3 1233 1820 226 1856
6849 4 2 1 3 340 338 339 1841
6850 4 2 1 3 309 2058 922 2105
6851 4 2 1 3 1624 1743 1477 1814
6852 4 2 1 3 1258 939 1175 1787
6853 4 2 1 3 613 563 1673 1923
6854 4 2 1 3 1490 1596 1981 1982
6855 4 2 1 3 713 1835 641 2028
6856 4 2 1 3 711 786 2017 2185
6857 4 2 1 3 1676 1791 1504 1845
6858 4 2 1 3 1021 1020 1019 2025
6859 4 2 1 3 1645 1733 1523 2172
6860 4 2 1 3 560 1750 1628 2022
6861 4 2 1 3 1894 1993 1568 2106
6862 4 2 1 3 1184 2088 1665 2096
6863 4 2 1 3 1622 1242 1885 2091
6864 4 2 1 3 1663 1760 1573 1900
6865 4 2 1 3 317 319 1740 1911
6866 4 2 1 3 575 686 745 2051
6867 4 2 1 3 1483 1631 1751 1933
6868 4 2 1 3 488 1668 1775 2034
6869 4 2 1 3 1429 1580 1425 1921
6870 4 2 1 3 1127 948 404 1729
6871 4 2 1 3 1544 1940 660 2126
6872 4 2 1 3 884 955 1956 2029
6873 4 2 1 3 1486 1872 1797 2099
6874 4 2 1 3 1607 1917 1514 1927
6875 4 2 1 3 1473 1893 1876 2125
6876 4 2 1 3 1693 1984 1470 2111
6877 4 2 1 3 1005 1006 1003 2042
6878 4 2 1 3 1316 1360 1353 1647
6879 4 2 1 3 1579 264 2004 2057
6880 4 2 1 3 899 866 806 1932
6881 4 2 1 3 1342 1637 1314 2074
6882 4 2 1 3 798 882 838 1674
6883 4 2 1 3 1590 1898 1700 1984
6884 4 2 1 3 729 551 769 2031
6885 4 2 1 3 1627 2038 478 2159
6886 4 2 1 3 1366 1359 1878 1909
6887 4 2 1 3 1583 2065 1675 2072
6888 4 2 1 3 1684 1762 1748 2173
6889 4 2 1 3 240 1606 233 2171
6890 4 2 1 3 676 1582 542 2146
6891 4 2 1 3 1493 1959 1624 2170
6892 4 2 1 3 1509 1998 2101 2169
6893 4 2 1 3 706 1735 648 1807
6894 4 2 1 3 1068 1199 1077 1603
6895 4 2 1 3 535 532 533 1781
6896 4 2 1 3 573 646 722 1803
6897 4 2 1 3 473 683 622 2154
6898 4 2 1 3 1744 1859 1545 2018
6899 4 2 1 3 1575 1859 1744 2018
6900 4 2 1 3 533 1667 572 1781
6901 4 2 1 3 1540 2055 1730 2101
6902 4 2 1 3 517 1844 2132 2154
6903 4 2 1 3 1646 2047 1686 2160
6904 4 2 1 3 1726 2063 1554 2176
6905 4 2 1 3 1049 1630 1070 2134
6906 4 2 1 3 1664 1775 1532 2156
6907 4 2 1 3 1769 1912 620 1970
6908 4 2 1 3 1778 1888 1554 2198
6909 4 2 1 3 1368 1578 1931 2152
6910 4 2 1 3 290 272 232 1829
6911 4 2 1 3 1665 2003 1782 2064
6912 4 2 1 3 1737 1962 1505 2048
6913 4 2 1 3 779 428 1577 1997
6914 4 2 1 3 1491 1710 1626 2046
6915 4 2 1 3 517 578 1844 2154
6916 4 2 1 3 911 833 892 1901
6917 4 2 1 3 888 1931 1553 1956
6918 4 2 1 3 520 522 521 1765
6919 4 2 1 3 1025 1283 1702 1863
6920 4 2 1 3 488 1775 1668 2176
6921 4 2 1 3 1236 1169 1592 2026
6922 4 2 1 3 1499 2069 1753 2109
6923 4 2 1 3 1418 1412 1620 2196
6924 4 2 1 3 1741 1767 1628 1960
6925 4 2 1 3 229 741 453 1691
6926 4 2 1 3 1613 2087 515 2126
6927 4 2 1 3 687 458 1632 2050
6928 4 2 1 3 579 1678 501 1919
6929 4 2 1 3 1644 2144 2133 2177
6930 4 2 1 3 1779 2160 364 2167
6931 4 2 1 3 264 1828 251 2004
6932 4 2 1 3 1309 1313 1311 1806
6933 4 2 1 3 1395 1393 1618 1789
6934 4 2 1 3 1783 1817 1670 2080
6935 4 2 1 3 478 1627 483 2034
6936 4 2 1 3 1504 1676 1665 2064
6937 4 2 1 3 1425 2044 1580 2069
6938 4 2 1 3 1513 1596 1757 2025
6939 4 2 1 3 1614 1835 1686 2028
6940 4 2 1 3 1713 1828 1507 1954
6941 4 2 1 3 659 421 658 1992
6942 4 2 1 3 610 571 1721 2087
6943 4 2 1 3 494 678 1925 2159
6944 4 2 1 3 1648 1839 1596 2025
6945 4 2 1 3 643 1909 1835 2118
6946 4 2 1 3 1518 1822 1565 1869
6947 4 2 1 3 1739 1983 1538 2143
6948 4 2 1 3 1475 1676 1669 1834
6949 4 2 1 3 1145 1964 1809 2134
6950 4 2 1 3 1543 1852 1710 2162
6951 4 2 1 3 1031 1656 981 2172
6952 4 2 1 3 810 902 1625 2013
6953 4 2 1 3 1669 1834 1676 2030
6954 4 2 1 3 1495 1758 1686 2047
6955 4 2 1 3 463 1722 2053 2178
6956 4 2 1 3 670 424 669 1688
6957 4 2 1 3 1598 1711 1641 1848
6958 4 2 1 3 699 580 701 1950
6959 4 2 1 3 1069 1749 1096 1952
6960 4 2 1 3 1705 1894 1517 1993
6961 4 2 1 3 1564 1724 1668 1859
6962 4 2 1 3 1809 1964 1567 2134
6963 4 2 1 3 248 251 264 1828
6964 4 2 1 3 1430 1370 1442 1753
6965 4 2 1 3 1606 240 1924 2171
6966 4 2 1 3 1208 1031 1795 1934
6967 4 2 1 3 1476 1697 1812 2101
6968 4 2 1 3 1434 1389 1383 1790
6969 4 2 1 3 922 2058 1648 2105
6970 4 2 1 3 665 575 745 1636
6971 4 2 1 3 1499 1616 1777 1899
6972 4 2 1 3 1008 1010 1011 1669
6973 4 2 1 3 1697 1755 1476 1812
6974 4 2 1 3 957 959 1218 1608
6975 4 2 1 3 641 1835 643 1909
6976 4 2 1 3 1681 1493 1785 2090
6977 4 2 1 3 1496 1752 1641 1841
6978 4 2 1 3 1573 1760 1663 1842
6979 4 2 1 3 1718 2008 1643 2033
6980 4 2 1 3 1136 1723 1137 2088
6981 4 2 1 3 1482 1783 1670 2165
6982 4 2 1 3 1327 1369 1326 1878
6983 4 2 1 3 1384 2103 1595 2149
6984 4 2 1 3 1579 1713 1937 2066
6985 4 2 1 3 550 588 549 1696
6986 4 2 1 3 1163 1845 1676 2096
6987 4 2 1 3 810 1625 900 2014
6988 4 2 1 3 364 1903 1779 2167
6989 4 2 1 3 896 1638 814 2005
6990 4 2 1 3 1549 1732 1662 2164
6991 4 2 1 3 1570 1934 1656 1999
6992 4 2 1 3 483 1627 478 2159
6993 4 2 1 3 2133 2144 1594 2177
6994 4 2 1 3 1583 1962 1737 2048
6995 4 2 1 3 1804 1886 1623 2054
6996 4 2 1 3 1627 1775 1488 2034
6997 4 2 1 3 1810 1858 1636 1975
6998 4 2 1 3 1348 1614 1331 1909
6999 4 2 1 3 1350 1357 2075 2147
7000 4 2 1 3 964 963 1947 2056
7001 4 2 1 3 803 671 859 1734
7002 4 2 1 3 1144 1143 1142 1964
7003 4 2 1 3 1622 1828 1494 1954
7004 4 2 1 3 1089 1265 1286 1687
7005 4 2 1 3 1481 1770 1613 2027
7006 4 2 1 3 388 404 948 1729
7007 4 2 1 3 558 1798 1662 2164
7008 4 2 1 3 570 1835 768 2185
7009 4 2 1 3 1163 1017 1676 1834
7010 4 2 1 3 796 1609 852 2119
7011 4 2 1 3 217 2103 1384 2149
7012 4 2 1 3 586 1735 513 1916
7013 4 2 1 3 668 1846 737 2171
7014 4 2 1 3 1850 2133 1644 2144
7015 4 2 1 3 977 987 982 1744
7016 4 2 1 3 1237 1162 923 1638
7017 4 2 1 3 634 1726 2122 2186
7018 4 2 1 3 779 1577 1950 1997
7019 4 2 1 3 1163 1676 1122 2096
7020 4 2 1 3 261 887 1635 1986
7021 4 2 1 3 1609 1702 1465 1747
7022 4 2 1 3 379 318 410 1779
7023 4 2 1 3 513 1916 1735 2122
7024 4 2 1 3 1631 1751 1100 1856
7025 4 2 1 3 1027 1999 1570 2100
7026 4 2 1 3 380 381 306 1758
7027 4 2 1 3 605 558 616 1662
7028 4 2 1 3 667 669 262 2171
7029 4 2 1 3 457 719 459 1610
7030 4 2 1 3 1606 1483 1881 1924
7031 4 2 1 3 1615 1761 1559 1976
7032 4 2 1 3 1564 1859 1575 2151
7033 4 2 1 3 291 257 281 1854
7034 4 2 1 3 1218 1608 959 2100
7035 4 2 1 3 1480 1571 1770 1904
7036 4 2 1 3 1508 1615 1862 2079
7037 4 2 1 3 1591 1888 1726 2063
7038 4 2 1 3 1610 1736 1632 2050
7039 4 2 1 3 783 749 1957 2097
7040 4 2 1 3 1502 1720 1847 1864
7041 4 2 1 3 976 977 1700 2111
7042 4 2 1 3 1634 1971 1500 2128
7043 4 2 1 3 1212 946 1287 1932
7044 4 2 1 3 787 1696 765 2136
7045 4 2 1 3 1667 1463 2046 2106
7046 4 2 1 3 1556 2147 1712 2152
7047 4 2 1 3 1644 1594 2144 2177
7048 4 2 1 3 1563 1592 1881 1933
7049 4 2 1 3 598 602 560 1628
7050 4 2 1 3 1286 1198 1687 1941
7051 4 2 1 3 1554 1775 1664 2176
7052 4 2 1 3 1498 1886 1776 2142
7053 4 2 1 3 1562 1978 1674 2168
7054 4 2 1 3 901 1932 1621 2015
7055 4 2 1 3 433 722 1625 2014
7056 4 2 1 3 1693 1782 1504 2049
7057 4 2 1 3 1602 1944 1903 2141
7058 4 2 1 3 1567 1977 1534 2108
7059 4 2 1 3 1431 1453 567 2031
7060 4 2 1 3 729 545 551 2031
7061 4 2 1 3 629 1337 1300 1968
7062 4 2 1 3 436 1300 1329 1768
7063 4 2 1 3 635 523 1765 2115
7064 4 2 1 3 1265 1286 1687 2098
7065 4 2 1 3 498 579 501 1919
7066 4 2 1 3 1122 1078 1184 2088
7067 4 2 1 3 217 1435 218 2149
7068 4 2 1 3 512 737 1846 1959
7069 4 2 1 3 869 852 1609 2119
7070 4 2 1 3 1685 1916 1520 2036
7071 4 2 1 3 511 519 1689 2182
7072 4 2 1 3 1833 1971 1522 2008
7073 4 2 1 3 1421 1649 1422 1745
7074 4 2 1 3 1524 1818 1388 2107
7075 4 2 1 3 226 1820 278 1856
7076 4 2 1 3 1126 805 879 2155
7077 4 2 1 3 1215 1787 231 1854
7078 4 2 1 3 1504 1791 1676 2064
7079 4 2 1 3 1007 1850 1074 2133
7080 4 2 1 3 1042 1698 1073 1965
7081 4 2 1 3 1199 1124 948 1642
7082 4 2 1 3 937 1144 1254 1758
7083 4 2 1 3 1103 1856 1080 1962
7084 4 2 1 3 1355 1354 1340 1855
7085 4 2 1 3 501 1678 699 2078
7086 4 2 1 3 1413 2002 1661 2196
7087 4 2 1 3 1159 1702 1158 1813
7088 4 2 1 3 1484 1749 1717 1894
7089 4 2 1 3 638 2102 653 2176
7090 4 2 1 3 457 1610 459 2050
7091 4 2 1 3 1417 1420 1816 1936
7092 4 2 1 3 1700 2111 977 2140
7093 4 2 1 3 555 554 553 1732
7094 4 2 1 3 402 1644 302 1963
7095 4 2 1 3 1494 1654 1731 2124
7096 4 2 1 3 1496 1710 1852 2162
7097 4 2 1 3 957 1370 919 1753
7098 4 2 1 3 1553 1931 1879 1956
7099 4 2 1 3 1475 1676 1791 2064
7100 4 2 1 3 1014 1690 1013 2081
7101 4 2 1 3 1581 1764 1487 1827
7102 4 2 1 3 565 1746 576 1943
7103 4 2 1 3 1488 1775 1668 2034
7104 4 2 1 3 1512 1573 1760 1900
7105 4 2 1 3 1577 1929 1870 2048
7106 4 2 1 3 1560 1847 1501 1864
7107 4 2 1 3 1785 1924 240 2171
7108 4 2 1 3 907 897 1786 1880
7109 4 2 1 3 746 763 597 1832
7110 4 2 1 3 1258 1787 1215 1854
7111 4 2 1 3 696 495 2053 2186
7112 4 2 1 3 1276 1213 1094 1698
7113 4 2 1 3 1509 1984 1693 2111
7114 4 2 1 3 1678 1950 1535 2061
7115 4 2 1 3 1500 1574 1802 2128
7116 4 2 1 3 699 501 580 1678
7117 4 2 1 3 779 1950 1577 2011
7118 4 2 1 3 1494 1597 1713 1837
7119 4 2 1 3 583 1937 1837 2066
7120 4 2 1 3 1512 1760 1573 1855
7121 4 2 1 3 667 1688 669 2171
7122 4 2 1 3 1028 991 989 2081
7123 4 2 1 3 1116 1889 1671 2114
7124 4 2 1 3 666 356 373 1703
7125 4 2 1 3 1723 2003 1665 2088
7126 4 2 1 3 986 999 1000 1755
7127 4 2 1 3 1898 1972 1700 1984
7128 4 2 1 3 1418 1620 1412 1988
7129 4 2 1 3 704 2053 495 2186
7130 4 2 1 3 1310 1780 1637 2189
7131 4 2 1 3 1608 1999 959 2100
7132 4 2 1 3 960 958 961 1733
7133 4 2 1 3 1552 1827 1784 2021
7134 4 2 1 3 454 2024 776 2035
7135 4 2 1 3 599 598 1741 1796
7136 4 2 1 3 724 1796 1923 2199
7137 4 2 1 3 553 552 598 1628
7138 4 2 1 3 1761 1872 1486 2083
7139 4 2 1 3 1610 1886 1804 2054
7140 4 2 1 3 588 765 787 1696
7141 4 2 1 3 1671 1868 1611 2010
7142 4 2 1 3 967 1634 1748 2128
7143 4 2 1 3 705 1865 1569 2037
7144 4 2 1 3 1370 1753 1430 2069
7145 4 2 1 3 1515 1596 1981 2030
7146 4 2 1 3 239 1805 236 1924
7147 4 2 1 3 938 1621 1259 2029
7148 4 2 1 3 837 1836 862 2193
7149 4 2 1 3 1585 1473 2112 2125
7150 4 2 1 3 1427 1400 1402 1815
7151 4 2 1 3 1314 1315 1350 1808
7152 4 2 1 3 1086 1013 1872 2127
7153 4 2 1 3 494 2159 1572 2183
7154 4 2 1 3 780 1579 1959 2066
7155 4 2 1 3 417 371 1694 1819
7156 4 2 1 3 1489 1633 1746 2145
7157 4 2 1 3 337 1841 336 1852
7158 4 2 1 3 1420 1422 1649 1936
7159 4 2 1 3 1304 436 1329 1909
7160 4 2 1 3 1647 1808 1556 2062
7161 4 2 1 3 1712 2075 1357 2147
7162 4 2 1 3 1173 265 225 1854
7163 4 2 1 3 1793 1840 1626 2148
7164 4 2 1 3 1528 1806 1687 1941
7165 4 2 1 3 1573 1265 1877 2098
7166 4 2 1 3 976 1700 977 2140
7167 4 2 1 3 215 1660 1064 1884
7168 4 2 1 3 1193 979 1727 1998
7169 4 2 1 3 1535 1950 1871 2011
7170 4 2 1 3 1625 1803 646 2013
7171 4 2 1 3 632 433 810 2014
7172 4 2 1 3 270 272 1654 1829
7173 4 2 1 3 775 722 749 2014
7174 4 2 1 3 1490 1810 1636 1975
7175 4 2 1 3 1609 1863 1558 2086
7176 4 2 1 3 1713 1837 1597 1937
7177 4 2 1 3 1674 1764 1284 2000
7178 4 2 1 3 1742 1957 891 2021
7179 4 2 1 3 225 280 263 1820
7180 4 2 1 3 774 657 1685 1916
7181 4 2 1 3 1556 2062 1808 2147
7182 4 2 1 3 1582 1508 2079 2116
7183 4 2 1 3 261 802 887 1986
7184 4 2 1 3 1085 1022 1757 2123
7185 4 2 1 3 1425 1921 1580 1936
7186 4 2 1 3 350 1594 2105 2144
7187 4 2 1 3 359 1754 327 2077
7188 4 2 1 3 1501 1720 1675 1864
7189 4 2 1 3 1675 1720 1502 1864
7190 4 2 1 3 1498 1570 1793 1867
7191 4 2 1 3 941 1342 2074 2189
7192 4 2 1 3 596 615 569 1993
7193 4 2 1 3 1508 1862 1582 2079
7194 4 2 1 3 778 668 1606 1919
7195 4 2 1 3 719 527 459 1886
7196 4 2 1 3 1318 1687 1317 2098
7197 4 2 1 3 941 2074 1637 2189
7198 4 2 1 3 1152 1951 1225 2071
7199 4 2 1 3 966 2128 968 2194
7200 4 2 1 3 1547 1816 1508 1914
7201 4 2 1 3 1729 1918 1602 2141
7202 4 2 1 3 1473 1765 1585 2112
7203 4 2 1 3 1937 1959 1579 2066
7204 4 2 1 3 1477 1821 1738 1875
7205 4 2 1 3 821 1657 820 1913
7206 4 2 1 3 226 278 275 1856
7207 4 2 1 3 970 968 2049 2194
7208 4 2 1 3 235 1587 1929 1997
7209 4 2 1 3 1498 1570 1867 2054
7210 4 2 1 3 1487 1682 2000 2168
7211 4 2 1 3 1222 1211 1725 1944
7212 4 2 1 3 1528 1941 1687 1974
7213 4 2 1 3 399 398 375 1640
7214 4 2 1 3 222 270 272 1654
7215 4 2 1 3 685 1940 1756 2126
7216 4 2 1 3 1498 1586 1867 2046
7217 4 2 1 3 391 1948 407 2068
7218 4 2 1 3 550 1696 549 1873
7219 4 2 1 3 1107 1187 1839 2025
7220 4 2 1 3 764 1633 623 1968
7221 4 2 1 3 1537 1844 1585 2112
7222 4 2 1 3 812 875 905 1683
7223 4 2 1 3 727 647 645 2013
7224 4 2 1 3 1307 1694 1327 1809
7225 4 2 1 3 1114 1429 1921 2069
7226 4 2 1 3 1170 1168 223 2060
7227 4 2 1 3 498 499 1919 2070
7228 4 2 1 3 723 546 548 1716
7229 4 2 1 3 521 1598 1985 2182
7230 4 2 1 3 1423 1424 1440 1736
7231 4 2 1 3 1464 1804 1584 2041
7232 4 2 1 3 1705 1801 1568 1926
7233 4 2 1 3 1618 1801 1705 1926
7234 4 2 1 3 1553 1823 1578 1931
7235 4 2 1 3 955 809 1140 2029
7236 4 2 1 3 984 1179 1190 1727
7237 4 2 1 3 1510 1976 1869 2079
7238 4 2 1 3 682 509 505 1738
7239 4 2 1 3 1552 1784 1625 2014
7240 4 2 1 3 389 1646 1946 2160
7241 4 2 1 3 1661 1767 1485 2196
7242 4 2 1 3 1193 979 1190 1727
7243 4 2 1 3 1499 1830 1632 1899
7244 4 2 1 3 400 339 399 1874
7245 4 2 1 3 291 257 1854 2016
7246 4 2 1 3 1558 1863 1609 2127
7247 4 2 1 3 668 1846 1606 1919
7248 4 2 1 3 1607 1940 658 1992
7249 4 2 1 3 267 1929 1577 1997
7250 4 2 1 3 1241 1737 1174 1962
7251 4 2 1 3 977 1744 982 2140
7252 4 2 1 3 1607 1927 1564 1940
7253 4 2 1 3 1572 1613 1770 2183
7254 4 2 1 3 1478 2113 1723 2194
7255 4 2 1 3 1473 1596 1982 2112
7256 4 2 1 3 352 353 351 1650
7257 4 2 1 3 653 471 1664 1891
7258 4 2 1 3 1598 1982 1985 2182
7259 4 2 1 3 1574 1971 2008 2113
7260 4 2 1 3 1784 1827 1581 2021
7261 4 2 1 3 1494 1731 1691 2124
7262 4 2 1 3 1054 1058 1057 1611
7263 4 2 1 3 329 392 406 1948
7264 4 2 1 3 1701 1766 1638 2027
7265 4 2 1 3 565 589 1746 2020
7266 4 2 1 3 410 1779 1646 2160
7267 4 2 1 3 1637 2074 1342 2189
7268 4 2 1 3 1413 1682 1414 2196
7269 4 2 1 3 1331 1614 642 1909
7270 4 2 1 3 1352 1315 1353 1808
7271 4 2 1 3 1476 1730 2055 2101
7272 4 2 1 3 893 1685 833 1901
7273 4 2 1 3 504 739 1624 1937
7274 4 2 1 3 1574 1634 1971 2113
7275 4 2 1 3 1498 1610 1815 2054
7276 4 2 1 3 922 1648 1244 2105
7277 4 2 1 3 1532 1826 1664 2156
7278 4 2 1 3 217 1658 1790 2103
7279 4 2 1 3 1056 1098 1661 2002
7280 4 2 1 3 1115 1069 1261 1666
7281 4 2 1 3 994 1571 1942 2089
7282 4 2 1 3 1675 2040 1701 2089
7283 4 2 1 3 1154 974 1802 2111
7284 4 2 1 3 1708 2139 1732 2157
7285 4 2 1 3 1732 2139 1960 2157
7286 4 2 1 3 1466 1900 1772 2150
7287 4 2 1 3 1493 1846 1959 2170
7288 4 2 1 3 926 1640 375 2071
7289 4 2 1 3 520 1765 521 2182
7290 4 2 1 3 1627 483 2034 2159
7291 4 2 1 3 1232 1112 953 1829
7292 4 2 1 3 1599 1893 1473 2125
7293 4 2 1 3 959 958 960 1733
7294 4 2 1 3 1246 1889 1637 2074
7295 4 2 1 3 332 330 331 1958
7296 4 2 1 3 588 549 1696 2118
7297 4 2 1 3 1368 1334 1578 2152
7298 4 2 1 3 821 824 825 1913
7299 4 2 1 3 1577 1870 259 2035
7300 4 2 1 3 1169 1235 1933 2026
7301 4 2 1 3 585 524 709 1799
7302 4 2 1 3 719 1610 457 2142
7303 4 2 1 3 1645 1523 2056 2172
7304 4 2 1 3 433 722 646 1625
7305 4 2 1 3 381 414 1271 1694
7306 4 2 1 3 330 1958 1695 2077
7307 4 2 1 3 1166 2105 1075 2144
7308 4 2 1 3 1652 1730 1540 2055
7309 4 2 1 3 851 906 893 2036
7310 4 2 1 3 1831 1969 1540 2101
7311 4 2 1 3 632 810 854 2014
7312 4 2 1 3 1593 1781 1695 2104
7313 4 2 1 3 971 1154 974 1802
7314 4 2 1 3 519 1985 1689 2182
7315 4 2 1 3 1522 1643 1833 2008
7316 4 2 1 3 1431 1618 1393 2031
7317 4 2 1 3 1736 1753 1499 2044
7318 4 2 1 3 902 1822 1625 2013
7319 4 2 1 3 673 779 428 1577
7320 4 2 1 3 957 1608 1218 2192
7321 4 2 1 3 1513 2025 1874 2058
7322 4 2 1 3 1600 1824 1511 2001
7323 4 2 1 3 359 327 299 2077
7324 4 2 1 3 261 2024 1635 2181
7325 4 2 1 3 1708 1611 1868 2010
7326 4 2 1 3 1354 1313 1340 1806
7327 4 2 1 3 1594 1858 1810 1975
7328 4 2 1 3 1583 1820 1962 2048
7329 4 2 1 3 1178 930 2100 2148
7330 4 2 1 3 1573 1877 1687 2098
7331 4 2 1 3 1509 1969 1831 2101
7332 4 2 1 3 1546 1817 1783 2080
7333 4 2 1 3 1203 2074 1278 2075
7334 4 2 1 3 974 971 1802 2111
7335 4 2 1 3 1590 1802 1154 1949
7336 4 2 1 3 1721 2087 571 2183
7337 4 2 1 3 629 442 1337 1968
7338 4 2 1 3 349 409 402 1644
7339 4 2 1 3 930 2100 1639 2192
7340 4 2 1 3 1515 1676 1665 2088
7341 4 2 1 3 942 1243 1842 2098
7342 4 2 1 3 1491 1795 1589 1893
7343 4 2 1 3 1646 1686 1525 2185
7344 4 2 1 3 483 1756 497 2034
7345 4 2 1 3 1702 2084 1575 2151
7346 4 2 1 3 1247 1964 1630 2153
7347 4 2 1 3 1131 407 1948 2068
7348 4 2 1 3 312 1298 1346 1819
7349 4 2 1 3 1152 1150 1225 1951
7350 4 2 1 3 1032 1626 1030 1934
7351 4 2 1 3 1386 1832 1561 1943
7352 4 2 1 3 1304 756 436 1909
7353 4 2 1 3 1020 1707 1757 2123
7354 4 2 1 3 1489 1660 1790 2103
7355 4 2 1 3 1946 2017 786 2185
7356 4 2 1 3 556 599 1741 1923
7357 4 2 1 3 1595 2103 1658 2149
7358 4 2 1 3 383 1654 386 1829
7359 4 2 1 3 479 1907 1699 2038
7360 4 2 1 3 253 1622 953 1885
7361 4 2 1 3 1125 943 1284 1674
7362 4 2 1 3 1638 1501 1853 2040
7363 4 2 1 3 588 1696 787 2118
7364 4 2 1 3 1617 1486 1715 1887
7365 4 2 1 3 743 609 612 1837
7366 4 2 1 3 454 740 776 2024
7367 4 2 1 3 1604 1740 1497 1911
7368 4 2 1 3 1797 1872 1558 2099
7369 4 2 1 3 812 1683 905 2121
7370 4 2 1 3 808 1996 883 2199
7371 4 2 1 3 375 1640 398 2071
7372 4 2 1 3 590 1798 557 1970
7373 4 2 1 3 1169 1592 1933 2179
7374 4 2 1 3 1100 1279 1079 1751
7375 4 2 1 3 1082 1704 1892 2091
7376 4 2 1 3 839 841 1784 2021
7377 4 2 1 3 748 720 767 1993
7378 4 2 1 3 422 1659 607 2032
7379 4 2 1 3 1073 1221 1965 2184
7380 4 2 1 3 595 1705 569 1926
7381 4 2 1 3 1110 1675 2040 2072
7382 4 2 1 3 237 242 285 1924
7383 4 2 1 3 1488 1590 1778 1898
7384 4 2 1 3 1624 1937 739 1959
7385 4 2 1 3 1110 2040 1720 2072
7386 4 2 1 3 1567 1534 1878 2108
7387 4 2 1 3 1150 305 934 2068
7388 4 2 1 3 1307 956 1271 1694
7389 4 2 1 3 241 243 1785 2090
7390 4 2 1 3 559 555 1750 1970
7391 4 2 1 3 834 892 831 1917
7392 4 2 1 3 681 584 682 2166
7393 4 2 1 3 603 1950 1587 1997
7394 4 2 1 3 1530 2101 1831 2161
7395 4 2 1 3 1695 2077 1517 2104
7396 4 2 1 3 291 231 273 1787
7397 4 2 1 3 1665 1676 1504 2096
7398 4 2 1 3 1404 1557 1398 2052
7399 4 2 1 3 453 1691 743 1731
7400 4 2 1 3 1876 1893 1539 2125
7401 4 2 1 3 1516 1639 1793 1794
7402 4 2 1 3 1498 1793 1639 1794
7403 4 2 1 3 543 541 540 2037
7404 4 2 1 3 1644 2133 1850 2177
7405 4 2 1 3 780 2057 1579 2066
7406 4 2 1 3 646 433 1625 2013
7407 4 2 1 3 1478 1723 1876 2003
7408 4 2 1 3 1086 1872 1149 2083
7409 4 2 1 3 276 227 1240 2085
7410 4 2 1 3 1356 1768 1300 1968
7411 4 2 1 3 1352 1332 1912 2062
7412 4 2 1 3 1440 1424 1456 1736
7413 4 2 1 3 1674 1978 1487 2168
7414 4 2 1 3 1756 1927 1544 1940
7415 4 2 1 3 218 1435 1461 2149
7416 4 2 1 3 668 420 1606 2171
7417 4 2 1 3 1131 305 407 2068
7418 4 2 1 3 648 706 586 1735
7419 4 2 1 3 389 1646 318 2017
7420 4 2 1 3 386 354 415 1973
7421 4 2 1 3 1636 1703 1492 1858
7422 4 2 1 3 651 652 726 1752
7423 4 2 1 3 1238 1892 1601 2026
7424 4 2 1 3 650 792 572 1781
7425 4 2 1 3 1440 1402 1455 1815
7426 4 2 1 3 1499 1692 1777 1928
7427 4 2 1 3 1515 1981 1596 2112
7428 4 2 1 3 899 897 866 1880
7429 4 2 1 3 1136 1137 1135 2088
7430 4 2 1 3 1496 1641 1711 1848
7431 4 2 1 3 1210 1702 1283 1863
7432 4 2 1 3 1150 367 305 2068
7433 4 2 1 3 456 641 1614 2028
7434 4 2 1 3 1118 1259 1104 2165
7435 4 2 1 3 1610 2050 457 2142
7436 4 2 1 3 301 386 383 1654
7437 4 2 1 3 1615 1869 1976 2079
7438 4 2 1 3 479 1699 689 2038
7439 4 2 1 3 1151 1292 1225 1679
7440 4 2 1 3 1572 1871 1535 1925
7441 4 2 1 3 989 1138 1028 1684
7442 4 2 1 3 507 1738 505 2174
7443 4 2 1 3 1576 1849 1812 2101
7444 4 2 1 3 1578 1938 1769 1990
7445 4 2 1 3 1107 1019 1187 2025
7446 4 2 1 3 524 708 709 1922
7447 4 2 1 3 231 1787 291 1854
7448 4 2 1 3 1084 1083 1866 2163
7449 4 2 1 3 448 304 372 1740
7450 4 2 1 3 1559 1690 1797 1872
7451 4 2 1 3 1503 1851 1708 2139
7452 4 2 1 3 417 371 380 1694
7453 4 2 1 3 1663 1760 1567 1842
7454 4 2 1 3 950 1371 1682 1906
7455 4 2 1 3 1473 1876 1707 2112
7456 4 2 1 3 1526 2053 1865 2186
7457 4 2 1 3 230 2024 454 2035
7458 4 2 1 3 1298 1347 1348 1819
7459 4 2 1 3 1592 1933 1563 2026
7460 4 2 1 3 1589 2019 1848 2162
7461 4 2 1 3 668 1606 1846 2171
7462 4 2 1 3 1488 1859 1668 1888
7463 4 2 1 3 1209 1032 1208 1934
7464 4 2 1 3 387 1779 364 1903
7465 4 2 1 3 353 1714 360 1896
7466 4 2 1 3 448 627 304 1740
7467 4 2 1 3 1509 1700 1984 2111
7468 4 2 1 3 1138 1684 989 1949
7469 4 2 1 3 1247 1630 1070 2153
7470 4 2 1 3 305 1131 934 2068
7471 4 2 1 3 1600 1511 1824 2015
7472 4 2 1 3 1609 852 1901 2045
7473 4 2 1 3 410 1646 389 2160
7474 4 2 1 3 493 515 685 2183
7475 4 2 1 3 439 755 610 2009
7476 4 2 1 3 1057 1611 1889 2080
7477 4 2 1 3 1106 1237 923 1853
7478 4 2 1 3 1475 1935 1676 2064
7479 4 2 1 3 711 1716 591 2185
7480 4 2 1 3 472 684 1826 1920
7481 4 2 1 3 1756 1940 1544 2126
7482 4 2 1 3 629 1300 436 1768
7483 4 2 1 3 1800 1850 1550 1875
7484 4 2 1 3 920 1100 1234 1631
7485 4 2 1 3 1794 1890 1400 2180
7486 4 2 1 3 1876 2112 1473 2125
7487 4 2 1 3 1399 1439 1666 1890
7488 4 2 1 3 515 2126 685 2183
7489 4 2 1 3 849 1887 1715 2121
7490 4 2 1 3 603 1991 734 1997
7491 4 2 1 3 1527 1743 1624 1897
7492 4 2 1 3 1587 1950 1678 2061
7493 4 2 1 3 849 1715 847 2121
7494 4 2 1 3 1496 1641 1752 2117
7495 4 2 1 3 603 580 600 1950
7496 4 2 1 3 1575 1857 1488 1859
7497 4 2 1 3 1504 1969 1697 2055
7498 4 2 1 3 465 1908 1653 1979
7499 4 2 1 3 974 972 971 2111
7500 4 2 1 3 1578 1823 1655 1938
7501 4 2 1 3 515 2087 1613 2183
7502 4 2 1 3 472 684 475 1826
7503 4 2 1 3 1555 2160 1779 2167
7504 4 2 1 3 1522 1833 1643 1891
7505 4 2 1 3 1480 1583 2048 2065
7506 4 2 1 3 1415 1906 1441 1914
7507 4 2 1 3 1366 1359 1326 1878
7508 4 2 1 3 693 1653 465 1908
7509 4 2 1 3 1584 1830 1464 2041
7510 4 2 1 3 428 673 1577 2035
7511 4 2 1 3 618 1750 560 2022
7512 4 2 1 3 1616 1777 1469 1928
7513 4 2 1 3 846 1715 848 1861
7514 4 2 1 3 450 563 718 1988
7515 4 2 1 3 1236 1592 1169 2179
7516 4 2 1 3 1558 1872 1617 2099
7517 4 2 1 3 1626 1793 1570 2046
7518 4 2 1 3 227 1885 1240 2085
7519 4 2 1 3 505 504 1738 1937
7520 4 2 1 3 1372 1459 1639 1890
7521 4 2 1 3 476 1907 479 2038
7522 4 2 1 3 809 955 884 2029
7523 4 2 1 3 743 1837 1691 2066
7524 4 2 1 3 719 1886 1610 2142
7525 4 2 1 3 1230 1036 1114 2069
7526 4 2 1 3 949 1687 1308 1941
7527 4 2 1 3 1554 2063 1888 2176
7528 4 2 1 3 679 1641 654 2032
7529 4 2 1 3 534 1667 533 2158
7530 4 2 1 3 1195 964 963 1947
7531 4 2 1 3 1404 1403 1398 1557
7532 4 2 1 3 1615 1761 1518 1965
7533 4 2 1 3 782 657 710 1724
7534 4 2 1 3 1006 1005 1007 1800
7535 4 2 1 3 1465 1995 1863 2086
7536 4 2 1 3 1466 1900 1696 1977
7537 4 2 1 3 1147 1965 1680 2195
7538 4 2 1 3 506 503 2131 2174
7539 4 2 1 3 1246 1637 941 2074
7540 4 2 1 3 1521 1935 1844 2154
7541 4 2 1 3 1659 1843 1810 2190
7542 4 2 1 3 779 1577 673 2011
7543 4 2 1 3 1142 1694 956 1809
7544 4 2 1 3 386 1654 418 1973
7545 4 2 1 3 1526 2186 1726 2198
7546 4 2 1 3 1493 1814 1624 1959
7547 4 2 1 3 890 837 862 2193
7548 4 2 1 3 1592 1924 1631 2179
7549 4 2 1 3 1617 1887 850 2045
7550 4 2 1 3 1787 1854 1258 2072
7551 4 2 1 3 848 849 850 1887
7552 4 2 1 3 1063 950 1682 1906
7553 4 2 1 3 791 621 619 1769
7554 4 2 1 3 1564 1627 1857 2034
7555 4 2 1 3 1850 1875 1800 2163
7556 4 2 1 3 1891 2033 1522 2137
7557 4 2 1 3 1593 1752 1496 1852
7558 4 2 1 3 1187 1244 1107 1839
7559 4 2 1 3 1585 2112 1876 2125
7560 4 2 1 3 247 229 248 1691
7561 4 2 1 3 1810 2059 394 2105
7562 4 2 1 3 1249 1094 1284 1764
7563 4 2 1 3 676 1980 1582 2146
7564 4 2 1 3 1100 1751 1080 1856
7565 4 2 1 3 995 1692 996 2095
7566 4 2 1 3 706 514 1735 2122
7567 4 2 1 3 1509 1693 2092 2111
7568 4 2 1 3 1728 2132 1844 2154
7569 4 2 1 3 1075 1594 2133 2144
7570 4 2 1 3 1062 1063 1764 1906
7571 4 2 1 3 484 478 2038 2159
7572 4 2 1 3 254 230 672 2035
7573 4 2 1 3 1767 1773 1503 2002
7574 4 2 1 3 1431 1395 1618 1926
7575 4 2 1 3 1198 1294 1117 1974
7576 4 2 1 3 1464 1804 1623 2054
7577 4 2 1 3 848 1715 849 1887
7578 4 2 1 3 1491 1893 1589 2019
7579 4 2 1 3 1665 1504 1782 2049
7580 4 2 1 3 1788 2094 1595 2149
7581 4 2 1 3 1083 1866 1704 2091
7582 4 2 1 3 831 1917 1607 1992
7583 4 2 1 3 1398 2052 1789 2191
7584 4 2 1 3 747 441 1647 2062
7585 4 2 1 3 526 701 742 1871
7586 4 2 1 3 323 1811 324 2007
7587 4 2 1 3 1498 1794 1639 1815
7588 4 2 1 3 1632 1745 1616 2178
7589 4 2 1 3 803 423 671 1734
7590 4 2 1 3 1025 1863 1702 2018
7591 4 2 1 3 1661 1773 1098 2023
7592 4 2 1 3 1501 1836 1638 1853
7593 4 2 1 3 1362 1307 1271 1694
7594 4 2 1 3 504 739 502 1624
7595 4 2 1 3 1464 1610 1804 2054
7596 4 2 1 3 1708 1851 1611 2010
7597 4 2 1 3 1496 1848 2019 2162
7598 4 2 1 3 511 1689 2132 2182
7599 4 2 1 3 1015 1701 1106 2040
7600 4 2 1 3 589 1633 1746 2020
7601 4 2 1 3 1509 1693 1969 2092
7602 4 2 1 3 1499 1777 1616 1928
7603 4 2 1 3 1844 1935 1537 2132
7604 4 2 1 3 1084 1009 1083 2163
7605 4 2 1 3 258 255 1870 2016
7606 4 2 1 3 564 566 1658 1788
7607 4 2 1 3 964 1634 966 2056
7608 4 2 1 3 1121 1879 1224 1956
7609 4 2 1 3 1606 1924 1785 2171
7610 4 2 1 3 549 1873 1696 2118
7611 4 2 1 3 993 997 1766 2039
7612 4 2 1 3 1501 1847 1720 1864
7613 4 2 1 3 1440 1456 1402 1815
7614 4 2 1 3 477 478 482 1775
7615 4 2 1 3 839 841 840 1784
7616 4 2 1 3 1617 1872 1558 2127
7617 4 2 1 3 745 607 1659 1985
7618 4 2 1 3 1442 1608 1426 2192
7619 4 2 1 3 487 653 477 1775
7620 4 2 1 3 513 2063 1591 2122
7621 4 2 1 3 1499 1745 1736 2044
7622 4 2 1 3 1630 1838 1725 2153
7623 4 2 1 3 830 833 873 1685
7624 4 2 1 3 1556 1912 1769 1970
7625 4 2 1 3 1590 1984 1700 2111
7626 4 2 1 3 1333 2147 1912 2152
7627 4 2 1 3 1664 1833 1554 2102
7628 4 2 1 3 476 479 689 2038
7629 4 2 1 3 1049 1070 1267 2134
7630 4 2 1 3 385 314 1614 2028
7631 4 2 1 3 1498 1886 1610 2054
7632 4 2 1 3 1512 1746 1633 2145
7633 4 2 1 3 717 1662 1385 1732
7634 4 2 1 3 310 353 360 1896
7635 4 2 1 3 1310 1637 1314 2189
7636 4 2 1 3 498 499 736 1919
7637 4 2 1 3 1511 1792 1657 2022
7638 4 2 1 3 563 1923 718 1988
7639 4 2 1 3 1628 1511 1953 2001
7640 4 2 1 3 1616 1899 1632 2178
7641 4 2 1 3 1340 1313 1317 1806
7642 4 2 1 3 357 1659 422 2032
7643 4 2 1 3 1011 1017 1669 2030
7644 4 2 1 3 1521 1844 1935 2003
7645 4 2 1 3 1049 1883 1630 2134
7646 4 2 1 3 1634 1945 966 2056
7647 4 2 1 3 268 2024 261 2181
7648 4 2 1 3 1613 2087 1721 2183
7649 4 2 1 3 1418 1412 1438 1988
7650 4 2 1 3 1409 1407 1708 1732
7651 4 2 1 3 261 1635 292 1986
7652 4 2 1 3 1507 1828 1622 1954
7653 4 2 1 3 1645 1692 1499 2109
7654 4 2 1 3 1702 1747 1609 2119
7655 4 2 1 3 1525 1873 1716 2185
7656 4 2 1 3 1518 1761 1615 1976
7657 4 2 1 3 1681 1592 2026 2060
7658 4 2 1 3 1603 1497 1789 2012
7659 4 2 1 3 1605 1739 1472 1994
7660 4 2 1 3 1257 1143 1144 1758
7661 4 2 1 3 1068 1603 1077 2052
7662 4 2 1 3 1466 1873 1696 2150
7663 4 2 1 3 1512 1696 1900 1977
7664 4 2 1 3 1166 1244 1075 2105
7665 4 2 1 3 479 2078 1699 2161
7666 4 2 1 3 1760 1768 1512 1977
7667 4 2 1 3 1177 1921 1914 1987
7668 4 2 1 3 1609 1747 1465 2086
7669 4 2 1 3 1116 1671 1066 2114
7670 4 2 1 3 1005 1800 1009 2163
7671 4 2 1 3 681 2166 1860 2197
7672 4 2 1 3 1362 1271 414 1694
7673 4 2 1 3 1052 932 1851 2002
7674 4 2 1 3 1016 1081 1241 1737
7675 4 2 1 3 733 229 453 1731
7676 4 2 1 3 1728 2131 1527 2174
7677 4 2 1 3 595 569 568 1926
7678 4 2 1 3 575 665 666 1636
7679 4 2 1 3 1174 1173 928 1820
7680 4 2 1 3 263 226 928 1820
7681 4 2 1 3 1388 1772 1451 1818
7682 4 2 1 3 653 1891 1664 2102
7683 4 2 1 3 414 1346 1362 1694
7684 4 2 1 3 1670 1817 1482 1953
7685 4 2 1 3 2045 2099 2086 2127
7686 4 2 1 3 1509 1984 1700 2169
7687 4 2 1 3 1314 1637 1342 2189
7688 4 2 1 3 1625 1803 1565 1869
7689 4 2 1 3 1058 1116 1090 1889
7690 4 2 1 3 697 566 617 2020
7691 4 2 1 3 284 246 2004 2085
7692 4 2 1 3 1509 1700 1998 2169
7693 4 2 1 3 1491 1867 1586 2046
7694 4 2 1 3 1854 2065 1583 2072
7695 4 2 1 3 1259 2029 1621 2165
7696 4 2 1 3 1496 1711 1641 2117
7697 4 2 1 3 1466 1838 1630 1910
7698 4 2 1 3 1285 1095 1096 1952
7699 4 2 1 3 351 1650 1896 2073
7700 4 2 1 3 612 440 762 1714
7701 4 2 1 3 228 233 667 2171
7702 4 2 1 3 592 1746 764 2136
7703 4 2 1 3 1473 1848 1598 1982
7704 4 2 1 3 1099 1661 1098 2023
7705 4 2 1 3 1526 1672 2186 2198
7706 4 2 1 3 1681 2004 246 2085
7707 4 2 1 3 895 834 835 1917
7708 4 2 1 3 1502 2065 1854 2072
7709 4 2 1 3 963 1947 1645 2109
7710 4 2 1 3 452 1658 565 1943
7711 4 2 1 3 768 1835 713 2185
7712 4 2 1 3 1849 1881 1563 2082
7713 4 2 1 3 1105 1058 1216 2010
7714 4 2 1 3 1473 1598 1765 1982
7715 4 2 1 3 535 792 726 1781
7716 4 2 1 3 1679 1719 1543 1951
7717 4 2 1 3 1612 1897 1730 2070
7718 4 2 1 3 297 392 405 1642
7719 4 2 1 3 1262 2000 1682 2187
7720 4 2 1 3 1257 1144 937 1758
7721 4 2 1 3 785 697 1939 2020
7722 4 2 1 3 1034 1115 1260 2148
7723 4 2 1 3 364 363 362 2167
7724 4 2 1 3 1286 1687 949 1941
7725 4 2 1 3 711 445 628 2017
7726 4 2 1 3 1641 1598 1843 2032
7727 4 2 1 3 342 1659 357 2032
7728 4 2 1 3 492 1616 2053 2135
7729 4 2 1 3 654 1641 369 2032
7730 4 2 1 3 1560 2076 1721 2087
7731 4 2 1 3 271 252 286 1731
7732 4 2 1 3 1563 1881 1592 2026
7733 4 2 1 3 633 786 1946 2017
7734 4 2 1 3 1680 1965 1518 2195
7735 4 2 1 3 218 564 452 1658
7736 4 2 1 3 1548 1818 1772 1883
7737 4 2 1 3 1233 928 226 1820
7738 4 2 1 3 1544 1917 1607 1927
7739 4 2 1 3 1414 1682 1371 1906
7740 4 2 1 3 243 246 277 1681
7741 4 2 1 3 1650 1714 1494 1973
7742 4 2 1 3 1646 1946 1686 2185
7743 4 2 1 3 912 1635 1986 2188
7744 4 2 1 3 1494 1713 1691 1837
7745 4 2 1 3 404 1127 1729 2141
7746 4 2 1 3 526 1871 494 1925
7747 4 2 1 3 1053 1773 2002 2110
7748 4 2 1 3 1507 1885 1828 2004
7749 4 2 1 3 1210 1863 1013 2127
7750 4 2 1 3 1150 1951 367 2068
7751 4 2 1 3 629 1768 744 1968
7752 4 2 1 3 1350 1808 1315 2147
7753 4 2 1 3 1126 879 947 2155
7754 4 2 1 3 754 295 357 2032
7755 4 2 1 3 460 458 459 1804
7756 4 2 1 3 949 1286 1123 1687
7757 4 2 1 3 748 1754 444 2077
7758 4 2 1 3 1544 1927 1607 1940
7759 4 2 1 3 949 1294 1198 1941
7760 4 2 1 3 1490 1982 1598 2190
7761 4 2 1 3 1279 1933 1631 2179
7762 4 2 1 3 302 1252 368 1963
7763 4 2 1 3 836 1734 862 1836
7764 4 2 1 3 1004 1800 1005 2042
7765 4 2 1 3 1338 1633 1355 1968
7766 4 2 1 3 641 1835 1614 2028
7767 4 2 1 3 1486 1617 1715 2083
7768 4 2 1 3 304 317 319 1740
7769 4 2 1 3 1846 1881 1612 2082
7770 4 2 1 3 1252 313 368 1963
7771 4 2 1 3 1443 1745 1423 2050
7772 4 2 1 3 1519 1827 1706 2097
7773 4 2 1 3 1288 1128 1211 1944
7774 4 2 1 3 1565 1803 1625 2013
7775 4 2 1 3 1021 1180 1757 2025
7776 4 2 1 3 964 967 966 1634
7777 4 2 1 3 511 519 686 1689
7778 4 2 1 3 1250 1153 1640 2071
7779 4 2 1 3 484 483 478 2159
7780 4 2 1 3 337 338 336 1841
7781 4 2 1 3 848 847 849 1715
7782 4 2 1 3 1085 1022 1180 1757
7783 4 2 1 3 1020 1757 1022 2123
7784 4 2 1 3 616 590 747 1798
7785 4 2 1 3 304 627 93 316
7786 4 2 1 3 1328 1323 1320 1842
7787 4 2 1 3 1476 1812 1849 2101
7788 4 2 1 3 728 782 525 1724
7789 4 2 1 3 1592 1785 1493 1881
7790 4 2 1 3 1486 1887 1617 2099
7791 4 2 1 3 1604 1911 1497 1994
7792 4 2 1 3 241 1785 1688 2090
7793 4 2 1 3 1424 1745 1422 2044
7794 4 2 1 3 1490 1598 1985 2190
7795 4 2 1 3 449 697 794 1939
7796 4 2 1 3 1158 1159 1283 1702
7797 4 2 1 3 552 1448 1374 1960
7798 4 2 1 3 1425 1430 2044 2069
7799 4 2 1 3 1058 1054 1216 2010
7800 4 2 1 3 1226 1043 1761 2083
7801 4 2 1 3 493 1756 2159 2183
7802 4 2 1 3 316 627 93 445
7803 4 2 1 3 574 1860 507 2051
7804 4 2 1 3 374 87 649 296
7805 4 2 1 3 995 1947 1692 2095
7806 4 2 1 3 649 434 87 374
7807 4 2 1 3 905 1683 875 2036
7808 4 2 1 3 349 402 352 2073
7809 4 2 1 3 1222 1211 1091 1725
7810 4 2 1 3 686 1689 519 1985
7811 4 2 1 3 1162 1638 1237 2005
7812 4 2 1 3 1484 1666 1801 2191
7813 4 2 1 3 256 1635 261 2024
7814 4 2 1 3 1327 1325 1809 1878
7815 4 2 1 3 853 846 848 1861
7816 4 2 1 3 1748 1947 1197 2173
7817 4 2 1 3 1309 1317 1313 1806
7818 4 2 1 3 1843 2059 1810 2190
7819 4 2 1 3 1205 1206 1014 1872
7820 4 2 1 3 1103 1280 1820 1962
7821 4 2 1 3 1496 1841 1641 1848
7822 4 2 1 3 1656 1795 1539 2043
7823 4 2 1 3 1410 1741 1767 2196
7824 4 2 1 3 1281 1892 1885 2091
7825 4 2 1 3 680 1652 1920 2154
7826 4 2 1 3 1291 2029 1259 2165
7827 4 2 1 3 746 1746 592 2136
7828 4 2 1 3 1659 1843 1598 2032
7829 4 2 1 3 1771 1930 1523 2041
7830 4 2 1 3 995 992 996 1692
7831 4 2 1 3 784 624 444 1754
7832 4 2 1 3 1093 1062 1063 1764
7833 4 2 1 3 1189 1744 982 2018
7834 4 2 1 3 839 840 800 2138
7835 4 2 1 3 1299 1317 1687 2098
7836 4 2 1 3 1564 1756 1627 2034
7837 4 2 1 3 698 715 448 1740
7838 4 2 1 3 1002 1000 999 1755
7839 4 2 1 3 256 255 2016 2024
7840 4 2 1 3 1702 1813 1747 2119
7841 4 2 1 3 1424 1442 1456 1736
7842 4 2 1 3 938 1259 1621 1932
7843 4 2 1 3 1490 1810 1648 2190
7844 4 2 1 3 458 687 1632 2178
7845 4 2 1 3 827 828 829 1823
7846 4 2 1 3 1484 1801 1618 2012
7847 4 2 1 3 1196 1201 1136 2043
7848 4 2 1 3 1580 1921 1508 1936
7849 4 2 1 3 381 1271 1143 1694
7850 4 2 1 3 1637 1780 1528 2189
7851 4 2 1 3 952 1064 215 1660
7852 4 2 1 3 1579 1691 1713 2066
7853 4 2 1 3 1155 1250 1180 1874
7854 4 2 1 3 1484 1801 2012 2191
7855 4 2 1 3 602 730 1657 1796
7856 4 2 1 3 785 1633 589 2020
7857 4 2 1 3 1885 1892 1281 2085
7858 4 2 1 3 1493 1881 1846 2082
7859 4 2 1 3 490 488 1668 2063
7860 4 2 1 3 1519 1706 1827 2116
7861 4 2 1 3 857 1720 1847 2188
7862 4 2 1 3 1585 1908 636 2115
7863 4 2 1 3 1088 1842 1663 2134
7864 4 2 1 3 1166 408 2105 2144
7865 4 2 1 3 1490 1689 1759 1975
7866 4 2 1 3 980 985 1812 1998
7867 4 2 1 3 502 1624 739 2170
7868 4 2 1 3 347 346 345 1858
7869 4 2 1 3 215 216 1660 1884
7870 4 2 1 3 1233 282 1234 1856
7871 4 2 1 3 1577 1505 1929 2048
7872 4 2 1 3 1945 2043 965 2172
7873 4 2 1 3 940 313 1252 1963
7874 4 2 1 3 808 877 883 1996
7875 4 2 1 3 681 1703 427 1896
7876 4 2 1 3 1744 2039 982 2140
7877 4 2 1 3 492 2053 496 2135
7878 4 2 1 3 420 667 233 2171
7879 4 2 1 3 1099 1661 2023 2187
7880 4 2 1 3 615 759 544 1776
7881 4 2 1 3 1354 1355 1338 1633
7882 4 2 1 3 1572 2159 1756 2183
7883 4 2 1 3 1616 1526 1777 2053
7884 4 2 1 3 216 1387 1660 2103
7885 4 2 1 3 402 409 302 1644
7886 4 2 1 3 1318 1319 1320 2098
7887 4 2 1 3 1123 1299 1687 2098
7888 4 2 1 3 1601 1755 1743 2042
7889 4 2 1 3 1355 1633 1855 1968
7890 4 2 1 3 980 985 986 1812
7891 4 2 1 3 352 1650 351 2073
7892 4 2 1 3 1800 1821 1477 1875
7893 4 2 1 3 1844 2132 1537 2182
7894 4 2 1 3 1594 1839 1648 2105
7895 4 2 1 3 1499 1616 1745 1928
7896 4 2 1 3 129 1302 1338 623
7897 4 2 1 3 189 1123 1299 1308
7898 4 2 1 3 1481 1766 1701 2027
7899 4 2 1 3 1945 965 2056 2172
7900 4 2 1 3 769 628 715 1882
7901 4 2 1 3 1299 1318 1317 2098
7902 4 2 1 3 513 1591 1916 2122
7903 4 2 1 3 630 1360 441 2062
7904 4 2 1 3 1681 2026 1892 2060
7905 4 2 1 3 293 249 1731 2124
7906 4 2 1 3 582 1959 1937 2066
7907 4 2 1 3 393 408 1167 2144
7908 4 2 1 3 1035 1626 1032 1905
7909 4 2 1 3 1500 1748 1762 1971
7910 4 2 1 3 1622 1866 1242 2091
7911 4 2 1 3 1414 1371 1415 1906
7912 4 2 1 3 1698 1965 1615 2079
7913 4 2 1 3 1580 1928 1499 2044
7914 4 2 1 3 1053 2002 1851 2110
7915 4 2 1 3 767 572 534 1993
7916 4 2 1 3 1657 1485 1796 1915
7917 4 2 1 3 1511 1600 1913 2015
7918 4 2 1 3 711 723 1716 2093
7919 4 2 1 3 785 697 449 1939
7920 4 2 1 3 1121 1783 1120 1879
7921 4 2 1 3 1308 1687 1317 1941
7922 4 2 1 3 373 310 752 1896
7923 4 2 1 3 1177 1176 1921 1987
7924 4 2 1 3 1682 1764 1487 2000
7925 4 2 1 3 216 1387 215 1660
7926 4 2 1 3 606 515 2087 2126
7927 4 2 1 3 340 369 1641 2032
7928 4 2 1 3 458 1632 461 2178
7929 4 2 1 3 1644 1858 1594 2177
7930 4 2 1 3 613 724 761 1923
7931 4 2 1 3 1655 1769 1578 1938
7932 4 2 1 3 1602 1918 1557 1944
7933 4 2 1 3 969 1945 966 2194
7934 4 2 1 3 1783 2075 1546 2080
7935 4 2 1 3 1374 1445 556 1741
7936 4 2 1 3 1246 1278 1889 2074
7937 4 2 1 3 246 1681 243 2090
7938 4 2 1 3 576 1746 746 1943
7939 4 2 1 3 563 593 613 1673
7940 4 2 1 3 405 322 388 1729
7941 4 2 1 3 284 246 245 2004
7942 4 2 1 3 1470 1693 1782 1969
7943 4 2 1 3 858 1140 809 2029
7944 4 2 1 3 1149 1872 1206 2083
7945 4 2 1 3 1706 1827 1552 2097
7946 4 2 1 3 1425 1580 1429 2069
7947 4 2 1 3 744 1968 1768 2136
7948 4 2 1 3 750 654 679 1641
7949 4 2 1 3 713 768 641 1835
7950 4 2 1 3 1132 2138 1680 2184
7951 4 2 1 3 1151 1225 1150 1951
7952 4 2 1 3 1194 1136 1201 2043
7953 4 2 1 3 1504 1782 1693 1969
7954 4 2 1 3 505 1738 509 1937
7955 4 2 1 3 1679 1951 1151 2068
7956 4 2 1 3 1545 1778 1744 1949
7957 4 2 1 3 1293 1043 1041 1965
7958 4 2 1 3 572 533 534 1667
7959 4 2 1 3 962 961 963 1645
7960 4 2 1 3 1492 1858 1644 2177
7961 4 2 1 3 724 1796 599 1923
7962 4 2 1 3 1286 949 1198 1941
7963 4 2 1 3 1269 1096 1115 1749
7964 4 2 1 3 261 292 221 1986
7965 4 2 1 3 242 241 243 1785
7966 4 2 1 3 1692 1777 1531 1947
7967 4 2 1 3 1662 1732 717 2164
7968 4 2 1 3 1195 1197 1748 1947
7969 4 2 1 3 975 1693 972 2111
7970 4 2 1 3 933 1221 1132 1680
7971 4 2 1 3 1678 1530 1774 2078
7972 4 2 1 3 1732 1960 1628 2157
7973 4 2 1 3 641 643 642 1909
7974 4 2 1 3 1637 1889 1246 2114
7975 4 2 1 3 1553 1621 2029 2165
7976 4 2 1 3 1123 189 949 1308
7977 4 2 1 3 623 129 1302 449
7978 4 2 1 3 1129 187 1319 1328
7979 4 2 1 3 882 1674 880 1978
7980 4 2 1 3 954 1215 231 1854
7981 4 2 1 3 1339 1297 1368 1931
7982 4 2 1 3 246 245 1681 2090
7983 4 2 1 3 823 822 820 1786
7984 4 2 1 3 632 854 443 2014
7985 4 2 1 3 1646 2017 1946 2185
7986 4 2 1 3 307 1253 361 1874
7987 4 2 1 3 1802 1949 1500 2067
7988 4 2 1 3 1540 1969 1831 1984
7989 4 2 1 3 1597 2166 1650 2197
7990 4 2 1 3 1242 953 1112 1622
7991 4 2 1 3 933 168 878 1132
7992 4 2 1 3 997 1766 1227 2084
7993 4 2 1 3 978 1700 976 2140
7994 4 2 1 3 168 800 878 1132
7995 4 2 1 3 112 632 433 810
7996 4 2 1 3 1303 1129 186 936
7997 4 2 1 3 982 1744 988 2018
7998 4 2 1 3 1076 1245 1877 2107
7999 4 2 1 3 1328 1129 186 1303
8000 4 2 1 3 934 1150 59 305
8001 4 2 1 3 1604 1994 1605 2093
8002 4 2 1 3 969 1194 966 1945
8003 4 2 1 3 231 265 954 1854
8004 4 2 1 3 1103 1820 928 1856
8005 4 2 1 3 1056 1262 1217 2187
8006 4 2 1 3 1608 2100 1218 2192
8007 4 2 1 3 1841 1852 1640 2162
8008 4 2 1 3 839 838 882 2138
8009 4 2 1 3 1668 1888 2063 2176
8010 4 2 1 3 1103 1820 1856 1962
8011 4 2 1 3 936 1330 1141 185
8012 4 2 1 3 1669 1981 1596 2030
8013 4 2 1 3 1418 1741 1410 2196
8014 4 2 1 3 1558 1609 2086 2127
8015 4 2 1 3 246 243 245 2090
8016 4 2 1 3 1134 1014 1690 1967
8017 4 2 1 3 1357 1712 1367 1879
8018 4 2 1 3 1495 1964 1758 2047
8019 4 2 1 3 1073 1965 1698 2184
8020 4 2 1 3 1334 1990 1578 2152
8021 4 2 1 3 992 1947 963 2109
8022 4 2 1 3 1899 2053 1722 2178
8023 4 2 1 3 427 666 373 1703
8024 4 2 1 3 302 1644 409 2144
8025 4 2 1 3 969 1194 1945 2194
8026 4 2 1 3 325 327 1754 2007
8027 4 2 1 3 1373 1983 545 2031
8028 4 2 1 3 1088 1266 1050 1663
8029 4 2 1 3 1507 1954 1622 2091
8030 4 2 1 3 1467 1827 1706 2116
8031 4 2 1 3 89 631 359 299
8032 4 2 1 3 1748 1762 1531 2173
8033 4 2 1 3 1600 1824 1932 2015
8034 4 2 1 3 1494 1691 1828 2124
8035 4 2 1 3 1026 1016 1737 2089
8036 4 2 1 3 246 1681 245 2004
8037 4 2 1 3 933 1680 878 2195
8038 4 2 1 3 494 484 678 2159
8039 4 2 1 3 1280 1174 1820 1962
8040 4 2 1 3 1556 1769 1912 2152
8041 4 2 1 3 878 840 844 1680
8042 4 2 1 3 1831 1969 1509 1984
8043 4 2 1 3 488 1775 482 2034
8044 4 2 1 3 380 363 366 1758
8045 4 2 1 3 1521 1643 1782 2120
8046 4 2 1 3 374 332 296 1695
8047 4 2 1 3 1683 1887 905 2121
8048 4 2 1 3 816 859 101 439
8049 4 2 1 3 367 59 1150 305
8050 4 2 1 3 862 1836 1734 2193
8051 4 2 1 3 854 807 443 2014
8052 4 2 1 3 1768 1977 1760 2108
8053 4 2 1 3 1660 1884 216 2103
8054 4 2 1 3 382 312 385 1819
8055 4 2 1 3 1441 1906 1061 1914
8056 4 2 1 3 1747 1901 1465 2086
8057 4 2 1 3 1176 1037 1921 1987
8058 4 2 1 3 992 1692 995 1947
8059 4 2 1 3 656 421 106 873
8060 4 2 1 3 1609 1901 1747 2086
8061 4 2 1 3 520 635 523 1765
8062 4 2 1 3 830 106 421 873
8063 4 2 1 3 1569 1865 1825 1955
8064 4 2 1 3 1657 1913 1786 1915
8065 4 2 1 3 373 1703 351 1896
8066 4 2 1 3 1625 1565 1822 1869
8067 4 2 1 3 1624 1959 739 2170
8068 4 2 1 3 1503 1773 1767 2001
8069 4 2 1 3 586 513 587 1916
8070 4 2 1 3 936 1303 1330 185
8071 4 2 1 3 962 1645 963 2056
8072 4 2 1 3 359 444 90 311
8073 4 2 1 3 1262 1063 1682 2000
8074 4 2 1 3 1261 1069 951 1666
8075 4 2 1 3 338 340 369 1641
8076 4 2 1 3 638 653 487 2176
8077 4 2 1 3 680 1920 473 2154
8078 4 2 1 3 991 1690 1014 2081
8079 4 2 1 3 1196 1208 1031 1795
8080 4 2 1 3 1589 1893 1795 2123
8081 4 2 1 3 1649 1745 1616 1928
8082 4 2 1 3 1338 128 623 1968
8083 4 2 1 3 642 456 641 1614
8084 4 2 1 3 810 112 632 854
8085 4 2 1 3 235 1805 238 1929
8086 4 2 1 3 1471 1726 1888 2198
8087 4 2 1 3 586 1735 514 2122
8088 4 2 1 3 1632 1830 1584 1899
8089 4 2 1 3 1358 1768 1356 2108
8090 4 2 1 3 502 1897 1624 2170
8091 4 2 1 3 471 468 470 1891
8092 4 2 1 3 906 905 875 2036
8093 4 2 1 3 467 468 690 1891
8094 4 2 1 3 1771 2008 1971 2113
8095 4 2 1 3 489 528 638 2176
8096 4 2 1 3 517 1844 578 2132
8097 4 2 1 3 268 256 261 2024
8098 4 2 1 3 216 1383 1387 2103
8099 4 2 1 3 1489 1790 1658 2103
8100 4 2 1 3 1105 1216 1437 2010
8101 4 2 1 3 421 656 657 1685
8102 4 2 1 3 1266 1088 1243 1663
8103 4 2 1 3 1189 982 988 2018
8104 4 2 1 3 593 1673 562 2097
8105 4 2 1 3 590 557 702 1970
8106 4 2 1 3 1233 928 1820 1856
8107 4 2 1 3 396 1951 1719 2068
8108 4 2 1 3 1247 1254 1964 2153
8109 4 2 1 3 1088 1243 1663 1842
8110 4 2 1 3 1661 1773 1767 2002
8111 4 2 1 3 878 1680 844 2195
8112 4 2 1 3 673 2011 1577 2035
8113 4 2 1 3 1132 1680 1221 2184
8114 4 2 1 3 1776 1886 1498 2158
8115 4 2 1 3 1194 1945 1723 2043
8116 4 2 1 3 443 632 113 854
8117 4 2 1 3 1250 1640 926 2071
8118 4 2 1 3 1633 1746 1512 1968
8119 4 2 1 3 1403 1451 1390 1739
8120 4 2 1 3 1523 1930 1771 2113
8121 4 2 1 3 621 1990 1938 2130
8122 4 2 1 3 1015 1186 1106 1701
8123 4 2 1 3 515 1613 2126 2183
8124 4 2 1 3 1130 941 1342 2074
8125 4 2 1 3 187 942 1129 1319
8126 4 2 1 3 935 1278 2074 2075
8127 4 2 1 3 1621 1823 1553 2029
8128 4 2 1 3 1030 1032 1033 1626
8129 4 2 1 3 878 800 840 1680
8130 4 2 1 3 620 1912 1769 1990
8131 4 2 1 3 276 1170 283 2085
8132 4 2 1 3 1346 1694 371 1819
8133 4 2 1 3 1338 1337 128 1968
8134 4 2 1 3 1551 1923 1796 2199
8135 4 2 1 3 1356 1300 1337 1968
8136 4 2 1 3 1322 1760 1323 2108
8137 4 2 1 3 1523 1945 1930 2113
8138 4 2 1 3 1623 1867 1586 1922
8139 4 2 1 3 282 226 275 1856
8140 4 2 1 3 1648 2059 1810 2105
8141 4 2 1 3 751 587 655 2036
8142 4 2 1 3 856 939 157 813
8143 4 2 1 3 649 650 434 1695
8144 4 2 1 3 1170 2060 283 2085
8145 4 2 1 3 89 631 444 359
8146 4 2 1 3 1533 2039 1744 2140
8147 4 2 1 3 1163 1834 1676 1845
8148 4 2 1 3 1331 756 1304 1909
8149 4 2 1 3 1399 1439 1376 1666
8150 4 2 1 3 829 1938 1578 2130
8151 4 2 1 3 1346 414 371 1694
8152 4 2 1 3 891 1957 1742 1996
8153 4 2 1 3 442 623 128 1968
8154 4 2 1 3 1246 941 1637 2189
8155 4 2 1 3 1594 1858 1644 2144
8156 4 2 1 3 1789 2052 1603 2191
8157 4 2 1 3 248 247 1691 2057
8158 4 2 1 3 1599 1799 1711 2019
8159 4 2 1 3 844 846 797 1861
8160 4 2 1 3 1712 2147 1335 2152
8161 4 2 1 3 248 1828 1691 2124
8162 4 2 1 3 1393 1431 1395 1618
8163 4 2 1 3 621 620 1769 1990
8164 4 2 1 3 790 457 2050 2142
8165 4 2 1 3 1639 1793 1570 2100
8166 4 2 1 3 258 260 280 1870
8167 4 2 1 3 355 1714 353 1973
8168 4 2 1 3 797 844 1861 2195
8169 4 2 1 3 823 1786 820 1915
8170 4 2 1 3 2045 1617 2099 2127
8171 4 2 1 3 1492 1650 2073 2197
8172 4 2 1 3 1219 1131 1948 2068
8173 4 2 1 3 570 703 768 1835
8174 4 2 1 3 1499 2044 1753 2069
8175 4 2 1 3 1693 2049 1504 2096
8176 4 2 1 3 693 466 465 1653
8177 4 2 1 3 1352 1315 1808 2147
8178 4 2 1 3 1885 2004 1507 2085
8179 4 2 1 3 1346 371 312 1819
8180 4 2 1 3 1255 1853 1720 2040
8181 4 2 1 3 1116 1246 1889 2114
8182 4 2 1 3 774 710 657 1916
8183 4 2 1 3 820 821 795 1657
8184 4 2 1 3 113 443 854 807
8185 4 2 1 3 1515 2030 1676 2088
8186 4 2 1 3 377 300 389 1946
8187 4 2 1 3 282 1233 226 1856
8188 4 2 1 3 898 842 891 2021
8189 4 2 1 3 709 532 1799 1922
8190 4 2 1 3 891 1742 877 1996
8191 4 2 1 3 1562 2023 1661 2187
8192 4 2 1 3 285 239 237 1924
8193 4 2 1 3 298 426 358 1752
8194 4 2 1 3 305 391 407 2068
8195 4 2 1 3 581 610 1721 2076
8196 4 2 1 3 1083 1704 1009 2091
8197 4 2 1 3 1036 1692 992 2109
8198 4 2 1 3 1631 1933 1592 2179
8199 4 2 1 3 395 365 389 2160
8200 4 2 1 3 1379 1851 932 2002
8201 4 2 1 3 778 1606 420 1991
8202 4 2 1 3 723 591 711 1716
8203 4 2 1 3 1500 1778 1684 1949
8204 4 2 1 3 967 966 1634 2128
8205 4 2 1 3 253 1240 227 1885
8206 4 2 1 3 1711 1799 1496 2019
8207 4 2 1 3 234 240 237 1924
8208 4 2 1 3 1491 1795 1656 1934
8209 4 2 1 3 1703 1858 348 2073
8210 4 2 1 3 953 1622 1242 1885
8211 4 2 1 3 663 506 503 2131
8212 4 2 1 3 1793 2100 1639 2148
8213 4 2 1 3 1431 1449 1395 1926
8214 4 2 1 3 1065 1064 1660 1884
8215 4 2 1 3 1664 1826 474 2156
8216 4 2 1 3 1419 1417 1420 1816
8217 4 2 1 3 1599 1922 1799 2019
8218 4 2 1 3 999 1235 1012 2026
8219 4 2 1 3 466 1653 693 2033
8220 4 2 1 3 745 607 422 1659
8221 4 2 1 3 1127 1214 1729 2141
8222 4 2 1 3 92 448 304 372
8223 4 2 1 3 1595 1868 1671 1884
8224 4 2 1 3 1675 2065 1502 2072
8225 4 2 1 3 273 1986 292 2016
8226 4 2 1 3 92 448 627 304
8227 4 2 1 3 515 571 2087 2183
8228 4 2 1 3 1036 1188 2069 2109
8229 4 2 1 3 1549 1708 1732 2157
8230 4 2 1 3 1688 1785 1493 2090
8231 4 2 1 3 1639 1794 1516 1890
8232 4 2 1 3 230 454 672 2035
8233 4 2 1 3 1570 2100 1793 2148
8234 4 2 1 3 805 172 1126 879
8235 4 2 1 3 925 1251 1149 2083
8236 4 2 1 3 1309 1308 1317 1941
8237 4 2 1 3 950 1371 1217 1682
8238 4 2 1 3 392 1717 326 2007
8239 4 2 1 3 585 1799 709 2117
8240 4 2 1 3 1562 1880 1786 2023
8241 4 2 1 3 1002 999 1012 2026
8242 4 2 1 3 967 1748 2067 2128
8243 4 2 1 3 1544 1940 1607 1992
8244 4 2 1 3 321 322 405 1811
8245 4 2 1 3 1284 1093 1113 2000
8246 4 2 1 3 1425 1936 1580 2044
8247 4 2 1 3 1837 1937 1713 2066
8248 4 2 1 3 592 589 764 1746
8249 4 2 1 3 328 326 329 1717
8250 4 2 1 3 1501 1770 1701 2027
8251 4 2 1 3 1595 1868 1384 2149
8252 4 2 1 3 271 293 249 1731
8253 4 2 1 3 1452 1433 1961 1980
8254 4 2 1 3 552 1374 1741 1960
8255 4 2 1 3 1058 1090 1057 1889
8256 4 2 1 3 1166 408 309 2105
8257 4 2 1 3 1031 2043 1656 2172
8258 4 2 1 3 425 1683 751 2036
8259 4 2 1 3 960 1999 1733 2172
8260 4 2 1 3 898 1957 807 2014
8261 4 2 1 3 322 404 1729 2141
8262 4 2 1 3 1752 1841 1496 1852
8263 4 2 1 3 1543 1710 1905 2162
8264 4 2 1 3 1826 1907 475 2156
8265 4 2 1 3 981 1999 960 2172
8266 4 2 1 3 1602 1497 1911 1994
8267 4 2 1 3 954 265 1173 1854
8268 4 2 1 3 1306 1879 1349 1956
8269 4 2 1 3 753 787 1768 2118
8270 4 2 1 3 258 257 255 2016
8271 4 2 1 3 497 1756 685 1940
8272 4 2 1 3 1287 1880 1229 2023
8273 4 2 1 3 1515 1707 1876 2112
8274 4 2 1 3 1337 442 128 1968
8275 4 2 1 3 1050 1088 1663 1883
8276 4 2 1 3 574 732 1860 2051
8277 4 2 1 3 1645 1947 963 2056
8278 4 2 1 3 354 353 352 1973
8279 4 2 1 3 583 1837 743 2066
8280 4 2 1 3 1330 1307 1327 1809
8281 4 2 1 3 1556 1912 2147 2152
8282 4 2 1 3 278 280 260 1820
8283 4 2 1 3 1090 1116 1246 1889
8284 4 2 1 3 1381 1961 450 1988
8285 4 2 1 3 259 1870 255 2035
8286 4 2 1 3 1558 1995 1863 2081
8287 4 2 1 3 788 602 1657 2022
8288 4 2 1 3 815 885 918 1931
8289 4 2 1 3 1492 1644 1858 2073
8290 4 2 1 3 1122 1676 1017 2030
8291 4 2 1 3 1066 1671 1105 1884
8292 4 2 1 3 526 494 678 1925
8293 4 2 1 3 1677 1955 1865 2037
8294 4 2 1 3 1484 1749 1666 1952
8295 4 2 1 3 469 693 1718 2033
8296 4 2 1 3 1245 1097 1818 2107
8297 4 2 1 3 479 485 2078 2161
8298 4 2 1 3 1592 1785 1881 1924
8299 4 2 1 3 1425 1417 1454 1936
8300 4 2 1 3 972 1185 1693 2092
8301 4 2 1 3 276 1240 924 2085
8302 4 2 1 3 1598 1843 1659 2190
8303 4 2 1 3 1620 1923 1673 1988
8304 4 2 1 3 1504 2049 1665 2096
8305 4 2 1 3 452 1460 218 1943
8306 4 2 1 3 959 1733 960 1999
8307 4 2 1 3 1409 1407 1408 1708
8308 4 2 1 3 780 1959 582 2066
8309 4 2 1 3 1735 1916 1591 2122
8310 4 2 1 3 1142 1694 1809 1964
8311 4 2 1 3 1121 1119 1120 1783
8312 4 2 1 3 1002 1000 1755 2042
8313 4 2 1 3 1521 1782 2003 2064
8314 4 2 1 3 1607 1917 1544 1992
8315 4 2 1 3 807 1957 443 2014
8316 4 2 1 3 668 420 778 1606
8317 4 2 1 3 875 1683 425 2036
8318 4 2 1 3 1165 1697 1185 2092
8319 4 2 1 3 806 866 174 1212
8320 4 2 1 3 871 712 118 795
8321 4 2 1 3 222 384 13 301
8322 4 2 1 3 967 1748 1139 2067
8323 4 2 1 3 565 564 566 1658
8324 4 2 1 3 1516 1639 1890 2148
8325 4 2 1 3 228 667 20 262
8326 4 2 1 3 1377 1451 1404 1966
8327 4 2 1 3 611 440 1714 1896
8328 4 2 1 3 1568 1894 1705 1993
8329 4 2 1 3 1260 930 1178 2148
8330 4 2 1 3 1743 1755 1536 2042
8331 4 2 1 3 749 594 775 2097
8332 4 2 1 3 1476 2055 1697 2101
8333 4 2 1 3 849 905 906 1887
8334 4 2 1 3 1993 2104 1667 2106
8335 4 2 1 3 1658 1788 1595 2149
8336 4 2 1 3 1522 1643 2008 2033
8337 4 2 1 3 1028 1684 1138 2067
8338 4 2 1 3 1863 1995 1558 2086
8339 4 2 1 3 700 1908 465 1979
8340 4 2 1 3 1648 1810 1594 2105
8341 4 2 1 3 754 357 422 2032
8342 4 2 1 3 1163 1008 1017 1834
8343 4 2 1 3 1712 1879 1357 2075
8344 4 2 1 3 1391 1983 1392 2143
8345 4 2 1 3 734 735 220 1991
8346 4 2 1 3 864 923 159 814
8347 4 2 1 3 163 868 796 1157
8348 4 2 1 3 275 236 239 1805
8349 4 2 1 3 1448 1732 1409 1960
8350 4 2 1 3 508 2131 1728 2174
8351 4 2 1 3 647 865 110 645
8352 4 2 1 3 1532 1907 1826 2156
8353 4 2 1 3 803 874 103 423
8354 4 2 1 3 86 651 649 296
8355 4 2 1 3 651 86 358 296
8356 4 2 1 3 586 706 514 1735
8357 4 2 1 3 893 873 833 1685
8358 4 2 1 3 1496 1848 1711 2019
8359 4 2 1 3 110 812 865 647
8360 4 2 1 3 539 1677 538 2037
8361 4 2 1 3 557 1970 1798 2164
8362 4 2 1 3 1400 1890 1459 2180
8363 4 2 1 3 1382 1429 1425 1921
8364 4 2 1 3 1217 1371 1446 1682
8365 4 2 1 3 2045 2086 1609 2127
8366 4 2 1 3 1065 1064 1884 1974
8367 4 2 1 3 1664 1891 1833 2102
8368 4 2 1 3 1658 1790 1746 1943
8369 4 2 1 3 699 1925 692 2078
8370 4 2 1 3 1606 1846 1785 1881
8371 4 2 1 3 516 1721 1871 2011
8372 4 2 1 3 1622 1828 1507 1885
8373 4 2 1 3 1454 1382 1425 1921
8374 4 2 1 3 1497 1811 1619 2012
8375 4 2 1 3 311 325 359 1754
8376 4 2 1 3 512 1846 736 2170
8377 4 2 1 3 1015 1942 1701 2089
8378 4 2 1 3 1599 1893 1491 2019
8379 4 2 1 3 1376 1067 1444 2052
8380 4 2 1 3 1662 1798 1549 2164
8381 4 2 1 3 1287 1229 1102 2023
8382 4 2 1 3 1359 1324 1878 2108
8383 4 2 1 3 1621 1824 1511 2015
8384 4 2 1 3 1110 1675 1071 2040
8385 4 2 1 3 857 867 856 2188
8386 4 2 1 3 955 1140 1291 2029
8387 4 2 1 3 1111 1084 1109 1866
8388 4 2 1 3 1874 2058 400 2059
8389 4 2 1 3 1258 1110 1720 2072
8390 4 2 1 3 1042 1073 1041 1965
8391 4 2 1 3 692 1699 479 2078
8392 4 2 1 3 938 1140 858 2029
8393 4 2 1 3 325 326 327 2007
8394 4 2 1 3 561 1961 1433 1980
8395 4 2 1 3 1602 1944 1557 1994
8396 4 2 1 3 869 796 852 2119
8397 4 2 1 3 1502 2016 1854 2065
8398 4 2 1 3 260 238 278 1929
8399 4 2 1 3 524 585 522 1711
8400 4 2 1 3 1525 1716 1646 2185
8401 4 2 1 3 992 1692 1947 2109
8402 4 2 1 3 1851 2010 1708 2139
8403 4 2 1 3 954 1258 1215 1854
8404 4 2 1 3 586 513 1735 2122
8405 4 2 1 3 909 869 892 1747
8406 4 2 1 3 1463 1667 1781 2104
8407 4 2 1 3 596 595 784 1705
8408 4 2 1 3 1378 1440 1610 2050
8409 4 2 1 3 488 487 1775 2176
8410 4 2 1 3 977 974 1154 2111
8411 4 2 1 3 871 821 825 1792
8412 4 2 1 3 1696 1768 1512 2136
8413 4 2 1 3 1513 1648 2025 2058
8414 4 2 1 3 1314 1312 1315 1808
8415 4 2 1 3 1831 1984 1509 2169
8416 4 2 1 3 1608 1427 1815 2192
8417 4 2 1 3 1506 1599 2006 2125
8418 4 2 1 3 1166 309 922 2105
8419 4 2 1 3 1427 1608 1442 2192
8420 4 2 1 3 538 496 1865 2135
8421 4 2 1 3 351 1896 1703 2073
8422 4 2 1 3 364 376 1903 2167
8423 4 2 1 3 474 1826 475 2156
8424 4 2 1 3 809 177 955 1140
8425 4 2 1 3 1459 1372 1639 2192
8426 4 2 1 3 1392 1739 1390 2143
8427 4 2 1 3 295 754 369 2032
8428 4 2 1 3 478 483 482 2034
8429 4 2 1 3 488 487 482 1775
8430 4 2 1 3 436 753 787 1768
8431 4 2 1 3 1475 1759 1669 1981
8432 4 2 1 3 1298 72 312 1346
8433 4 2 1 3 1571 1737 1651 1904
8434 4 2 1 3 215 1660 1387 2107
8435 4 2 1 3 762 773 612 1731
8436 4 2 1 3 291 273 257 2016
8437 4 2 1 3 1688 1785 241 2171
8438 4 2 1 3 356 666 80 303
8439 4 2 1 3 1315 1312 1353 1808
8440 4 2 1 3 1052 1053 1773 2002
8441 4 2 1 3 1647 1780 1529 2094
8442 4 2 1 3 1015 994 1942 2089
8443 4 2 1 3 1723 1945 1930 2043
8444 4 2 1 3 1522 1971 1771 2008
8445 4 2 1 3 693 465 700 1908
8446 4 2 1 3 1201 1196 1031 2043
8447 4 2 1 3 60 1131 305 407
8448 4 2 1 3 323 321 324 1811
8449 4 2 1 3 934 60 1131 305
8450 4 2 1 3 1635 2009 861 2181
8451 4 2 1 3 1093 1764 1063 2000
8452 4 2 1 3 1125 798 1674 2155
8453 4 2 1 3 896 910 864 1853
8454 4 2 1 3 603 600 734 1991
8455 4 2 1 3 1004 1082 1009 1704
8456 4 2 1 3 727 543 648 1807
8457 4 2 1 3 562 1961 781 2097
8458 4 2 1 3 1120 1879 1783 2075
8459 4 2 1 3 1246 1637 2114 2189
8460 4 2 1 3 1421 1420 1422 1649
8461 4 2 1 3 1284 1113 1674 2000
8462 4 2 1 3 1793 1867 1570 2046
8463 4 2 1 3 1516 1793 1639 2148
8464 4 2 1 3 838 170 1125 943
8465 4 2 1 3 421 659 105 830
8466 4 2 1 3 798 170 1125 838
8467 4 2 1 3 737 1688 667 2171
8468 4 2 1 3 804 105 659 830
8469 4 2 1 3 1670 1824 1621 2165
8470 4 2 1 3 1566 1719 1679 2068
8471 4 2 1 3 348 351 373 1703
8472 4 2 1 3 465 1653 466 2201
8473 4 2 1 3 292 1986 1635 2016
8474 4 2 1 3 1270 1918 1128 1944
8475 4 2 1 3 1461 1435 1385 2149
8476 4 2 1 3 608 422 607 2032
8477 4 2 1 3 1502 1847 1720 2188
8478 4 2 1 3 1150 1151 1951 2068
8479 4 2 1 3 887 261 1635 2181
8480 4 2 1 3 1608 1815 1639 2192
8481 4 2 1 3 1684 1748 1500 2067
8482 4 2 1 3 1684 1500 1949 2067
8483 4 2 1 3 637 693 636 1908
8484 4 2 1 3 156 1175 856 818
8485 4 2 1 3 1674 1487 1764 2000
8486 4 2 1 3 457 459 458 2050
8487 4 2 1 3 747 630 441 2062
8488 4 2 1 3 1665 2049 1184 2096
8489 4 2 1 3 374 330 332 1695
8490 4 2 1 3 235 236 238 1805
8491 4 2 1 3 1017 1122 1163 1676
8492 4 2 1 3 739 1937 582 1959
8493 4 2 1 3 1285 1642 1199 1952
8494 4 2 1 3 184 1307 1330 956
8495 4 2 1 3 1575 2018 1744 2039
8496 4 2 1 3 1154 1949 1802 2067
8497 4 2 1 3 1521 1920 1643 2120
8498 4 2 1 3 444 624 90 311
8499 4 2 1 3 342 344 357 1659
8500 4 2 1 3 1767 2002 1503 2139
8501 4 2 1 3 1158 921 1813 2119
8502 4 2 1 3 300 437 378 1946
8503 4 2 1 3 1693 975 2092 2111
8504 4 2 1 3 538 1865 1677 2135
8505 4 2 1 3 1670 1817 1611 2080
8506 4 2 1 3 1028 1684 2067 2173
8507 4 2 1 3 1443 1421 1423 1745
8508 4 2 1 3 1241 1026 1016 1737
8509 4 2 1 3 95 300 633 437
8510 4 2 1 3 1574 2128 2113 2194
8511 4 2 1 3 95 300 377 633
8512 4 2 1 3 1507 1892 1704 2091
8513 4 2 1 3 620 435 702 1912
8514 4 2 1 3 1021 1108 1180 2025
8515 4 2 1 3 1409 1408 1960 2139
8516 4 2 1 3 1172 1720 1255 1853
8517 4 2 1 3 245 2004 1681 2090
8518 4 2 1 3 1969 2055 1540 2101
8519 4 2 1 3 1255 1720 1110 2040
8520 4 2 1 3 1470 1664 1833 1898
8521 4 2 1 3 255 230 254 2035
8522 4 2 1 3 432 717 1448 1732
8523 4 2 1 3 1150 1152 58 367
8524 4 2 1 3 1694 1495 1809 1964
8525 4 2 1 3 456 97 640 2028
8526 4 2 1 3 1550 1821 1800 1875
8527 4 2 1 3 758 644 791 1938
8528 4 2 1 3 1141 184 1330 956
8529 4 2 1 3 1152 308 58 367
8530 4 2 1 3 1295 1360 630 2062
8531 4 2 1 3 307 1155 1253 1874
8532 4 2 1 3 653 1664 474 2156
8533 4 2 1 3 815 181 885 1297
8534 4 2 1 3 330 1695 374 2077
8535 4 2 1 3 1512 1768 1696 1977
8536 4 2 1 3 1343 1130 1342 2074
8537 4 2 1 3 427 1703 373 1896
8538 4 2 1 3 25 219 254 2035
8539 4 2 1 3 805 907 879 2155
8540 4 2 1 3 363 306 362 1758
8541 4 2 1 3 1546 1808 1637 2074
8542 4 2 1 3 1142 956 1141 1809
8543 4 2 1 3 513 490 710 1916
8544 4 2 1 3 1672 1526 1762 2198
8545 4 2 1 3 1545 1684 1778 1949
8546 4 2 1 3 1487 1978 1742 2168
8547 4 2 1 3 1723 1876 1539 1930
8548 4 2 1 3 1635 1502 1986 2188
8549 4 2 1 3 999 986 998 1812
8550 4 2 1 3 1035 1033 1032 1626
8551 4 2 1 3 993 1701 1015 1942
8552 4 2 1 3 1103 1280 928 1820
8553 4 2 1 3 781 2097 1961 2146
8554 4 2 1 3 1714 1896 1650 2166
8555 4 2 1 3 1478 1876 1723 1930
8556 4 2 1 3 821 820 822 1913
8557 4 2 1 3 1488 1627 1857 1972
8558 4 2 1 3 935 1203 1278 2075
8559 4 2 1 3 969 966 968 2194
8560 4 2 1 3 891 876 1957 1996
8561 4 2 1 3 490 525 710 1724
8562 4 2 1 3 437 640 378 1946
8563 4 2 1 3 1675 1720 1501 2040
8564 4 2 1 3 1248 1096 1269 1749
8565 4 2 1 3 711 591 786 2185
8566 4 2 1 3 1930 1945 1723 2113
8567 4 2 1 3 302 927 1252 1963
8568 4 2 1 3 1625 1822 1565 2013
8569 4 2 1 3 1648 2059 1513 2190
8570 4 2 1 3 298 336 338 1752
8571 4 2 1 3 1738 1821 1527 2174
8572 4 2 1 3 1653 2137 466 2201
8573 4 2 1 3 446 819 117 795
8574 4 2 1 3 1744 1778 1590 1949
8575 4 2 1 3 1773 1824 1600 2001
8576 4 2 1 3 1034 1269 1115 1840
8577 4 2 1 3 1698 1965 1680 2184
8578 4 2 1 3 843 841 900 1784
8579 4 2 1 3 908 882 880 1978
8580 4 2 1 3 387 364 376 1903
8581 4 2 1 3 1668 1554 1888 2176
8582 4 2 1 3 517 622 578 2154
8583 4 2 1 3 1502 1720 1675 2072
8584 4 2 1 3 1345 815 872 1931
8585 4 2 1 3 1621 1932 1824 2015
8586 4 2 1 3 1616 1777 1899 2053
8587 4 2 1 3 1212 866 174 946
8588 4 2 1 3 712 446 118 795
8589 4 2 1 3 633 786 437 1946
8590 4 2 1 3 1078 2030 1135 2088
8591 4 2 1 3 378 640 97 2028
8592 4 2 1 3 813 1172 864 1853
8593 4 2 1 3 1052 1773 1098 2002
8594 4 2 1 3 1147 1680 933 2195
8595 4 2 1 3 626 819 117 446
8596 4 2 1 3 348 351 1703 2073
8597 4 2 1 3 1863 1995 1545 2081
8598 4 2 1 3 472 470 473 1920
8599 4 2 1 3 1765 1982 1537 2112
8600 4 2 1 3 1401 1402 1400 1794
8601 4 2 1 3 467 690 639 2102
8602 4 2 1 3 532 535 709 1799
8603 4 2 1 3 1184 2049 1665 2194
8604 4 2 1 3 963 1645 961 2109
8605 4 2 1 3 897 823 907 1786
8606 4 2 1 3 508 506 2131 2174
8607 4 2 1 3 1222 1288 1211 1944
8608 4 2 1 3 1343 1342 1314 2074
8609 4 2 1 3 505 509 504 1937
8610 4 2 1 3 1961 1980 561 2146
8611 4 2 1 3 1521 1652 2064 2154
8612 4 2 1 3 1065 1660 1076 1877
8613 4 2 1 3 1166 1167 408 2144
8614 4 2 1 3 337 335 398 1852
8615 4 2 1 3 992 1036 996 1692
8616 4 2 1 3 1210 1013 1087 2127
8617 4 2 1 3 870 869 1813 2119
8618 4 2 1 3 909 870 869 1813
8619 4 2 1 3 1335 2147 1336 2152
8620 4 2 1 3 1236 1169 1168 2179
8621 4 2 1 3 1723 1945 1194 2194
8622 4 2 1 3 1398 1789 1394 2191
8623 4 2 1 3 1088 1256 1842 2134
8624 4 2 1 3 1227 1702 1283 2084
8625 4 2 1 3 749 443 1957 2014
8626 4 2 1 3 1530 1831 1699 2161
8627 4 2 1 3 1222 1944 1725 1966
8628 4 2 1 3 972 1693 975 2092
8629 4 2 1 3 1350 1336 1357 2147
8630 4 2 1 3 621 1938 455 2130
8631 4 2 1 3 717 605 1385 1662
8632 4 2 1 3 1880 2023 1562 2187
8633 4 2 1 3 1055 1059 1670 2080
8634 4 2 1 3 1514 1747 1702 1813
8635 4 2 1 3 560 553 598 1628
8636 4 2 1 3 1776 2142 1886 2158
8637 4 2 1 3 1464 1623 1895 2054
8638 4 2 1 3 685 660 1940 2126
8639 4 2 1 3 342 357 295 2032
8640 4 2 1 3 1113 1125 1674 2155
8641 4 2 1 3 651 358 426 1752
8642 4 2 1 3 1186 993 997 1766
8643 4 2 1 3 1147 1073 1221 1965
8644 4 2 1 3 1418 1410 1412 2196
8645 4 2 1 3 1306 1367 1349 1879
8646 4 2 1 3 1020 1021 1022 1757
8647 4 2 1 3 527 530 529 1886
8648 4 2 1 3 84 298 369 426
8649 4 2 1 3 1590 2111 1700 2140
8650 4 2 1 3 1571 1770 1701 2089
8651 4 2 1 3 662 1728 508 2131
8652 4 2 1 3 1165 980 1697 2092
8653 4 2 1 3 1335 1367 1357 1712
8654 4 2 1 3 1588 1821 1738 2174
8655 4 2 1 3 375 56 307 926
8656 4 2 1 3 1147 1221 933 1680
8657 4 2 1 3 1279 1169 1933 2179
8658 4 2 1 3 1517 1958 1695 2104
8659 4 2 1 3 809 177 884 955
8660 4 2 1 3 1810 2059 1648 2190
8661 4 2 1 3 1139 1028 2067 2173
8662 4 2 1 3 241 262 244 1688
8663 4 2 1 3 1128 945 1903 2141
8664 4 2 1 3 261 256 292 1635
8665 4 2 1 3 1546 1783 1712 2075
8666 4 2 1 3 332 331 333 1719
8667 4 2 1 3 1510 1862 1677 1955
8668 4 2 1 3 1552 1957 1742 2021
8669 4 2 1 3 1134 1205 1014 1967
8670 4 2 1 3 1700 1533 1972 2140
8671 4 2 1 3 947 1126 172 879
8672 4 2 1 3 1512 1968 1746 2136
8673 4 2 1 3 1469 1677 1862 1955
8674 4 2 1 3 570 768 713 2185
8675 4 2 1 3 717 1385 1448 1732
8676 4 2 1 3 1199 1214 1077 1918
8677 4 2 1 3 1608 1570 1999 2100
8678 4 2 1 3 256 292 1635 2016
8679 4 2 1 3 435 777 702 2062
8680 4 2 1 3 563 562 593 1673
8681 4 2 1 3 395 1686 365 2160
8682 4 2 1 3 479 1699 1907 2161
8683 4 2 1 3 1151 1072 1292 1679
8684 4 2 1 3 439 859 101 671
8685 4 2 1 3 1498 1867 1793 2046
8686 4 2 1 3 876 891 877 1996
8687 4 2 1 3 165 925 853 799
8688 4 2 1 3 874 804 104 1992
8689 4 2 1 3 354 386 418 1973
8690 4 2 1 3 1114 1429 1382 1921
8691 4 2 1 3 1454 1914 1382 1921
8692 4 2 1 3 1468 1634 1771 1971
8693 4 2 1 3 1358 1356 1322 2108
8694 4 2 1 3 635 578 637 1844
8695 4 2 1 3 1500 2067 1748 2128
8696 4 2 1 3 991 1014 1013 2081
8697 4 2 1 3 373 752 427 1896
8698 4 2 1 3 1695 1958 1517 2077
8699 4 2 1 3 950 1217 1063 1682
8700 4 2 1 3 629 744 442 1968
8701 4 2 1 3 668 737 667 2171
8702 4 2 1 3 581 610 571 1721
8703 4 2 1 3 298 85 358 426
8704 4 2 1 3 107 656 873 811
8705 4 2 1 3 327 328 330 1958
8706 4 2 1 3 311 624 91 372
8707 4 2 1 3 1192 965 2043 2172
8708 4 2 1 3 1638 1836 1501 2027
8709 4 2 1 3 1240 1885 924 2085
8710 4 2 1 3 1473 1982 1765 2112
8711 4 2 1 3 1503 1670 1824 1953
8712 4 2 1 3 1216 1054 1851 2010
8713 4 2 1 3 558 590 616 1798
8714 4 2 1 3 215 1387 1457 2107
8715 4 2 1 3 1140 1259 1291 2029
8716 4 2 1 3 1817 1889 1611 2080
8717 4 2 1 3 1192 2043 1031 2172
8718 4 2 1 3 815 1345 1297 1931
8719 4 2 1 3 1723 1930 1539 2043
8720 4 2 1 3 1407 1409 1385 1732
8721 4 2 1 3 1037 1709 1038 2095
8722 4 2 1 3 1078 1122 1017 2030
8723 4 2 1 3 1295 1353 1360 2062
8724 4 2 1 3 481 691 460 1804
8725 4 2 1 3 1299 1317 1308 1687
8726 4 2 1 3 714 573 775 1706
8727 4 2 1 3 341 343 1843 2059
8728 4 2 1 3 1535 1774 1678 2061
8729 4 2 1 3 1673 1961 562 2097
8730 4 2 1 3 1245 1097 1264 1818
8731 4 2 1 3 1639 2100 1608 2192
8732 4 2 1 3 1126 947 1223 2155
8733 4 2 1 3 1396 1801 2180 2191
8734 4 2 1 3 1711 1496 1799 2117
8735 4 2 1 3 631 748 444 2077
8736 4 2 1 3 1107 2025 1648 2058
8737 4 2 1 3 668 667 420 2171
8738 4 2 1 3 1522 1891 1643 2033
8739 4 2 1 3 1576 1751 1651 2200
8740 4 2 1 3 374 1695 434 2077
8741 4 2 1 3 887 1635 861 2181
8742 4 2 1 3 1381 450 718 1988
8743 4 2 1 3 836 862 837 1836
8744 4 2 1 3 369 754 654 2032
8745 4 2 1 3 1035 1153 1225 1905
8746 4 2 1 3 1516 1793 1840 2106
8747 4 2 1 3 715 628 627 1740
8748 4 2 1 3 1166 922 1244 2105
8749 4 2 1 3 608 679 654 2032
8750 4 2 1 3 1696 1977 1768 2118
8751 4 2 1 3 948 404 64 1127
8752 4 2 1 3 341 343 342 1843
8753 4 2 1 3 342 1843 1659 2032
8754 4 2 1 3 252 249 229 1731
8755 4 2 1 3 1509 1969 1693 1984
8756 4 2 1 3 1720 1847 1501 1853
8757 4 2 1 3 932 1216 1851 2010
8758 4 2 1 3 1503 2002 1851 2139
8759 4 2 1 3 662 508 506 2131
8760 4 2 1 3 1684 1949 1138 2067
8761 4 2 1 3 908 1742 842 2021
8762 4 2 1 3 1493 1785 1688 1846
8763 4 2 1 3 109 875 812 425
8764 4 2 1 3 882 908 842 2021
8765 4 2 1 3 724 599 761 1923
8766 4 2 1 3 1886 2142 677 2158
8767 4 2 1 3 1095 1285 1199 1952
8768 4 2 1 3 1690 1558 1797 1872
8769 4 2 1 3 245 264 2004 2090
8770 4 2 1 3 925 164 868 799
8771 4 2 1 3 1059 1670 2080 2165
8772 4 2 1 3 1779 1903 1555 2167
8773 4 2 1 3 1507 1622 1885 2091
8774 4 2 1 3 1059 2080 1783 2165
8775 4 2 1 3 601 1691 741 2057
8776 4 2 1 3 1636 1858 1492 1975
8777 4 2 1 3 692 1925 1699 2078
8778 4 2 1 3 492 2053 1616 2178
8779 4 2 1 3 1427 1459 1400 1639
8780 4 2 1 3 920 1279 1100 1631
8781 4 2 1 3 1503 1824 1670 2110
8782 4 2 1 3 939 1172 157 813
8783 4 2 1 3 254 230 26 672
8784 4 2 1 3 1410 1767 1741 1960
8785 4 2 1 3 1333 1352 1332 1912
8786 4 2 1 3 1537 1935 1844 2112
8787 4 2 1 3 1694 1758 1495 1964
8788 4 2 1 3 469 693 637 1718
8789 4 2 1 3 1303 1330 1325 1809
8790 4 2 1 3 1194 969 1137 1723
8791 4 2 1 3 1603 1918 1077 2052
8792 4 2 1 3 547 550 549 1873
8793 4 2 1 3 1639 1815 1427 2192
8794 4 2 1 3 1233 1103 928 1856
8795 4 2 1 3 938 1259 1140 2029
8796 4 2 1 3 611 752 440 1896
8797 4 2 1 3 912 1635 887 1986
8798 4 2 1 3 234 237 236 1924
8799 4 2 1 3 1033 1840 1034 2148
8800 4 2 1 3 1493 1846 1688 1959
8801 4 2 1 3 1513 1648 2058 2059
8802 4 2 1 3 1582 1862 1677 1989
8803 4 2 1 3 1772 1561 2143 2150
8804 4 2 1 3 340 1641 1843 2032
8805 4 2 1 3 1832 2143 1561 2150
8806 4 2 1 3 1630 1964 1495 2047
8807 4 2 1 3 222 383 12 270
8808 4 2 1 3 1490 1985 1659 2190
8809 4 2 1 3 388 322 404 1729
8810 4 2 1 3 343 394 1810 2059
8811 4 2 1 3 1384 1868 1407 2149
8812 4 2 1 3 1159 1158 921 1813
8813 4 2 1 3 1628 1511 2001 2022
8814 4 2 1 3 1480 1864 1675 2065
8815 4 2 1 3 1521 1782 2064 2120
8816 4 2 1 3 241 1688 244 2090
8817 4 2 1 3 1099 1056 1098 1661
8818 4 2 1 3 313 403 368 1963
8819 4 2 1 3 2006 2115 1908 2125
8820 4 2 1 3 1110 1081 1675 2072
8821 4 2 1 3 1185 1181 973 2096
8822 4 2 1 3 539 1989 1677 2037
8823 4 2 1 3 388 404 64 948
8824 4 2 1 3 127 629 1337 1300
8825 4 2 1 3 1065 1089 1198 1974
8826 4 2 1 3 908 877 1742 1978
8827 4 2 1 3 227 1240 36 276
8828 4 2 1 3 397 1951 308 2071
8829 4 2 1 3 1701 1770 1481 2027
8830 4 2 1 3 248 264 247 2057
8831 4 2 1 3 969 1137 1723 2194
8832 4 2 1 3 127 629 442 1337
8833 4 2 1 3 382 73 1298 1347
8834 4 2 1 3 1161 1162 1237 2005
8835 4 2 1 3 1546 1889 1817 2080
8836 4 2 1 3 1134 1967 1690 2173
8837 4 2 1 3 570 548 549 1873
8838 4 2 1 3 555 559 557 1970
8839 4 2 1 3 1321 1320 1322 1760
8840 4 2 1 3 936 1145 1141 1809
8841 4 2 1 3 613 761 563 1923
8842 4 2 1 3 1270 1128 1288 1944
8843 4 2 1 3 1088 1663 1883 2134
8844 4 2 1 3 618 560 604 2022
8845 4 2 1 3 837 896 835 1836
8846 4 2 1 3 1440 1455 1378 1610
8847 4 2 1 3 1015 1701 2040 2089
8848 4 2 1 3 628 769 789 2093
8849 4 2 1 3 1675 1864 1502 2065
8850 4 2 1 3 512 1959 1846 2170
8851 4 2 1 3 456 314 97 2028
8852 4 2 1 3 899 1932 901 2015
8853 4 2 1 3 604 788 1792 2022
8854 4 2 1 3 1425 1429 1430 2069
8855 4 2 1 3 1413 1446 1371 1682
8856 4 2 1 3 1765 1982 1598 2182
8857 4 2 1 3 1130 1246 941 2074
8858 4 2 1 3 1047 1048 1049 1883
8859 4 2 1 3 1566 1749 1717 1948
8860 4 2 1 3 565 589 576 1746
8861 4 2 1 3 1615 1508 1987 2079
8862 4 2 1 3 1172 923 864 1853
8863 4 2 1 3 379 390 320 1911
8864 4 2 1 3 922 1107 1244 1648
8865 4 2 1 3 393 52 1167 408
8866 4 2 1 3 400 2058 401 2059
8867 4 2 1 3 1450 2010 1851 2139
8868 4 2 1 3 1301 193 1343 2074
8869 4 2 1 3 565 452 564 1658
8870 4 2 1 3 1302 1361 1354 1939
8871 4 2 1 3 385 416 314 2028
8872 4 2 1 3 1496 1852 1841 2162
8873 4 2 1 3 1706 2097 714 2146
8874 4 2 1 3 1196 1024 1795 2123
8875 4 2 1 3 1714 611 1896 2166
8876 4 2 1 3 356 348 373 1703
8877 4 2 1 3 1101 1885 1242 2091
8878 4 2 1 3 541 1989 540 2037
8879 4 2 1 3 862 803 859 1734
8880 4 2 1 3 245 244 264 2090
8881 4 2 1 3 1470 1693 1969 1984
8882 4 2 1 3 1635 1986 1502 2016
8883 4 2 1 3 1128 945 1211 1903
8884 4 2 1 3 133 1332 1295 2062
8885 4 2 1 3 1078 1018 1135 2030
8886 4 2 1 3 1594 1839 2133 2177
8887 4 2 1 3 1622 1954 1866 2091
8888 4 2 1 3 262 667 20 669
8889 4 2 1 3 880 907 1978 2155
8890 4 2 1 3 1015 993 1186 1701
8891 4 2 1 3 904 828 1823 2029
8892 4 2 1 3 991 1134 1014 1690
8893 4 2 1 3 1490 1659 1810 2190
8894 4 2 1 3 891 842 1742 2021
8895 4 2 1 3 969 1723 1194 2194
8896 4 2 1 3 1306 1224 1879 1956
8897 4 2 1 3 1244 1187 1075 1839
8898 4 2 1 3 891 842 908 1742
8899 4 2 1 3 1404 1045 1377 1966
8900 4 2 1 3 787 744 1768 2136
8901 4 2 1 3 62 297 944 406
8902 4 2 1 3 1020 1023 1707 2123
8903 4 2 1 3 719 677 1886 2142
8904 4 2 1 3 1465 1747 1702 2151
8905 4 2 1 3 737 670 1688 1959
8906 4 2 1 3 1298 312 73 382
8907 4 2 1 3 378 97 314 2028
8908 4 2 1 3 1254 1144 1247 1964
8909 4 2 1 3 885 829 918 2130
8910 4 2 1 3 658 1940 660 1992
8911 4 2 1 3 601 743 1691 2066
8912 4 2 1 3 498 485 2070 2078
8913 4 2 1 3 920 1279 1631 2179
8914 4 2 1 3 517 2132 1728 2154
8915 4 2 1 3 1192 2056 965 2172
8916 4 2 1 3 962 2056 1192 2172
8917 4 2 1 3 1537 1982 1765 2182
8918 4 2 1 3 516 581 1721 2011
8919 4 2 1 3 390 1903 294 2141
8920 4 2 1 3 1506 2006 1908 2125
8921 4 2 1 3 295 357 82 754
8922 4 2 1 3 1223 1229 1880 2187
8923 4 2 1 3 333 1719 396 1951
8924 4 2 1 3 954 1173 1277 1854
8925 4 2 1 3 1117 1294 1220 1941
8926 4 2 1 3 923 1162 159 814
8927 4 2 1 3 1574 1665 1782 2049
8928 4 2 1 3 1372 930 1044 1890
8929 4 2 1 3 1039 1709 1037 1987
8930 4 2 1 3 1192 962 965 2056
8931 4 2 1 3 262 1688 241 2171
8932 4 2 1 3 840 841 843 1784
8933 4 2 1 3 347 348 346 1858
8934 4 2 1 3 383 222 12 301
8935 4 2 1 3 556 599 598 1741
8936 4 2 1 3 161 921 870 1813
8937 4 2 1 3 256 2016 1635 2024
8938 4 2 1 3 922 1107 1648 2058
8939 4 2 1 3 423 874 103 661
8940 4 2 1 3 1546 2075 1712 2147
8941 4 2 1 3 562 1673 563 1961
8942 4 2 1 3 161 870 855 1813
8943 4 2 1 3 862 1734 859 2193
8944 4 2 1 3 1339 885 181 1297
8945 4 2 1 3 1885 1892 1507 2091
8946 4 2 1 3 1184 2088 1137 2194
8947 4 2 1 3 715 698 577 1882
8948 4 2 1 3 1007 1008 1006 1834
8949 4 2 1 3 1195 995 1197 1947
8950 4 2 1 3 954 1239 1258 2072
8951 4 2 1 3 694 463 1722 2053
8952 4 2 1 3 868 163 1156 1157
8953 4 2 1 3 983 982 2039 2140
8954 4 2 1 3 1396 1398 1394 2191
8955 4 2 1 3 990 1863 2018 2081
8956 4 2 1 3 1514 1702 1747 2151
8957 4 2 1 3 880 1674 798 2155
8958 4 2 1 3 1431 1393 1453 2031
8959 4 2 1 3 293 1654 272 2124
8960 4 2 1 3 1239 1277 1081 2072
8961 4 2 1 3 1116 1105 1066 1671
8962 4 2 1 3 1606 1881 1785 1924
8963 4 2 1 3 692 479 485 2078
8964 4 2 1 3 516 1721 571 2183
8965 4 2 1 3 381 380 371 1694
8966 4 2 1 3 1805 1929 1587 2061
8967 4 2 1 3 1123 1687 1286 2098
8968 4 2 1 3 1668 2063 488 2176
8969 4 2 1 3 1511 1792 1655 2129
8970 4 2 1 3 973 1184 2049 2096
8971 4 2 1 3 548 591 1716 2185
8972 4 2 1 3 780 739 582 1959
8973 4 2 1 3 1495 1910 1630 2047
8974 4 2 1 3 1514 2084 1702 2151
8975 4 2 1 3 1793 2046 1463 2106
8976 4 2 1 3 1228 1051 1045 1966
8977 4 2 1 3 1285 1248 944 1948
8978 4 2 1 3 642 756 1331 1909
8979 4 2 1 3 987 988 982 1744
8980 4 2 1 3 1333 1336 2147 2152
8981 4 2 1 3 1665 2088 1184 2194
8982 4 2 1 3 483 493 1756 2159
8983 4 2 1 3 1505 1929 1805 2061
8984 4 2 1 3 222 384 271 13
8985 4 2 1 3 569 615 760 1926
8986 4 2 1 3 369 295 83 754
8987 4 2 1 3 1569 1865 1955 2037
8988 4 2 1 3 1378 790 2050 2142
8989 4 2 1 3 239 236 237 1924
8990 4 2 1 3 1047 1264 1818 1883
8991 4 2 1 3 1074 1007 1183 1850
8992 4 2 1 3 1229 2023 1880 2187
8993 4 2 1 3 1243 942 1265 2098
8994 4 2 1 3 302 1252 50 368
8995 4 2 1 3 1001 1080 1751 2200
8996 4 2 1 3 882 798 880 1674
8997 4 2 1 3 339 341 340 1843
8998 4 2 1 3 952 1065 1064 1660
8999 4 2 1 3 38 223 283 1170
9000 4 2 1 3 904 917 828 2029
9001 4 2 1 3 1776 677 2142 2158
9002 4 2 1 3 680 2131 1652 2154
9003 4 2 1 3 520 523 522 1765
9004 4 2 1 3 378 1946 640 2028
9005 4 2 1 3 1106 1853 1255 2040
9006 4 2 1 3 1677 1510 1955 2037
9007 4 2 1 3 1113 1674 2000 2155
9008 4 2 1 3 1768 1977 1534 2118
9009 4 2 1 3 1515 1876 2003 2112
9010 4 2 1 3 1599 2115 2006 2125
9011 4 2 1 3 1076 1877 1660 2107
9012 4 2 1 3 1515 2003 1935 2112
9013 4 2 1 3 486 664 500 1730
9014 4 2 1 3 688 483 497 2034
9015 4 2 1 3 1686 1946 1646 2160
9016 4 2 1 3 1011 1010 1187 1839
9017 4 2 1 3 1171 1892 1238 2026
9018 4 2 1 3 1370 1426 957 206
9019 4 2 1 3 1170 276 924 2085
9020 4 2 1 3 708 531 529 1922
9021 4 2 1 3 915 269 289 1787
9022 4 2 1 3 1127 1128 1214 2141
9023 4 2 1 3 471 472 474 1826
9024 4 2 1 3 1677 1862 1510 1989
9025 4 2 1 3 1395 1394 1393 1789
9026 4 2 1 3 78 752 373 310
9027 4 2 1 3 1171 1892 2026 2060
9028 4 2 1 3 55 307 1253 361
9029 4 2 1 3 1213 1073 1042 1698
9030 4 2 1 3 1345 815 180 872
9031 4 2 1 3 939 1258 1110 1720
9032 4 2 1 3 559 555 618 1750
9033 4 2 1 3 859 803 102 671
9034 4 2 1 3 1193 1998 1727 2200
9035 4 2 1 3 737 669 667 1688
9036 4 2 1 3 17 741 229 247
9037 4 2 1 3 1063 1217 1262 1682
9038 4 2 1 3 1512 1855 1633 1968
9039 4 2 1 3 378 300 96 437
9040 4 2 1 3 528 639 638 2102
9041 4 2 1 3 1703 1860 1492 2197
9042 4 2 1 3 390 387 294 1903
9043 4 2 1 3 235 1929 267 1997
9044 4 2 1 3 1523 1945 2056 2172
9045 4 2 1 3 904 828 826 1823
9046 4 2 1 3 269 273 1787 1986
9047 4 2 1 3 773 733 612 1731
9048 4 2 1 3 498 501 485 2078
9049 4 2 1 3 718 1445 1381 1988
9050 4 2 1 3 667 21 233 228
9051 4 2 1 3 624 448 91 372
9052 4 2 1 3 975 972 974 2111
9053 4 2 1 3 757 2076 2024 2181
9054 4 2 1 3 19 224 262 669
9055 4 2 1 3 1422 1424 1423 1745
9056 4 2 1 3 794 617 721 1939
9057 4 2 1 3 1560 2009 1635 2076
9058 4 2 1 3 661 874 104 1992
9059 4 2 1 3 620 559 619 1769
9060 4 2 1 3 1253 361 1874 2058
9061 4 2 1 3 1306 1224 1207 1879
9062 4 2 1 3 1297 815 180 1345
9063 4 2 1 3 1478 1930 1723 2113
9064 4 2 1 3 566 616 617 1788
9065 4 2 1 3 434 88 374 2077
9066 4 2 1 3 434 650 720 1695
9067 4 2 1 3 1380 1431 760 1926
9068 4 2 1 3 1396 2180 1399 2191
9069 4 2 1 3 1860 2166 1597 2197
9070 4 2 1 3 712 604 788 1792
9071 4 2 1 3 663 503 500 1897
9072 4 2 1 3 486 480 664 1730
9073 4 2 1 3 435 1912 1332 2062
9074 4 2 1 3 996 1037 1038 2095
9075 4 2 1 3 1505 1962 1820 2048
9076 4 2 1 3 609 611 1714 2166
9077 4 2 1 3 757 2009 2076 2181
9078 4 2 1 3 899 824 1913 2015
9079 4 2 1 3 970 2049 1184 2194
9080 4 2 1 3 516 1871 742 2011
9081 4 2 1 3 1399 2180 1666 2191
9082 4 2 1 3 1785 1846 1493 1881
9083 4 2 1 3 654 84 369 426
9084 4 2 1 3 156 1175 939 856
9085 4 2 1 3 1138 1949 1154 2067
9086 4 2 1 3 56 307 926 1155
9087 4 2 1 3 932 1851 1379 2010
9088 4 2 1 3 1038 1967 1204 2095
9089 4 2 1 3 1914 1921 1508 1987
9090 4 2 1 3 1564 1927 1756 1940
9091 4 2 1 3 887 912 861 1635
9092 4 2 1 3 864 158 1172 813
9093 4 2 1 3 1045 931 1377 1966
9094 4 2 1 3 907 805 897 1880
9095 4 2 1 3 81 357 303 665
9096 4 2 1 3 1628 2001 1953 2157
9097 4 2 1 3 1737 1904 1480 2048
9098 4 2 1 3 434 1695 720 2077
9099 4 2 1 3 1652 2131 1728 2154
9100 4 2 1 3 732 427 681 1703
9101 4 2 1 3 680 473 622 2154
9102 4 2 1 3 165 925 1148 853
9103 4 2 1 3 1103 1100 1080 1856
9104 4 2 1 3 305 367 1951 2068
9105 4 2 1 3 855 1813 909 2005
9106 4 2 1 3 886 1986 1787 2188
9107 4 2 1 3 326 392 329 1717
9108 4 2 1 3 647 109 812 425
9109 4 2 1 3 1510 2079 1869 2175
9110 4 2 1 3 1129 1256 936 1842
9111 4 2 1 3 555 560 618 1750
9112 4 2 1 3 898 841 842 2021
9113 4 2 1 3 679 1711 585 2117
9114 4 2 1 3 580 501 579 1678
9115 4 2 1 3 651 358 85 426
9116 4 2 1 3 303 666 80 665
9117 4 2 1 3 1507 1892 1885 2085
9118 4 2 1 3 1400 1397 1794 2180
9119 4 2 1 3 550 765 588 1696
9120 4 2 1 3 322 390 404 2141
9121 4 2 1 3 1678 1774 1483 2061
9122 4 2 1 3 1346 72 312 371
9123 4 2 1 3 1398 1376 2052 2191
9124 4 2 1 3 736 1846 668 1919
9125 4 2 1 3 1515 1665 2003 2088
9126 4 2 1 3 559 1769 620 1970
9127 4 2 1 3 684 473 680 1920
9128 4 2 1 3 1558 2099 1617 2127
9129 4 2 1 3 360 752 77 310
9130 4 2 1 3 1540 1920 1652 2120
9131 4 2 1 3 640 713 641 2028
9132 4 2 1 3 635 518 578 1844
9133 4 2 1 3 1396 1801 1397 2180
9134 4 2 1 3 1831 1907 1699 2161
9135 4 2 1 3 1628 1953 1750 2157
9136 4 2 1 3 1503 1773 1824 2110
9137 4 2 1 3 1322 1320 1323 1760
9138 4 2 1 3 272 293 222 1654
9139 4 2 1 3 893 833 911 1901
9140 4 2 1 3 967 1195 1139 1748
9141 4 2 1 3 25 254 672 2035
9142 4 2 1 3 1192 1031 981 2172
9143 4 2 1 3 519 521 1985 2182
9144 4 2 1 3 1154 1802 1191 2067
9145 4 2 1 3 1199 948 1214 1729
9146 4 2 1 3 1652 1521 2064 2120
9147 4 2 1 3 1329 1300 1358 1768
9148 4 2 1 3 1591 1668 1888 2063
9149 4 2 1 3 373 666 79 356
9150 4 2 1 3 1421 1375 1420 1649
9151 4 2 1 3 1025 1210 1283 1863
9152 4 2 1 3 1176 1037 1230 1921
9153 4 2 1 3 640 1946 713 2028
9154 4 2 1 3 1551 1742 1978 2168
9155 4 2 1 3 1227 1189 1025 2018
9156 4 2 1 3 1194 1137 1136 1723
9157 4 2 1 3 647 648 425 1683
9158 4 2 1 3 1746 1790 1561 1943
9159 4 2 1 3 335 336 334 1852
9160 4 2 1 3 1073 1698 1276 2184
9161 4 2 1 3 1399 1890 1666 2180
9162 4 2 1 3 628 789 711 2093
9163 4 2 1 3 707 1912 620 1990
9164 4 2 1 3 683 469 637 1718
9165 4 2 1 3 849 905 1887 2121
9166 4 2 1 3 910 857 813 1853
9167 4 2 1 3 1169 1012 1235 2026
9168 4 2 1 3 930 1260 1044 1890
9169 4 2 1 3 1582 1980 1816 2116
9170 4 2 1 3 500 499 1897 2170
9171 4 2 1 3 954 1258 1854 2072
9172 4 2 1 3 1055 1059 1118 1670
9173 4 2 1 3 1498 1867 1886 2054
9174 4 2 1 3 348 1858 347 2073
9175 4 2 1 3 1327 1326 1325 1878
9176 4 2 1 3 1059 1118 1670 2165
9177 4 2 1 3 433 111 810 2013
9178 4 2 1 3 43 263 1173 225
9179 4 2 1 3 1192 1201 1031 2043
9180 4 2 1 3 371 414 381 1694
9181 4 2 1 3 854 810 900 2014
9182 4 2 1 3 1541 1875 1850 2163
9183 4 2 1 3 386 301 418 1654
9184 4 2 1 3 1459 1639 1427 2192
9185 4 2 1 3 171 879 798 2155
9186 4 2 1 3 1110 1081 1071 1675
9187 4 2 1 3 1580 1936 1928 2044
9188 4 2 1 3 576 592 746 1746
9189 4 2 1 3 1523 2043 1945 2172
9190 4 2 1 3 1086 1087 1013 2127
9191 4 2 1 3 1238 1002 1012 2026
9192 4 2 1 3 640 378 96 437
9193 4 2 1 3 253 953 1240 1885
9194 4 2 1 3 602 730 788 1657
9195 4 2 1 3 1029 1027 981 1999
9196 4 2 1 3 1783 2080 1670 2165
9197 4 2 1 3 1383 217 1790 2103
9198 4 2 1 3 537 538 539 1677
9199 4 2 1 3 1712 1783 1553 1879
9200 4 2 1 3 541 1803 573 1989
9201 4 2 1 3 1051 1944 1222 1966
9202 4 2 1 3 609 1714 1837 2166
9203 4 2 1 3 692 699 678 1925
9204 4 2 1 3 1518 1715 1861 2083
9205 4 2 1 3 1691 1837 1713 2066
9206 4 2 1 3 1702 1813 1159 2084
9207 4 2 1 3 811 107 656 655
9208 4 2 1 3 1374 1418 1445 1741
9209 4 2 1 3 895 855 909 2005
9210 4 2 1 3 362 306 68 1257
9211 4 2 1 3 1561 1790 1746 2145
9212 4 2 1 3 1415 1417 1416 1816
9213 4 2 1 3 1383 217 1434 1790
9214 4 2 1 3 802 31 221 261
9215 4 2 1 3 929 1114 1382 1921
9216 4 2 1 3 1020 1023 1135 1707
9217 4 2 1 3 1306 1207 1341 1879
9218 4 2 1 3 671 1734 606 2087
9219 4 2 1 3 1432 1052 1056 2002
9220 4 2 1 3 144 1375 1462 429
9221 4 2 1 3 37 283 276 1170
9222 4 2 1 3 1635 2024 1542 2076
9223 4 2 1 3 446 788 730 1657
9224 4 2 1 3 1024 1209 1208 1795
9225 4 2 1 3 1345 1931 872 1956
9226 4 2 1 3 700 1979 531 2006
9227 4 2 1 3 952 1076 1660 2107
9228 4 2 1 3 983 982 1189 2039
9229 4 2 1 3 915 1175 818 1787
9230 4 2 1 3 1199 1285 1124 1642
9231 4 2 1 3 1226 1861 1148 2083
9232 4 2 1 3 862 836 803 1734
9233 4 2 1 3 1567 1760 1977 2108
9234 4 2 1 3 438 712 871 1792
9235 4 2 1 3 491 1726 528 2063
9236 4 2 1 3 971 1191 1802 2128
9237 4 2 1 3 368 402 302 1963
9238 4 2 1 3 480 1730 486 2161
9239 4 2 1 3 62 297 1124 944
9240 4 2 1 3 1065 952 1076 1660
9241 4 2 1 3 925 164 1156 868
9242 4 2 1 3 971 968 1191 2128
9243 4 2 1 3 1386 597 1832 1943
9244 4 2 1 3 557 1798 590 2164
9245 4 2 1 3 1038 1037 1039 1709
9246 4 2 1 3 1002 1003 1000 2042
9247 4 2 1 3 1282 1177 1061 1914
9248 4 2 1 3 703 643 1835 2118
9249 4 2 1 3 556 552 1374 1741
9250 4 2 1 3 1016 1026 994 2089
9251 4 2 1 3 225 265 281 1854
9252 4 2 1 3 851 849 906 1887
9253 4 2 1 3 1192 965 1201 2043
9254 4 2 1 3 1055 1670 1118 2110
9255 4 2 1 3 993 1015 994 1942
9256 4 2 1 3 355 360 353 1714
9257 4 2 1 3 1623 1886 1867 2054
9258 4 2 1 3 433 632 722 2014
9259 4 2 1 3 538 1677 1865 2037
9260 4 2 1 3 1296 1941 1309 2189
9261 4 2 1 3 621 707 620 1990
9262 4 2 1 3 1119 1059 1783 2165
9263 4 2 1 3 345 1810 394 2105
9264 4 2 1 3 252 16 733 229
9265 4 2 1 3 505 503 506 2174
9266 4 2 1 3 1521 1920 1652 2154
9267 4 2 1 3 1652 1920 1521 2120
9268 4 2 1 3 171 798 1125 2155
9269 4 2 1 3 634 1726 491 2122
9270 4 2 1 3 476 1907 2038 2156
9271 4 2 1 3 51 927 302 2144
9272 4 2 1 3 1094 1093 1284 1764
9273 4 2 1 3 690 1891 653 2102
9274 4 2 1 3 1372 1044 1439 1890
9275 4 2 1 3 1056 1661 1099 2187
9276 4 2 1 3 732 681 574 1860
9277 4 2 1 3 540 539 538 2037
9278 4 2 1 3 692 689 479 1699
9279 4 2 1 3 1075 2133 1231 2144
9280 4 2 1 3 266 219 24 1997
9281 4 2 1 3 578 1844 518 2132
9282 4 2 1 3 1204 1038 1205 1967
9283 4 2 1 3 1520 2086 2045 2099
9284 4 2 1 3 611 681 1896 2166
9285 4 2 1 3 63 297 388 1124
9286 4 2 1 3 548 570 591 2185
9287 4 2 1 3 654 369 83 754
9288 4 2 1 3 932 1216 1054 1851
9289 4 2 1 3 1637 1889 1546 2074
9290 4 2 1 3 226 928 42 263
9291 4 2 1 3 55 307 1155 1253
9292 4 2 1 3 1208 1029 1031 1934
9293 4 2 1 3 1207 1879 1120 2075
9294 4 2 1 3 1159 1283 1702 2084
9295 4 2 1 3 1117 2114 1941 2189
9296 4 2 1 3 1681 1507 2004 2085
9297 4 2 1 3 240 241 1785 2171
9298 4 2 1 3 438 871 801 1792
9299 4 2 1 3 321 405 324 1811
9300 4 2 1 3 671 803 102 423
9301 4 2 1 3 1280 1174 928 1820
9302 4 2 1 3 1867 1895 1623 2054
9303 4 2 1 3 431 1832 547 1983
9304 4 2 1 3 451 760 1431 1926
9305 4 2 1 3 1414 1415 1416 1763
9306 4 2 1 3 831 832 1917 1992
9307 4 2 1 3 434 631 88 2077
9308 4 2 1 3 558 1662 717 2164
9309 4 2 1 3 305 396 391 2068
9310 4 2 1 3 1148 925 1149 2083
9311 4 2 1 3 299 374 88 2077
9312 4 2 1 3 609 611 440 1714
9313 4 2 1 3 866 805 173 1880
9314 4 2 1 3 1502 1854 1787 2072
9315 4 2 1 3 234 235 220 1991
9316 4 2 1 3 217 216 1384 2103
9317 4 2 1 3 240 241 242 1785
9318 4 2 1 3 497 483 493 1756
9319 4 2 1 3 955 1121 1224 1956
9320 4 2 1 3 1750 1953 1549 2157
9321 4 2 1 3 538 1677 537 2135
9322 4 2 1 3 1455 1776 1428 2142
9323 4 2 1 3 1406 1708 2010 2139
9324 4 2 1 3 1504 2064 1782 2120
9325 4 2 1 3 1637 1528 2114 2189
9326 4 2 1 3 1378 2050 1610 2142
9327 4 2 1 3 872 1931 888 1956
9328 4 2 1 3 1403 1390 1392 1739
9329 4 2 1 3 1255 1172 939 1720
9330 4 2 1 3 340 1843 342 2032
9331 4 2 1 3 1306 195 1207 1224
9332 4 2 1 3 751 425 648 1683
9333 4 2 1 3 1645 1947 1692 2109
9334 4 2 1 3 51 302 393 2144
9335 4 2 1 3 510 574 507 2051
9336 4 2 1 3 1222 1091 1048 1725
9337 4 2 1 3 440 752 77 360
9338 4 2 1 3 643 436 756 1909
9339 4 2 1 3 1438 1414 1416 1763
9340 4 2 1 3 1193 985 1998 2200
9341 4 2 1 3 839 842 841 2021
9342 4 2 1 3 1143 956 1142 1694
9343 4 2 1 3 1541 1866 1704 2163
9344 4 2 1 3 850 1887 849 2045
9345 4 2 1 3 512 736 499 2170
9346 4 2 1 3 829 881 827 1938
9347 4 2 1 3 1088 1256 1243 1842
9348 4 2 1 3 1082 1009 1704 2091
9349 4 2 1 3 1236 1012 1169 2026
9350 4 2 1 3 1172 923 158 864
9351 4 2 1 3 1333 1335 1336 2152
9352 4 2 1 3 1378 790 457 2050
9353 4 2 1 3 410 364 1779 2160
9354 4 2 1 3 1272 289 1215 1787
9355 4 2 1 3 389 318 377 2017
9356 4 2 1 3 1301 935 2074 2075
9357 4 2 1 3 1307 1362 1346 1694
9358 4 2 1 3 305 1951 396 2068
9359 4 2 1 3 1139 2067 1748 2173
9360 4 2 1 3 1783 1879 1712 2075
9361 4 2 1 3 1289 1254 2153 2167
9362 4 2 1 3 227 279 253 1885
9363 4 2 1 3 842 839 882 2021
9364 4 2 1 3 662 517 1728 2154
9365 4 2 1 3 1052 1379 932 2002
9366 4 2 1 3 1478 2008 1771 2113
9367 4 2 1 3 1345 1349 1931 1956
9368 4 2 1 3 1531 1947 1748 2173
9369 4 2 1 3 540 1989 539 2037
9370 4 2 1 3 754 357 82 422
9371 4 2 1 3 1413 1371 1414 1682
9372 4 2 1 3 809 858 176 1140
9373 4 2 1 3 44 1173 265 225
9374 4 2 1 3 1056 1052 1098 2002
9375 4 2 1 3 806 938 858 1932
9376 4 2 1 3 1284 1113 1125 1674
9377 4 2 1 3 542 541 573 1989
9378 4 2 1 3 276 1240 36 924
9379 4 2 1 3 1143 1271 956 1694
9380 4 2 1 3 1530 1699 2078 2161
9381 4 2 1 3 1346 1327 1307 1694
9382 4 2 1 3 538 496 704 1865
9383 4 2 1 3 395 366 365 1686
9384 4 2 1 3 1425 1422 1936 2044
9385 4 2 1 3 546 551 545 1983
9386 4 2 1 3 1523 1930 1945 2043
9387 4 2 1 3 1175 915 1272 1787
9388 4 2 1 3 1060 1773 1053 2110
9389 4 2 1 3 349 348 347 2073
9390 4 2 1 3 672 230 26 454
9391 4 2 1 3 1304 1329 1359 1909
9392 4 2 1 3 1492 1858 1703 2073
9393 4 2 1 3 783 594 749 2097
9394 4 2 1 3 865 810 111 2013
9395 4 2 1 3 790 719 457 2142
9396 4 2 1 3 309 1166 53 408
9397 4 2 1 3 1155 1180 1108 1874
9398 4 2 1 3 1137 2088 1723 2194
9399 4 2 1 3 1540 1652 2055 2120
9400 4 2 1 3 687 419 458 2050
9401 4 2 1 3 781 1961 561 2146
9402 4 2 1 3 591 723 548 1716
9403 4 2 1 3 1167 1166 1075 2144
9404 4 2 1 3 808 819 116 2199
9405 4 2 1 3 1385 1409 1448 1732
9406 4 2 1 3 433 645 111 2013
9407 4 2 1 3 620 619 621 1769
9408 4 2 1 3 806 1212 938 1932
9409 4 2 1 3 304 319 372 1740
9410 4 2 1 3 1322 1323 1324 2108
9411 4 2 1 3 935 193 1301 2074
9412 4 2 1 3 915 886 269 1787
9413 4 2 1 3 1516 1666 1890 2180
9414 4 2 1 3 1393 1392 1373 2031
9415 4 2 1 3 1071 2040 1675 2089
9416 4 2 1 3 985 998 986 1812
9417 4 2 1 3 1798 1970 1549 2164
9418 4 2 1 3 700 691 531 1979
9419 4 2 1 3 671 423 606 1734
9420 4 2 1 3 875 108 811 2036
9421 4 2 1 3 924 1885 1281 2085
9422 4 2 1 3 430 1776 677 2142
9423 4 2 1 3 970 971 972 2049
9424 4 2 1 3 262 241 228 2171
9425 4 2 1 3 1126 173 805 1880
9426 4 2 1 3 438 712 119 871
9427 4 2 1 3 1212 175 806 938
9428 4 2 1 3 1541 1704 1866 1954
9429 4 2 1 3 1813 2005 1160 2084
9430 4 2 1 3 851 849 1887 2045
9431 4 2 1 3 1981 1982 1596 2112
9432 4 2 1 3 531 1922 708 2006
9433 4 2 1 3 1010 1007 1074 2133
9434 4 2 1 3 1510 1989 1862 2175
9435 4 2 1 3 547 549 548 1873
9436 4 2 1 3 1074 1850 1231 2133
9437 4 2 1 3 1558 2086 2099 2127
9438 4 2 1 3 1426 957 1290 2192
9439 4 2 1 3 1582 1862 1989 2175
9440 4 2 1 3 516 1871 1721 2183
9441 4 2 1 3 583 582 1937 2066
9442 4 2 1 3 1194 1201 1945 2043
9443 4 2 1 3 1120 1783 1059 2080
9444 4 2 1 3 1166 1167 52 408
9445 4 2 1 3 1255 1110 1071 2040
9446 4 2 1 3 1503 1824 1773 2001
9447 4 2 1 3 858 806 175 938
9448 4 2 1 3 420 21 233 667
9449 4 2 1 3 1496 1799 1710 2019
9450 4 2 1 3 324 392 326 2007
9451 4 2 1 3 1388 1772 1389 2143
9452 4 2 1 3 957 1218 1290 2192
9453 4 2 1 3 881 644 120 801
9454 4 2 1 3 1105 1116 1058 1671
9455 4 2 1 3 1503 1953 2001 2157
9456 4 2 1 3 423 606 1734 2126
9457 4 2 1 3 1253 1874 1108 2058
9458 4 2 1 3 1448 1409 1374 1960
9459 4 2 1 3 669 19 224 424
9460 4 2 1 3 883 1915 819 2199
9461 4 2 1 3 1401 1400 1397 1794
9462 4 2 1 3 861 860 816 2009
9463 4 2 1 3 1634 1523 1945 2056
9464 4 2 1 3 1341 1306 195 1207
9465 4 2 1 3 659 104 804 1992
9466 4 2 1 3 1146 1861 1226 2195
9467 4 2 1 3 1055 1057 1059 2080
9468 4 2 1 3 665 81 357 422
9469 4 2 1 3 435 1332 133 2062
9470 4 2 1 3 119 438 871 801
9471 4 2 1 3 1057 1889 1090 2080
9472 4 2 1 3 1052 1053 1098 1773
9473 4 2 1 3 808 883 819 2199
9474 4 2 1 3 880 1978 1674 2155
9475 4 2 1 3 221 269 30 1986
9476 4 2 1 3 1635 2016 1542 2024
9477 4 2 1 3 694 495 463 2053
9478 4 2 1 3 340 295 369 2032
9479 4 2 1 3 1296 1309 1310 2189
9480 4 2 1 3 946 866 173 1880
9481 4 2 1 3 1659 1985 1598 2190
9482 4 2 1 3 1106 1172 1255 1853
9483 4 2 1 3 1020 1022 1023 2123
9484 4 2 1 3 1142 1809 1145 1964
9485 4 2 1 3 1376 1399 1666 2191
9486 4 2 1 3 784 444 748 1754
9487 4 2 1 3 1346 1298 1369 1819
9488 4 2 1 3 1073 1276 1221 2184
9489 4 2 1 3 1170 38 223 1168
9490 4 2 1 3 410 364 387 1779
9491 4 2 1 3 1120 1203 935 2075
9492 4 2 1 3 1410 1741 1374 1960
9493 4 2 1 3 776 2011 673 2035
9494 4 2 1 3 1263 48 940 313
9495 4 2 1 3 1197 1139 1195 1748
9496 4 2 1 3 1358 1300 1356 1768
9497 4 2 1 3 463 464 1722 2201
9498 4 2 1 3 1653 2033 466 2137
9499 4 2 1 3 1450 1851 2002 2139
9500 4 2 1 3 1545 2018 1863 2081
9501 4 2 1 3 969 1184 1137 2194
9502 4 2 1 3 230 255 256 2024
9503 4 2 1 3 161 855 1160 1813
9504 4 2 1 3 1202 1103 1080 1962
9505 4 2 1 3 1650 2166 1896 2197
9506 4 2 1 3 1663 1842 1567 2134
9507 4 2 1 3 1301 1341 194 2075
9508 4 2 1 3 1301 2074 1350 2075
9509 4 2 1 3 1686 1946 395 2028
9510 4 2 1 3 1364 1344 725 2130
9511 4 2 1 3 1683 1887 1520 2036
9512 4 2 1 3 355 353 354 1973
9513 4 2 1 3 1727 1998 1576 2200
9514 4 2 1 3 1382 1114 204 1429
9515 4 2 1 3 1786 1880 1600 2023
9516 4 2 1 3 1396 1397 1399 2180
9517 4 2 1 3 948 63 388 1124
9518 4 2 1 3 1411 2002 1413 2196
9519 4 2 1 3 1531 1692 1947 2095
9520 4 2 1 3 1378 1610 1455 2142
9521 4 2 1 3 680 662 2131 2154
9522 4 2 1 3 1768 1968 1512 2136
9523 4 2 1 3 305 367 396 1951
9524 4 2 1 3 853 166 797 1861
9525 4 2 1 3 797 166 1146 1861
9526 4 2 1 3 284 1885 227 2085
9527 4 2 1 3 161 1160 921 1813
9528 4 2 1 3 1680 2138 1581 2184
9529 4 2 1 3 221 30 802 1986
9530 4 2 1 3 1413 1414 1412 2196
9531 4 2 1 3 1149 1086 1206 1872
9532 4 2 1 3 516 742 581 2011
9533 4 2 1 3 1516 1890 1794 2180
9534 4 2 1 3 891 807 898 1957
9535 4 2 1 3 1138 1154 1191 2067
9536 4 2 1 3 1090 1246 1278 1889
9537 4 2 1 3 601 453 741 1691
9538 4 2 1 3 469 470 468 2033
9539 4 2 1 3 263 278 226 1820
9540 4 2 1 3 837 835 836 1836
9541 4 2 1 3 79 427 666 373
9542 4 2 1 3 1246 2114 1117 2189
9543 4 2 1 3 1540 1907 1831 2161
9544 4 2 1 3 709 708 532 1922
9545 4 2 1 3 927 1252 50 302
9546 4 2 1 3 957 919 958 1753
9547 4 2 1 3 1091 1048 1725 2153
9548 4 2 1 3 752 427 78 373
9549 4 2 1 3 1459 1372 1439 1890
9550 4 2 1 3 861 2009 863 2181
9551 4 2 1 3 1085 1153 1209 1905
9552 4 2 1 3 973 1184 970 2049
9553 4 2 1 3 1361 1351 1316 1939
9554 4 2 1 3 1341 1879 1207 2075
9555 4 2 1 3 1791 1652 2064 2120
9556 4 2 1 3 1582 2079 1862 2175
9557 4 2 1 3 397 333 396 1951
9558 4 2 1 3 937 362 68 1257
9559 4 2 1 3 1120 1119 1059 1783
9560 4 2 1 3 452 565 576 1943
9561 4 2 1 3 1079 1080 1100 1751
9562 4 2 1 3 1250 926 1153 2071
9563 4 2 1 3 1182 1850 1183 2163
9564 4 2 1 3 1941 2114 1528 2189
9565 4 2 1 3 1214 948 1127 1729
9566 4 2 1 3 464 694 1722 2137
9567 4 2 1 3 1210 1087 1275 2127
9568 4 2 1 3 1196 1023 1024 2123
9569 4 2 1 3 846 847 848 1715
9570 4 2 1 3 590 1798 558 2164
9571 4 2 1 3 1576 1998 1727 2169
9572 4 2 1 3 1630 1910 1838 2047
9573 4 2 1 3 875 425 108 2036
9574 4 2 1 3 1398 1376 1444 2052
9575 4 2 1 3 315 762 76 360
9576 4 2 1 3 263 928 43 1173
9577 4 2 1 3 508 1728 517 2132
9578 4 2 1 3 1634 2113 1574 2128
9579 4 2 1 3 819 626 116 2199
9580 4 2 1 3 261 802 31 887
9581 4 2 1 3 231 1215 289 1787
9582 4 2 1 3 1088 1883 1049 2134
9583 4 2 1 3 1689 1537 2132 2182
9584 4 2 1 3 699 526 678 1925
9585 4 2 1 3 1719 1951 1679 2068
9586 4 2 1 3 317 320 319 1911
9587 4 2 1 3 660 497 685 1940
9588 4 2 1 3 609 440 612 1714
9589 4 2 1 3 1660 1877 1524 2107
9590 4 2 1 3 1455 1401 1428 1776
9591 4 2 1 3 1272 915 289 1787
9592 4 2 1 3 220 735 22 1991
9593 4 2 1 3 481 460 459 1804
9594 4 2 1 3 368 1252 49 313
9595 4 2 1 3 614 144 1462 429
9596 4 2 1 3 1176 1177 1042 1987
9597 4 2 1 3 1164 1181 1165 1845
9598 4 2 1 3 681 427 611 1896
9599 4 2 1 3 1688 1846 1785 2171
9600 4 2 1 3 601 583 743 2066
9601 4 2 1 3 951 1261 1376 209
9602 4 2 1 3 919 1753 1370 2069
9603 4 2 1 3 970 969 968 2194
9604 4 2 1 3 397 367 308 1951
9605 4 2 1 3 965 1945 1201 2043
9606 4 2 1 3 1126 946 173 1880
9607 4 2 1 3 825 801 1792 2129
9608 4 2 1 3 787 744 629 1768
9609 4 2 1 3 340 342 295 2032
9610 4 2 1 3 383 287 270 1829
9611 4 2 1 3 1226 1149 1043 2083
9612 4 2 1 3 1562 2000 1674 2155
9613 4 2 1 3 1129 942 1243 1842
9614 4 2 1 3 1139 1748 1197 2173
9615 4 2 1 3 911 1901 852 2045
9616 4 2 1 3 1789 1603 2012 2191
9617 4 2 1 3 513 491 2063 2122
9618 4 2 1 3 538 1865 705 2037
9619 4 2 1 3 1331 124 1304 756
9620 4 2 1 3 1582 2116 2079 2175
9621 4 2 1 3 1676 1845 1504 2096
9622 4 2 1 3 1507 1681 1892 2085
9623 4 2 1 3 1170 1171 2060 2085
9624 4 2 1 3 220 22 233 1991
9625 4 2 1 3 1030 1033 1034 2148
9626 4 2 1 3 475 1907 476 2156
9627 4 2 1 3 1015 2040 1071 2089
9628 4 2 1 3 827 828 1823 2129
9629 4 2 1 3 1436 1388 1818 2107
9630 4 2 1 3 585 679 522 1711
9631 4 2 1 3 527 719 677 1886
9632 4 2 1 3 1516 1840 1793 2148
9633 4 2 1 3 976 974 977 2111
9634 4 2 1 3 901 904 826 2015
9635 4 2 1 3 1520 1901 2045 2086
9636 4 2 1 3 1310 1314 1342 2189
9637 4 2 1 3 1653 1908 1506 1979
9638 4 2 1 3 965 1194 1201 1945
9639 4 2 1 3 944 61 406 1948
9640 4 2 1 3 1280 1241 1174 1962
9641 4 2 1 3 1674 1978 1562 2155
9642 4 2 1 3 851 850 849 2045
9643 4 2 1 3 472 475 474 1826
9644 4 2 1 3 453 743 612 1731
9645 4 2 1 3 778 736 668 1919
9646 4 2 1 3 748 767 596 1993
9647 4 2 1 3 912 887 802 1986
9648 4 2 1 3 865 111 645 2013
9649 4 2 1 3 582 509 583 1937
9650 4 2 1 3 1098 1773 1102 2023
9651 4 2 1 3 1146 1226 1147 2195
9652 4 2 1 3 857 1847 894 2188
9653 4 2 1 3 1520 2045 1887 2099
9654 4 2 1 3 737 512 670 1959
9655 4 2 1 3 1532 1699 1831 1907
9656 4 2 1 3 1086 1013 1014 1872
9657 4 2 1 3 308 57 375 2071
9658 4 2 1 3 299 88 631 2077
9659 4 2 1 3 855 814 160 2005
9660 4 2 1 3 717 558 605 1662
9661 4 2 1 3 1170 276 37 924
9662 4 2 1 3 1261 1439 1376 209
9663 4 2 1 3 219 428 24 1997
9664 4 2 1 3 978 976 977 2140
9665 4 2 1 3 1359 1324 1326 1878
9666 4 2 1 3 48 1263 370 313
9667 4 2 1 3 335 337 336 1852
9668 4 2 1 3 1380 1449 1431 1926
9669 4 2 1 3 764 1968 744 2136
9670 4 2 1 3 1513 2058 1874 2059
9671 4 2 1 3 1434 218 1460 1943
9672 4 2 1 3 1396 1395 1801 2191
9673 4 2 1 3 489 488 2063 2176
9674 4 2 1 3 1785 1846 1606 2171
9675 4 2 1 3 1427 1442 1426 2192
9676 4 2 1 3 61 407 406 1948
9677 4 2 1 3 512 737 668 1846
9678 4 2 1 3 1428 1380 544 1776
9679 4 2 1 3 343 401 394 2059
9680 4 2 1 3 250 1828 248 2124
9681 4 2 1 3 826 1823 828 2129
9682 4 2 1 3 602 598 730 1796
9683 4 2 1 3 1161 1160 2005 2084
9684 4 2 1 3 465 1979 1653 2201
9685 4 2 1 3 659 661 104 1992
9686 4 2 1 3 400 361 401 2058
9687 4 2 1 3 675 539 542 1989
9688 4 2 1 3 606 515 571 2087
9689 4 2 1 3 1193 1727 1179 2200
9690 4 2 1 3 596 569 595 1705
9691 4 2 1 3 676 561 1980 2146
9692 4 2 1 3 1582 1980 2116 2146
9693 4 2 1 3 1219 934 1131 2068
9694 4 2 1 3 607 519 521 1985
9695 4 2 1 3 1095 1069 1096 1952
9696 4 2 1 3 1080 1079 1001 1751
9697 4 2 1 3 774 657 656 1685
9698 4 2 1 3 1298 1348 1369 1819
9699 4 2 1 3 427 732 666 1703
9700 4 2 1 3 1097 1436 213 1818
9701 4 2 1 3 254 219 259 2035
9702 4 2 1 3 1341 1207 194 2075
9703 4 2 1 3 1661 2002 1767 2196
9704 4 2 1 3 556 598 552 1741
9705 4 2 1 3 1067 1068 1077 2052
9706 4 2 1 3 536 687 492 2178
9707 4 2 1 3 1816 1980 1519 2116
9708 4 2 1 3 259 260 258 1870
9709 4 2 1 3 929 1114 204 1382
9710 4 2 1 3 772 1364 725 2130
9711 4 2 1 3 269 273 231 1787
9712 4 2 1 3 1252 940 49 313
9713 4 2 1 3 1117 1941 1220 2189
9714 4 2 1 3 705 1865 704 2186
9715 4 2 1 3 972 975 1185 2092
9716 4 2 1 3 1344 1990 725 2130
9717 4 2 1 3 523 635 636 2115
9718 4 2 1 3 1165 1185 980 2092
9719 4 2 1 3 886 269 1787 1986
9720 4 2 1 3 1043 1206 1040 1761
9721 4 2 1 3 944 1131 61 1948
9722 4 2 1 3 672 454 776 2035
9723 4 2 1 3 1050 1049 1088 1883
9724 4 2 1 3 1478 1771 1930 2113
9725 4 2 1 3 253 1240 35 227
9726 4 2 1 3 1084 1182 1183 2163
9727 4 2 1 3 440 76 762 360
9728 4 2 1 3 1075 1839 1187 2133
9729 4 2 1 3 694 463 464 1722
9730 4 2 1 3 652 1752 750 2117
9731 4 2 1 3 193 1130 1343 2074
9732 4 2 1 3 1312 1311 1316 1780
9733 4 2 1 3 1653 1522 2033 2137
9734 4 2 1 3 1791 2055 1652 2120
9735 4 2 1 3 922 1166 53 309
9736 4 2 1 3 108 655 811 2036
9737 4 2 1 3 908 889 877 1978
9738 4 2 1 3 929 1230 1114 1921
9739 4 2 1 3 507 574 682 1860
9740 4 2 1 3 330 299 327 2077
9741 4 2 1 3 491 528 489 2063
9742 4 2 1 3 310 373 351 1896
9743 4 2 1 3 1701 1942 1571 2089
9744 4 2 1 3 1045 1046 931 1966
9745 4 2 1 3 325 327 359 1754
9746 4 2 1 3 1769 1578 1990 2152
9747 4 2 1 3 1519 2116 1980 2146
9748 4 2 1 3 851 893 911 1901
9749 4 2 1 3 1131 407 61 1948
9750 4 2 1 3 867 1986 886 2188
9751 4 2 1 3 423 738 606 2126
9752 4 2 1 3 1433 561 142 1961
9753 4 2 1 3 249 252 271 1731
9754 4 2 1 3 876 114 807 1957
9755 4 2 1 3 851 1901 911 2045
9756 4 2 1 3 634 528 1726 2186
9757 4 2 1 3 491 634 528 1726
9758 4 2 1 3 1530 2070 1730 2161
9759 4 2 1 3 1627 1902 1857 1972
9760 4 2 1 3 1193 1190 1179 1727
9761 4 2 1 3 472 473 684 1920
9762 4 2 1 3 1504 2055 1791 2120
9763 4 2 1 3 967 2067 1191 2128
9764 4 2 1 3 700 695 1908 2006
9765 4 2 1 3 750 679 585 2117
9766 4 2 1 3 1301 1343 1350 2074
9767 4 2 1 3 557 590 558 2164
9768 4 2 1 3 662 517 508 1728
9769 4 2 1 3 1155 1108 1253 1874
9770 4 2 1 3 235 267 266 1997
9771 4 2 1 3 853 1148 166 1861
9772 4 2 1 3 400 1874 361 2058
9773 4 2 1 3 593 594 783 2097
9774 4 2 1 3 1699 1907 1532 2038
9775 4 2 1 3 630 133 1295 2062
9776 4 2 1 3 227 284 279 1885
9777 4 2 1 3 493 2159 494 2183
9778 4 2 1 3 492 495 496 2053
9779 4 2 1 3 1041 1039 1042 1987
9780 4 2 1 3 555 557 554 2164
9781 4 2 1 3 1504 1791 2064 2120
9782 4 2 1 3 1519 1980 1961 2146
9783 4 2 1 3 615 767 534 1993
9784 4 2 1 3 817 121 881 1938
9785 4 2 1 3 391 329 407 1948
9786 4 2 1 3 276 284 227 2085
9787 4 2 1 3 202 1061 1441 1906
9788 4 2 1 3 950 1061 202 1906
9789 4 2 1 3 938 1104 1259 1932
9790 4 2 1 3 530 534 533 2158
9791 4 2 1 3 2000 2155 1562 2187
9792 4 2 1 3 697 565 566 2020
9793 4 2 1 3 510 1689 686 2051
9794 4 2 1 3 492 463 2053 2178
9795 4 2 1 3 51 1167 927 2144
9796 4 2 1 3 1512 1900 1760 1977
9797 4 2 1 3 653 690 471 1891
9798 4 2 1 3 1066 1974 1117 2114
9799 4 2 1 3 766 429 676 1980
9800 4 2 1 3 1408 1410 1960 2139
9801 4 2 1 3 1173 954 44 265
9802 4 2 1 3 1191 967 1139 2067
9803 4 2 1 3 1908 2006 695 2115
9804 4 2 1 3 1767 1960 1410 2139
9805 4 2 1 3 535 533 792 1781
9806 4 2 1 3 1039 1037 1176 1987
9807 4 2 1 3 255 259 258 1870
9808 4 2 1 3 171 1125 947 2155
9809 4 2 1 3 398 397 308 2071
9810 4 2 1 3 564 605 566 1788
9811 4 2 1 3 1435 1384 1407 2149
9812 4 2 1 3 993 1942 983 2039
9813 4 2 1 3 1108 2025 1107 2058
9814 4 2 1 3 1148 1146 166 1861
9815 4 2 1 3 1310 1311 1312 1780
9816 4 2 1 3 787 629 436 1768
9817 4 2 1 3 854 898 807 2014
9818 4 2 1 3 456 640 641 2028
9819 4 2 1 3 1111 927 1182 1963
9820 4 2 1 3 447 808 116 2199
9821 4 2 1 3 887 861 863 2181
9822 4 2 1 3 894 890 860 1847
9823 4 2 1 3 1281 1892 1171 2085
9824 4 2 1 3 1550 1875 1850 2177
9825 4 2 1 3 556 761 599 1923
9826 4 2 1 3 976 975 974 2111
9827 4 2 1 3 877 891 908 1742
9828 4 2 1 3 1653 1979 1584 2201
9829 4 2 1 3 1149 1226 1148 2083
9830 4 2 1 3 817 455 121 1938
9831 4 2 1 3 962 1192 960 2172
9832 4 2 1 3 696 704 495 2186
9833 4 2 1 3 316 445 94 2017
9834 4 2 1 3 1219 1131 1248 1948
9835 4 2 1 3 22 735 420 1991
9836 4 2 1 3 1330 1327 1325 1809
9837 4 2 1 3 1161 1766 997 2084
9838 4 2 1 3 984 983 993 1942
9839 4 2 1 3 1463 1667 2104 2106
9840 4 2 1 3 1656 2043 1523 2172
9841 4 2 1 3 860 1847 890 2193
9842 4 2 1 3 539 540 541 1989
9843 4 2 1 3 1708 1503 2139 2157
9844 4 2 1 3 636 1908 695 2115
9845 4 2 1 3 612 733 453 1731
9846 4 2 1 3 387 379 410 1779
9847 4 2 1 3 238 236 275 1805
9848 4 2 1 3 928 42 1233 226
9849 4 2 1 3 876 625 114 1957
9850 4 2 1 3 901 899 806 1932
9851 4 2 1 3 57 926 375 2071
9852 4 2 1 3 298 358 336 1752
9853 4 2 1 3 533 572 792 1781
9854 4 2 1 3 354 418 355 1973
9855 4 2 1 3 636 700 695 1908
9856 4 2 1 3 1375 1419 1420 1980
9857 4 2 1 3 1092 1076 1245 1877
9858 4 2 1 3 287 383 412 1829
9859 4 2 1 3 544 430 1428 1776
9860 4 2 1 3 1342 1343 192 1130
9861 4 2 1 3 1771 1971 1634 2113
9862 4 2 1 3 1938 1990 1578 2130
9863 4 2 1 3 1180 1022 1021 1757
9864 4 2 1 3 659 658 660 1992
9865 4 2 1 3 1101 953 1242 1885
9866 4 2 1 3 1207 1121 1120 1879
9867 4 2 1 3 441 131 721 1351
9868 4 2 1 3 594 714 2097 2146
9869 4 2 1 3 171 947 879 2155
9870 4 2 1 3 1150 934 1151 2068
9871 4 2 1 3 1343 1314 1350 2074
9872 4 2 1 3 1532 2038 1907 2156
9873 4 2 1 3 990 1863 1025 2018
9874 4 2 1 3 273 292 257 2016
9875 4 2 1 3 1171 1238 1012 2026
9876 4 2 1 3 108 425 655 2036
9877 4 2 1 3 932 1379 1216 2010
9878 4 2 1 3 1458 1105 197 1437
9879 4 2 1 3 516 581 571 1721
9880 4 2 1 3 516 494 1871 2183
9881 4 2 1 3 114 443 807 1957
9882 4 2 1 3 333 331 396 1719
9883 4 2 1 3 22 420 233 1991
9884 4 2 1 3 378 395 1946 2028
9885 4 2 1 3 345 394 350 2105
9886 4 2 1 3 466 2033 468 2137
9887 4 2 1 3 1446 200 1056 1432
9888 4 2 1 3 992 995 963 1947
9889 4 2 1 3 903 847 845 2121
9890 4 2 1 3 1087 1086 1251 2127
9891 4 2 1 3 1357 1879 1341 2075
9892 4 2 1 3 1052 1851 1053 2002
9893 4 2 1 3 1013 1863 990 2081
9894 4 2 1 3 269 886 30 1986
9895 4 2 1 3 1352 1333 1336 2147
9896 4 2 1 3 1862 2079 1510 2175
9897 4 2 1 3 1767 2002 1411 2196
9898 4 2 1 3 601 743 453 1691
9899 4 2 1 3 916 955 1273 1956
9900 4 2 1 3 131 441 1360 1351
9901 4 2 1 3 2070 2078 485 2161
9902 4 2 1 3 1452 1961 1381 1988
9903 4 2 1 3 789 769 551 2093
9904 4 2 1 3 1594 1858 1975 2177
9905 4 2 1 3 1748 2067 1684 2173
9906 4 2 1 3 1288 1222 1051 1944
9907 4 2 1 3 1787 1986 1502 2188
9908 4 2 1 3 957 919 1370 206
9909 4 2 1 3 1082 1083 1009 2091
9910 4 2 1 3 979 1998 980 2092
9911 4 2 1 3 1095 1199 1068 1952
9912 4 2 1 3 1276 1073 1213 1698
9913 4 2 1 3 268 716 27 2024
9914 4 2 1 3 517 578 518 2132
9915 4 2 1 3 1382 1914 929 1921
9916 4 2 1 3 1336 1350 1315 2147
9917 4 2 1 3 1160 855 160 2005
9918 4 2 1 3 1408 1708 1406 2139
9919 4 2 1 3 1500 1802 2067 2128
9920 4 2 1 3 1514 1813 1702 2084
9921 4 2 1 3 1892 2060 1171 2085
9922 4 2 1 3 897 822 823 1786
9923 4 2 1 3 668 736 512 1846
9924 4 2 1 3 467 466 468 2137
9925 4 2 1 3 634 491 514 2122
9926 4 2 1 3 686 510 511 1689
9927 4 2 1 3 903 902 865 2013
9928 4 2 1 3 886 802 30 1986
9929 4 2 1 3 1139 1028 1138 2067
9930 4 2 1 3 1162 160 814 2005
9931 4 2 1 3 960 1192 981 2172
9932 4 2 1 3 1441 1454 1415 1914
9933 4 2 1 3 1492 1975 1858 2177
9934 4 2 1 3 969 970 1184 2194
9935 4 2 1 3 573 793 646 1803
9936 4 2 1 3 1525 1838 1910 2047
9937 4 2 1 3 254 259 255 2035
9938 4 2 1 3 1140 858 176 938
9939 4 2 1 3 231 291 265 1854
9940 4 2 1 3 945 294 66 1903
9941 4 2 1 3 1691 1579 2057 2066
9942 4 2 1 3 453 17 741 229
9943 4 2 1 3 540 705 706 2037
9944 4 2 1 3 502 500 503 1897
9945 4 2 1 3 1121 1207 1224 1879
9946 4 2 1 3 644 438 120 801
9947 4 2 1 3 643 756 642 1909
9948 4 2 1 3 710 525 782 1724
9949 4 2 1 3 571 610 755 2087
9950 4 2 1 3 1281 1885 1101 2091
9951 4 2 1 3 561 450 142 1961
9952 4 2 1 3 759 677 430 1776
9953 4 2 1 3 220 23 735 734
9954 4 2 1 3 24 734 266 1997
9955 4 2 1 3 230 268 27 2024
9956 4 2 1 3 711 789 723 2093
9957 4 2 1 3 274 239 285 2179
9958 4 2 1 3 708 529 532 1922
9959 4 2 1 3 376 1133 66 1903
9960 4 2 1 3 1003 1004 1005 2042
9961 4 2 1 3 992 963 961 2109
9962 4 2 1 3 825 2015 826 2129
9963 4 2 1 3 343 345 344 1810
9964 4 2 1 3 945 66 1133 1903
9965 4 2 1 3 734 600 735 1991
9966 4 2 1 3 1094 1062 1093 1764
9967 4 2 1 3 476 2038 478 2156
9968 4 2 1 3 1229 1126 1223 1880
9969 4 2 1 3 627 448 715 1740
9970 4 2 1 3 1187 1839 1010 2133
9971 4 2 1 3 1431 760 149 1380
9972 4 2 1 3 749 632 443 2014
9973 4 2 1 3 825 824 826 2015
9974 4 2 1 3 1706 2116 1519 2146
9975 4 2 1 3 276 283 246 2085
9976 4 2 1 3 599 730 598 1796
9977 4 2 1 3 554 717 1732 2164
9978 4 2 1 3 1496 2019 1710 2162
9979 4 2 1 3 268 716 2024 2181
9980 4 2 1 3 1074 1182 1231 1850
9981 4 2 1 3 23 220 266 734
9982 4 2 1 3 526 516 494 1871
9983 4 2 1 3 1507 1704 1954 2091
9984 4 2 1 3 279 251 250 1828
9985 4 2 1 3 474 475 476 2156
9986 4 2 1 3 997 1161 1186 1766
9987 4 2 1 3 852 868 850 2045
9988 4 2 1 3 705 704 634 2186
9989 4 2 1 3 1265 1123 1286 2098
9990 4 2 1 3 844 843 845 1822
9991 4 2 1 3 1295 1332 1352 2062
9992 4 2 1 3 339 337 399 1841
9993 4 2 1 3 477 653 474 2156
9994 4 2 1 3 1824 1953 1511 2001
9995 4 2 1 3 402 368 403 1963
9996 4 2 1 3 1406 2010 1450 2139
9997 4 2 1 3 294 376 66 1903
9998 4 2 1 3 1100 1233 1234 1856
9999 4 2 1 3 1051 1270 1288 1944
10000 4 2 1 3 1214 1128 1270 1918
10001 4 2 1 3 1435 217 1384 2149
10002 4 2 1 3 1063 1062 950 1906
10003 4 2 1 3 779 1950 603 1997
10004 4 2 1 3 1961 2097 1519 2146
10005 4 2 1 3 114 625 443 1957
10006 4 2 1 3 1264 931 1047 1818
10007 4 2 1 3 442 764 623 1968
10008 4 2 1 3 1539 1930 1876 2125
10009 4 2 1 3 1706 1467 2116 2175
10010 4 2 1 3 426 750 652 1752
10011 4 2 1 3 1102 1098 1060 1773
10012 4 2 1 3 351 353 310 1896
10013 4 2 1 3 1509 2101 1831 2169
10014 4 2 1 3 825 827 801 2129
10015 4 2 1 3 500 1897 502 2170
10016 4 2 1 3 1753 2069 1188 2109
10017 4 2 1 3 630 747 777 2062
10018 4 2 1 3 1024 1208 1196 1795
10019 4 2 1 3 662 622 517 2154
10020 4 2 1 3 831 804 832 1992
10021 4 2 1 3 1027 959 1999 2100
10022 4 2 1 3 140 1374 1445 556
10023 4 2 1 3 320 317 379 1911
10024 4 2 1 3 1545 1859 1888 1995
10025 4 2 1 3 270 232 272 1829
10026 4 2 1 3 1193 1001 985 2200
10027 4 2 1 3 783 1957 625 1996
10028 4 2 1 3 1027 1218 959 2100
10029 4 2 1 3 606 2087 1734 2126
10030 4 2 1 3 1012 2026 1236 2060
10031 4 2 1 3 700 1908 1979 2006
10032 4 2 1 3 370 383 386 1829
10033 4 2 1 3 1089 1065 1076 1877
10034 4 2 1 3 1377 213 1436 1818
10035 4 2 1 3 447 613 1996 2199
10036 4 2 1 3 703 753 643 2118
10037 4 2 1 3 1505 1856 1820 1962
10038 4 2 1 3 1246 1117 941 2189
10039 4 2 1 3 554 717 432 1732
10040 4 2 1 3 193 935 1130 2074
10041 4 2 1 3 703 643 768 1835
10042 4 2 1 3 251 248 250 1828
10043 4 2 1 3 395 300 378 1946
10044 4 2 1 3 899 901 824 2015
10045 4 2 1 3 1098 1053 1060 1773
10046 4 2 1 3 1677 1989 1510 2037
10047 4 2 1 3 1032 1030 1029 1934
10048 4 2 1 3 1167 51 393 2144
10049 4 2 1 3 895 896 814 2005
10050 4 2 1 3 1519 1961 1673 2097
10051 4 2 1 3 377 316 94 2017
10052 4 2 1 3 1340 1318 1321 1855
10053 4 2 1 3 553 554 432 1732
10054 4 2 1 3 504 582 739 1937
10055 4 2 1 3 981 959 960 1999
10056 4 2 1 3 1538 1772 2143 2150
10057 4 2 1 3 1360 630 132 1295
10058 4 2 1 3 1171 2026 1012 2060
10059 4 2 1 3 215 1405 216 1884
10060 4 2 1 3 1585 1908 2115 2125
10061 4 2 1 3 124 1331 642 756
10062 4 2 1 3 1082 1892 1281 2091
10063 4 2 1 3 950 202 1371 1906
10064 4 2 1 3 644 881 121 1938
10065 4 2 1 3 1410 1418 1374 1741
10066 4 2 1 3 880 907 889 1978
10067 4 2 1 3 1170 924 1171 2085
10068 4 2 1 3 1591 2063 1726 2122
10069 4 2 1 3 1356 1337 1355 1968
10070 4 2 1 3 1066 1884 1064 1974
10071 4 2 1 3 1870 2016 1542 2065
10072 4 2 1 3 480 479 475 1907
10073 4 2 1 3 447 116 626 2199
10074 4 2 1 3 716 757 2024 2181
10075 4 2 1 3 746 592 765 2136
10076 4 2 1 3 1672 1554 2102 2198
10077 4 2 1 3 417 312 371 1819
10078 4 2 1 3 677 1776 759 2158
10079 4 2 1 3 1439 1372 208 1044
10080 4 2 1 3 16 453 733 229
10081 4 2 1 3 469 466 693 2033
10082 4 2 1 3 425 751 655 2036
10083 4 2 1 3 851 911 852 2045
10084 4 2 1 3 914 288 261 2181
10085 4 2 1 3 1769 1990 1912 2152
10086 4 2 1 3 100 674 863 2009
10087 4 2 1 3 884 955 916 1956
10088 4 2 1 3 923 1172 1106 1853
10089 4 2 1 3 341 400 401 2059
10090 4 2 1 3 1338 1355 1337 1968
10091 4 2 1 3 1720 1853 1501 2040
10092 4 2 1 3 479 1907 480 2161
10093 4 2 1 3 1665 2049 1574 2194
10094 4 2 1 3 1001 1200 1080 2200
10095 4 2 1 3 1866 1954 1704 2091
10096 4 2 1 3 561 1433 766 1980
10097 4 2 1 3 1411 2002 1767 2139
10098 4 2 1 3 1218 2100 930 2192
10099 4 2 1 3 1083 1242 1866 2091
10100 4 2 1 3 662 1728 2131 2154
10101 4 2 1 3 998 1079 1235 1933
10102 4 2 1 3 1912 1990 1305 2152
10103 4 2 1 3 633 94 445 2017
10104 4 2 1 3 630 435 133 2062
10105 4 2 1 3 1428 1401 1380 1776
10106 4 2 1 3 1402 1456 1427 1815
10107 4 2 1 3 884 872 888 1956
10108 4 2 1 3 812 905 903 2121
10109 4 2 1 3 1261 1439 1044 1890
10110 4 2 1 3 1532 1972 1898 1984
10111 4 2 1 3 1492 2073 1703 2197
10112 4 2 1 3 669 737 670 1688
10113 4 2 1 3 57 308 1152 2071
10114 4 2 1 3 1381 1433 142 1961
10115 4 2 1 3 1057 1090 1203 2080
10116 4 2 1 3 1284 943 1249 2138
10117 4 2 1 3 1236 1168 1170 2060
10118 4 2 1 3 1730 2070 486 2161
10119 4 2 1 3 1461 1385 137 605
10120 4 2 1 3 100 863 816 2009
10121 4 2 1 3 546 431 547 1983
10122 4 2 1 3 739 1959 512 2170
10123 4 2 1 3 1373 545 729 2031
10124 4 2 1 3 1113 2000 1262 2187
10125 4 2 1 3 1538 2143 1832 2150
10126 4 2 1 3 913 1339 1364 2130
10127 4 2 1 3 1255 939 1110 1720
10128 4 2 1 3 477 482 487 1775
10129 4 2 1 3 1381 142 450 1961
10130 4 2 1 3 287 1232 232 1829
10131 4 2 1 3 543 706 648 1807
10132 4 2 1 3 300 395 389 1946
10133 4 2 1 3 1177 929 1914 1921
10134 4 2 1 3 1447 1386 153 1832
10135 4 2 1 3 256 255 257 2016
10136 4 2 1 3 940 1252 1111 1963
10137 4 2 1 3 500 502 499 2170
10138 4 2 1 3 1234 1233 41 282
10139 4 2 1 3 1159 1813 1160 2084
10140 4 2 1 3 538 705 540 2037
10141 4 2 1 3 1246 1130 1278 2074
10142 4 2 1 3 766 1375 429 1980
10143 4 2 1 3 1152 1225 1153 2071
10144 4 2 1 3 760 149 451 1431
10145 4 2 1 3 323 324 325 2007
10146 4 2 1 3 202 1441 1371 1906
10147 4 2 1 3 1415 1371 1441 1906
10148 4 2 1 3 594 2097 781 2146
10149 4 2 1 3 1857 1902 1533 1972
10150 4 2 1 3 680 622 662 2154
10151 4 2 1 3 530 1886 677 2158
10152 4 2 1 3 993 983 997 2039
10153 4 2 1 3 210 1444 1376 1067
10154 4 2 1 3 1054 1053 1851 2110
10155 4 2 1 3 1263 412 370 1829
10156 4 2 1 3 394 345 343 1810
10157 4 2 1 3 740 2024 757 2076
10158 4 2 1 3 250 293 272 2124
10159 4 2 1 3 363 364 365 2160
10160 4 2 1 3 835 834 832 1917
10161 4 2 1 3 1726 2063 491 2122
10162 4 2 1 3 465 691 1979 2201
10163 4 2 1 3 455 644 121 1938
10164 4 2 1 3 527 677 530 1886
10165 4 2 1 3 931 1097 213 1818
10166 4 2 1 3 1503 1953 1824 2001
10167 4 2 1 3 1416 1417 1419 1816
10168 4 2 1 3 1381 1452 1433 1961
10169 4 2 1 3 1046 1051 1222 1966
10170 4 2 1 3 1105 1458 1064 1884
10171 4 2 1 3 1120 1059 1203 2080
10172 4 2 1 3 951 210 1376 1067
10173 4 2 1 3 1305 135 1344 1990
10174 4 2 1 3 983 978 982 2140
10175 4 2 1 3 508 517 511 2132
10176 4 2 1 3 1160 1813 855 2005
10177 4 2 1 3 609 1837 584 2166
10178 4 2 1 3 757 2009 610 2076
10179 4 2 1 3 226 41 1233 282
10180 4 2 1 3 438 758 604 1792
10181 4 2 1 3 151 1453 1373 2031
10182 4 2 1 3 430 1428 1776 2142
10183 4 2 1 3 880 879 907 2155
10184 4 2 1 3 1514 2005 1813 2084
10185 4 2 1 3 718 563 761 1923
10186 4 2 1 3 1141 1145 1142 1809
10187 4 2 1 3 437 713 640 1946
10188 4 2 1 3 536 492 496 2135
10189 4 2 1 3 1550 1850 2133 2177
10190 4 2 1 3 508 507 506 2174
10191 4 2 1 3 490 489 488 2063
10192 4 2 1 3 1013 1210 990 1863
10193 4 2 1 3 583 584 609 1837
10194 4 2 1 3 849 847 905 2121
10195 4 2 1 3 464 467 694 2137
10196 4 2 1 3 979 980 975 2092
10197 4 2 1 3 1035 1032 1209 1905
10198 4 2 1 3 827 826 828 2129
10199 4 2 1 3 971 1191 1154 1802
10200 4 2 1 3 958 1753 1188 2109
10201 4 2 1 3 1441 1061 1268 1914
10202 4 2 1 3 194 935 1301 2075
10203 4 2 1 3 1066 1198 1117 1974
10204 4 2 1 3 363 380 306 1758
10205 4 2 1 3 1275 1157 1158 2119
10206 4 2 1 3 497 493 685 1756
10207 4 2 1 3 464 466 2137 2201
10208 4 2 1 3 151 1373 729 2031
10209 4 2 1 3 287 1274 1232 1829
10210 4 2 1 3 463 462 464 2201
10211 4 2 1 3 1160 160 1162 2005
10212 4 2 1 3 476 478 477 2156
10213 4 2 1 3 1357 1367 1341 1879
10214 4 2 1 3 1352 1353 1295 2062
10215 4 2 1 3 854 900 898 2014
10216 4 2 1 3 1077 1270 1228 1918
10217 4 2 1 3 1113 1262 1223 2187
10218 4 2 1 3 809 884 917 2029
10219 4 2 1 3 220 233 234 1991
10220 4 2 1 3 791 455 621 1938
10221 4 2 1 3 899 824 822 1913
10222 4 2 1 3 400 399 307 1874
10223 4 2 1 3 1436 1387 1388 2107
10224 4 2 1 3 783 625 613 1996
10225 4 2 1 3 139 1448 552 432
10226 4 2 1 3 464 465 466 2201
10227 4 2 1 3 513 491 490 2063
10228 4 2 1 3 1097 1436 1818 2107
10229 4 2 1 3 1467 1869 2079 2175
10230 4 2 1 3 1287 946 1229 1880
10231 4 2 1 3 465 462 691 2201
10232 4 2 1 3 594 781 714 2146
10233 4 2 1 3 377 94 633 2017
10234 4 2 1 3 725 1344 135 1990
10235 4 2 1 3 1666 2180 1801 2191
10236 4 2 1 3 1305 1333 1912 2152
10237 4 2 1 3 901 806 858 1932
10238 4 2 1 3 54 309 361 2058
10239 4 2 1 3 1723 2088 1665 2194
10240 4 2 1 3 870 1813 921 2119
10241 4 2 1 3 924 1281 1171 2085
10242 4 2 1 3 299 330 374 2077
10243 4 2 1 3 1163 1006 1008 1834
10244 4 2 1 3 1181 1164 1163 1845
10245 4 2 1 3 24 428 734 1997
10246 4 2 1 3 447 724 613 2199
10247 4 2 1 3 1274 412 1263 1829
10248 4 2 1 3 711 786 633 2017
10249 4 2 1 3 1171 1012 1236 2060
10250 4 2 1 3 973 970 972 2049
10251 4 2 1 3 1326 1324 1325 1878
10252 4 2 1 3 1383 216 217 2103
10253 4 2 1 3 1609 2045 1901 2086
10254 4 2 1 3 787 765 744 2136
10255 4 2 1 3 789 551 723 2093
10256 4 2 1 3 1077 1918 1228 2052
10257 4 2 1 3 1224 1365 1273 1956
10258 4 2 1 3 1036 992 1188 2109
10259 4 2 1 3 597 576 746 1943
10260 4 2 1 3 1450 1851 1379 2002
10261 4 2 1 3 455 1938 817 2130
10262 4 2 1 3 450 562 563 1961
10263 4 2 1 3 581 740 610 2076
10264 4 2 1 3 887 914 261 2181
10265 4 2 1 3 1044 1115 1261 1890
10266 4 2 1 3 885 1339 913 2130
10267 4 2 1 3 641 768 643 1835
10268 4 2 1 3 194 1207 935 2075
10269 4 2 1 3 829 817 1938 2130
10270 4 2 1 3 916 1345 872 1956
10271 4 2 1 3 1030 1178 2100 2148
10272 4 2 1 3 1407 1406 1708 1868
10273 4 2 1 3 1504 1782 1969 2120
10274 4 2 1 3 538 537 496 2135
10275 4 2 1 3 1282 1061 1062 1906
10276 4 2 1 3 57 1152 926 2071
10277 4 2 1 3 930 208 1372 1044
10278 4 2 1 3 834 831 832 1917
10279 4 2 1 3 1139 1197 1028 2173
10280 4 2 1 3 912 1986 867 2188
10281 4 2 1 3 1251 1156 1087 2127
10282 4 2 1 3 1538 1983 1832 2143
10283 4 2 1 3 1375 766 1433 1980
10284 4 2 1 3 1068 1069 1095 1952
10285 4 2 1 3 1499 1928 1745 2044
10286 4 2 1 3 879 880 798 2155
10287 4 2 1 3 1188 1753 919 2069
10288 4 2 1 3 1345 1306 1349 1956
10289 4 2 1 3 883 823 820 1915
10290 4 2 1 3 1530 2078 2070 2161
10291 4 2 1 3 605 616 566 1788
10292 4 2 1 3 902 845 843 1822
10293 4 2 1 3 1380 148 1428 544
10294 4 2 1 3 1352 1336 1315 2147
10295 4 2 1 3 1331 1304 1366 1909
10296 4 2 1 3 1379 1851 1450 2010
10297 4 2 1 3 1268 1382 1441 1914
10298 4 2 1 3 352 351 349 2073
10299 4 2 1 3 1723 2113 1945 2194
10300 4 2 1 3 761 556 718 1923
10301 4 2 1 3 1011 1018 1017 2030
10302 4 2 1 3 426 652 651 1752
10303 4 2 1 3 1363 123 1331 770
10304 4 2 1 3 115 876 808 1996
10305 4 2 1 3 1297 1345 1349 1931
10306 4 2 1 3 337 339 338 1841
10307 4 2 1 3 924 1101 1281 1885
10308 4 2 1 3 455 817 772 2130
10309 4 2 1 3 1301 1350 1357 2075
10310 4 2 1 3 443 783 749 1957
10311 4 2 1 3 871 825 801 1792
10312 4 2 1 3 1365 1224 1306 1956
10313 4 2 1 3 516 526 742 1871
10314 4 2 1 3 302 409 393 2144
10315 4 2 1 3 54 922 309 2058
10316 4 2 1 3 1703 2073 1896 2197
10317 4 2 1 3 1896 2073 1650 2197
10318 4 2 1 3 1047 1050 1264 1883
10319 4 2 1 3 576 589 592 1746
10320 4 2 1 3 772 817 913 2130
10321 4 2 1 3 286 413 14 384
10322 4 2 1 3 523 695 524 2115
10323 4 2 1 3 331 328 391 1958
10324 4 2 1 3 230 27 454 2024
10325 4 2 1 3 312 417 385 1819
10326 4 2 1 3 191 1220 1296 2189
10327 4 2 1 3 601 1691 2057 2066
10328 4 2 1 3 280 278 263 1820
10329 4 2 1 3 151 729 1453 2031
10330 4 2 1 3 586 514 513 2122
10331 4 2 1 3 685 738 660 2126
10332 4 2 1 3 876 625 1957 1996
10333 4 2 1 3 238 267 235 1929
10334 4 2 1 3 1142 1145 1247 1964
10335 4 2 1 3 953 1240 35 253
10336 4 2 1 3 439 100 816 2009
10337 4 2 1 3 1291 1259 1119 2165
10338 4 2 1 3 1052 1432 1379 2002
10339 4 2 1 3 857 894 867 2188
10340 4 2 1 3 730 1796 724 2199
10341 4 2 1 3 993 994 984 1942
10342 4 2 1 3 1275 1087 1156 2127
10343 4 2 1 3 1405 1406 1868 2010
10344 4 2 1 3 266 267 219 1997
10345 4 2 1 3 1130 192 1342 941
10346 4 2 1 3 289 269 231 1787
10347 4 2 1 3 935 1207 1120 2075
10348 4 2 1 3 454 27 716 2024
10349 4 2 1 3 414 1346 71 1362
10350 4 2 1 3 1887 2045 1617 2099
10351 4 2 1 3 888 872 815 1931
10352 4 2 1 3 1200 1193 1179 2200
10353 4 2 1 3 458 461 687 2178
10354 4 2 1 3 560 602 604 2022
10355 4 2 1 3 1796 1915 1551 2199
10356 4 2 1 3 1065 1066 1064 1974
10357 4 2 1 3 1075 1231 1167 2144
10358 4 2 1 3 574 681 682 1860
10359 4 2 1 3 1223 947 1113 2155
10360 4 2 1 3 447 115 808 1996
10361 4 2 1 3 54 361 1253 2058
10362 4 2 1 3 1392 1390 1391 2143
10363 4 2 1 3 832 804 874 1992
10364 4 2 1 3 261 32 288 914
10365 4 2 1 3 383 287 11 270
10366 4 2 1 3 411 1347 74 382
10367 4 2 1 3 949 1308 190 1941
10368 4 2 1 3 813 864 910 1853
10369 4 2 1 3 268 288 716 2181
10370 4 2 1 3 1241 1280 1202 1962
10371 4 2 1 3 995 996 1204 2095
10372 4 2 1 3 1216 1379 1437 2010
10373 4 2 1 3 190 1296 1220 1941
10374 4 2 1 3 922 1108 1107 2058
10375 4 2 1 3 1005 1009 1183 2163
10376 4 2 1 3 1305 707 135 1990
10377 4 2 1 3 962 963 964 2056
10378 4 2 1 3 1247 1070 1254 2153
10379 4 2 1 3 8 452 218 564
10380 4 2 1 3 1510 1869 1803 2175
10381 4 2 1 3 18 247 224 2057
10382 4 2 1 3 519 520 521 2182
10383 4 2 1 3 1177 1176 929 1921
10384 4 2 1 3 1025 990 1210 1863
10385 4 2 1 3 661 659 660 1992
10386 4 2 1 3 676 561 766 1980
10387 4 2 1 3 1458 215 1064 1884
10388 4 2 1 3 1161 1160 1162 2005
10389 4 2 1 3 1397 1395 1449 1801
10390 4 2 1 3 916 1365 1345 1956
10391 4 2 1 3 820 819 883 1915
10392 4 2 1 3 863 2009 674 2181
10393 4 2 1 3 1431 150 451 567
10394 4 2 1 3 688 488 482 2034
10395 4 2 1 3 744 764 442 1968
10396 4 2 1 3 904 858 809 2029
10397 4 2 1 3 439 674 100 2009
10398 4 2 1 3 1334 1305 1990 2152
10399 4 2 1 3 1445 1418 1381 1988
10400 4 2 1 3 1431 1453 150 567
10401 4 2 1 3 568 569 451 1926
10402 4 2 1 3 428 672 673 2035
10403 4 2 1 3 592 764 744 2136
10404 4 2 1 3 1175 1272 1215 1787
10405 4 2 1 3 307 361 400 1874
10406 4 2 1 3 632 749 722 2014
10407 4 2 1 3 430 1428 148 544
10408 4 2 1 3 646 727 645 2013
10409 4 2 1 3 990 1025 988 2018
10410 4 2 1 3 955 178 916 1273
10411 4 2 1 3 1064 10 952 215
10412 4 2 1 3 449 130 1302 1939
10413 4 2 1 3 1364 913 182 1339
10414 4 2 1 3 705 538 704 1865
10415 4 2 1 3 1175 1215 1258 1787
10416 4 2 1 3 685 515 606 2126
10417 4 2 1 3 284 245 251 2004
10418 4 2 1 3 1452 1419 1433 1980
10419 4 2 1 3 1409 1408 1410 1960
10420 4 2 1 3 1216 197 1105 1437
10421 4 2 1 3 1441 1382 1454 1914
10422 4 2 1 3 486 2070 485 2161
10423 4 2 1 3 950 201 1217 1371
10424 4 2 1 3 506 507 505 2174
10425 4 2 1 3 393 409 350 2144
10426 4 2 1 3 365 410 389 2160
10427 4 2 1 3 1305 1332 134 1912
10428 4 2 1 3 1377 931 213 1818
10429 4 2 1 3 1734 2087 1613 2126
10430 4 2 1 3 781 562 561 1961
10431 4 2 1 3 562 781 594 2097
10432 4 2 1 3 634 696 528 2186
10433 4 2 1 3 745 686 607 1985
10434 4 2 1 3 676 781 561 2146
10435 4 2 1 3 919 1370 205 2069
10436 4 2 1 3 1099 2023 1229 2187
10437 4 2 1 3 431 1447 153 1832
10438 4 2 1 3 742 779 673 2011
10439 4 2 1 3 949 190 1220 1941
10440 4 2 1 3 492 463 495 2053
10441 4 2 1 3 931 1264 1097 1818
10442 4 2 1 3 1167 1231 927 2144
10443 4 2 1 3 1113 947 1125 2155
10444 4 2 1 3 438 604 712 1792
10445 4 2 1 3 793 573 541 1803
10446 4 2 1 3 867 912 886 1986
10447 4 2 1 3 115 625 876 1996
10448 4 2 1 3 676 542 714 2146
10449 4 2 1 3 894 857 890 1847
10450 4 2 1 3 987 1138 989 1949
10451 4 2 1 3 1159 1227 1283 2084
10452 4 2 1 3 1053 1052 932 1851
10453 4 2 1 3 631 434 720 2077
10454 4 2 1 3 501 699 692 2078
10455 4 2 1 3 1534 1977 1768 2108
10456 4 2 1 3 597 153 1386 1832
10457 4 2 1 3 1506 1979 1908 2006
10458 4 2 1 3 956 183 1307 1271
10459 4 2 1 3 1391 1389 1832 2143
10460 4 2 1 3 271 286 14 384
10461 4 2 1 3 54 1253 922 2058
10462 4 2 1 3 243 241 244 2090
10463 4 2 1 3 516 571 515 2183
10464 4 2 1 3 515 493 494 2183
10465 4 2 1 3 447 1996 808 2199
10466 4 2 1 3 779 603 428 1997
10467 4 2 1 3 1089 1092 1265 1877
10468 4 2 1 3 552 1448 139 1374
10469 4 2 1 3 1138 987 1154 1949
10470 4 2 1 3 610 757 439 2009
10471 4 2 1 3 853 797 846 1861
10472 4 2 1 3 269 221 273 1986
10473 4 2 1 3 788 604 602 2022
10474 4 2 1 3 674 2009 757 2181
10475 4 2 1 3 1540 2055 1969 2120
10476 4 2 1 3 872 179 1345 916
10477 4 2 1 3 1521 2003 1935 2064
10478 4 2 1 3 1429 205 1370 2069
10479 4 2 1 3 479 476 475 1907
10480 4 2 1 3 1399 1459 1890 2180
10481 4 2 1 3 450 141 1381 718
10482 4 2 1 3 979 1193 985 1998
10483 4 2 1 3 1411 1432 1413 2002
10484 4 2 1 3 342 340 341 1843
10485 4 2 1 3 721 1351 130 1939
10486 4 2 1 3 638 690 653 2102
10487 4 2 1 3 1391 1373 1392 1983
10488 4 2 1 3 1178 930 1218 2100
10489 4 2 1 3 449 721 130 1939
10490 4 2 1 3 1450 1408 1406 2139
10491 4 2 1 3 581 673 776 2011
10492 4 2 1 3 1003 1002 1004 2042
10493 4 2 1 3 435 134 1332 1912
10494 4 2 1 3 1406 1408 1407 1708
10495 4 2 1 3 190 1308 1296 1941
10496 4 2 1 3 245 264 251 2004
10497 4 2 1 3 1446 1217 201 1371
10498 4 2 1 3 1301 1357 1341 2075
10499 4 2 1 3 707 725 135 1990
10500 4 2 1 3 797 1861 1146 2195
10501 4 2 1 3 689 484 478 2038
10502 4 2 1 3 1378 457 146 2050
10503 4 2 1 3 1182 1074 1183 1850
10504 4 2 1 3 18 224 424 2057
10505 4 2 1 3 785 589 697 2020
10506 4 2 1 3 1082 1238 1281 1892
10507 4 2 1 3 740 454 757 2024
10508 4 2 1 3 371 1346 71 414
10509 4 2 1 3 1355 1340 1321 1855
10510 4 2 1 3 786 713 1946 2185
10511 4 2 1 3 1519 2097 1706 2146
10512 4 2 1 3 967 968 966 2128
10513 4 2 1 3 228 240 233 2171
10514 4 2 1 3 1132 1249 2138 2184
10515 4 2 1 3 1064 1066 1105 1884
10516 4 2 1 3 929 1382 1268 1914
10517 4 2 1 3 1184 973 1122 2096
10518 4 2 1 3 1406 1708 1868 2010
10519 4 2 1 3 1358 1324 1359 2108
10520 4 2 1 3 1262 1056 1099 2187
10521 4 2 1 3 1515 1935 1981 2112
10522 4 2 1 3 199 932 1052 1379
10523 4 2 1 3 1305 1912 707 1990
10524 4 2 1 3 915 818 886 1787
10525 4 2 1 3 702 559 620 1970
10526 4 2 1 3 1024 1022 1085 2123
10527 4 2 1 3 132 441 630 1360
10528 4 2 1 3 579 736 778 1919
10529 4 2 1 3 771 716 288 2181
10530 4 2 1 3 822 824 821 1913
10531 4 2 1 3 267 238 260 1929
10532 4 2 1 3 983 1189 997 2039
10533 4 2 1 3 752 611 427 1896
10534 4 2 1 3 631 720 748 2077
10535 4 2 1 3 32 261 887 914
10536 4 2 1 3 1410 1411 1767 2139
10537 4 2 1 3 885 182 913 1339
10538 4 2 1 3 1159 1160 1161 2084
10539 4 2 1 3 1188 958 919 1753
10540 4 2 1 3 18 741 247 2057
10541 4 2 1 3 1191 2067 1802 2128
10542 4 2 1 3 870 909 855 1813
10543 4 2 1 3 1034 1072 1269 1840
10544 4 2 1 3 916 884 178 955
10545 4 2 1 3 697 589 565 2020
10546 4 2 1 3 287 383 11 412
10547 4 2 1 3 1347 411 74 1363
10548 4 2 1 3 1015 1106 1071 2040
10549 4 2 1 3 1362 1307 183 1271
10550 4 2 1 3 1110 1239 1081 2072
10551 4 2 1 3 1054 1055 1053 2110
10552 4 2 1 3 1445 1381 141 718
10553 4 2 1 3 642 1331 123 770
10554 4 2 1 3 1459 1427 1372 2192
10555 4 2 1 3 130 1351 1302 1939
10556 4 2 1 3 1420 1425 1422 1936
10557 4 2 1 3 247 264 224 2057
10558 4 2 1 3 1178 1027 1030 2100
10559 4 2 1 3 1260 1115 1044 1890
10560 4 2 1 3 498 736 579 1919
10561 4 2 1 3 594 593 562 2097
10562 4 2 1 3 468 471 690 1891
10563 4 2 1 3 464 2137 1722 2201
10564 4 2 1 3 1391 1832 1983 2143
10565 4 2 1 3 498 486 499 2070
10566 4 2 1 3 811 893 906 2036
10567 4 2 1 3 1425 1430 1422 2044
10568 4 2 1 3 1245 1076 1097 2107
10569 4 2 1 3 1305 134 707 1912
10570 4 2 1 3 719 430 677 2142
10571 4 2 1 3 1296 1220 1941 2189
10572 4 2 1 3 1093 1063 1113 2000
10573 4 2 1 3 695 531 708 2006
10574 4 2 1 3 1537 1981 1935 2112
10575 4 2 1 3 1267 1145 1256 2134
10576 4 2 1 3 870 921 162 2119
10577 4 2 1 3 1235 1279 1169 1933
10578 4 2 1 3 810 865 902 2013
10579 4 2 1 3 916 179 1345 1365
10580 4 2 1 3 863 674 99 2181
10581 4 2 1 3 717 1448 138 432
10582 4 2 1 3 376 1133 1903 2167
10583 4 2 1 3 1430 1424 1422 2044
10584 4 2 1 3 412 1274 287 1829
10585 4 2 1 3 362 67 376 2167
10586 4 2 1 3 1870 2048 1583 2065
10587 4 2 1 3 1034 1033 1072 1840
10588 4 2 1 3 1448 138 1385 717
10589 4 2 1 3 1084 1083 1109 1866
10590 4 2 1 3 447 625 115 1996
10591 4 2 1 3 888 815 918 1931
10592 4 2 1 3 294 1903 945 2141
10593 4 2 1 3 1296 1342 191 2189
10594 4 2 1 3 1209 1153 1035 1905
10595 4 2 1 3 717 137 1385 605
10596 4 2 1 3 995 1195 963 1947
10597 4 2 1 3 897 805 866 1880
10598 4 2 1 3 1101 1240 953 1885
10599 4 2 1 3 162 1157 796 2119
10600 4 2 1 3 67 1133 376 2167
10601 4 2 1 3 1032 1029 1208 1934
10602 4 2 1 3 1344 725 136 1364
10603 4 2 1 3 915 1175 155 818
10604 4 2 1 3 394 309 408 2105
10605 4 2 1 3 863 99 914 2181
10606 4 2 1 3 1305 1334 1333 2152
10607 4 2 1 3 218 452 8 1460
10608 4 2 1 3 662 663 680 2131
10609 4 2 1 3 729 1373 151 545
10610 4 2 1 3 480 486 485 2161
10611 4 2 1 3 1060 1055 1118 2110
10612 4 2 1 3 941 1117 1220 2189
10613 4 2 1 3 1432 200 1056 1052
10614 4 2 1 3 1101 924 1240 1885
10615 4 2 1 3 502 739 512 2170
10616 4 2 1 3 1229 1099 1098 2023
10617 4 2 1 3 1390 1388 1389 2143
10618 4 2 1 3 422 608 754 2032
10619 4 2 1 3 574 575 732 2051
10620 4 2 1 3 1188 1114 1036 2069
10621 4 2 1 3 407 329 406 1948
10622 4 2 1 3 1075 1187 1010 2133
10623 4 2 1 3 1376 1396 1399 2191
10624 4 2 1 3 1438 1452 1381 1988
10625 4 2 1 3 646 645 433 2013
10626 4 2 1 3 188 1299 1123 2098
10627 4 2 1 3 1616 2053 1899 2178
10628 4 2 1 3 1396 1395 1397 1801
10629 4 2 1 3 452 597 1460 1943
10630 4 2 1 3 1444 1404 1398 2052
10631 4 2 1 3 274 223 39 2179
10632 4 2 1 3 700 465 691 1979
10633 4 2 1 3 544 759 430 1776
10634 4 2 1 3 780 670 739 1959
10635 4 2 1 3 597 431 153 1832
10636 4 2 1 3 221 292 273 1986
10637 4 2 1 3 1223 1099 1229 2187
10638 4 2 1 3 1132 1221 1249 2184
10639 4 2 1 3 291 281 265 1854
10640 4 2 1 3 597 1386 1460 1943
10641 4 2 1 3 1364 1339 1344 2130
10642 4 2 1 3 256 257 292 2016
10643 4 2 1 3 1421 1422 1423 1745
10644 4 2 1 3 730 599 724 1796
10645 4 2 1 3 122 772 455 817
10646 4 2 1 3 1367 1306 1341 1879
10647 4 2 1 3 588 703 549 2118
10648 4 2 1 3 636 693 700 1908
10649 4 2 1 3 1228 1444 1067 2052
10650 4 2 1 3 268 288 28 716
10651 4 2 1 3 772 122 913 817
10652 4 2 1 3 1194 965 966 1945
10653 4 2 1 3 348 349 351 2073
10654 4 2 1 3 318 316 377 2017
10655 4 2 1 3 1398 1396 1376 2191
10656 4 2 1 3 1161 997 1227 2084
10657 4 2 1 3 658 728 660 1940
10658 4 2 1 3 770 411 98 456
10659 4 2 1 3 1091 1289 1254 2153
10660 4 2 1 3 1389 1386 1391 1832
10661 4 2 1 3 331 330 328 1958
10662 4 2 1 3 536 537 731 2135
10663 4 2 1 3 223 1168 39 2179
10664 4 2 1 3 701 580 603 1950
10665 4 2 1 3 1410 1767 1411 2196
10666 4 2 1 3 188 942 1319 2098
10667 4 2 1 3 308 375 398 2071
10668 4 2 1 3 1457 952 10 215
10669 4 2 1 3 1391 1832 1447 1983
10670 4 2 1 3 772 725 455 2130
10671 4 2 1 3 739 670 512 1959
10672 4 2 1 3 807 891 876 1957
10673 4 2 1 3 1054 1053 932 1851
10674 4 2 1 3 941 1220 191 2189
10675 4 2 1 3 1272 1175 155 915
10676 4 2 1 3 771 99 674 2181
10677 4 2 1 3 1411 1450 2002 2139
10678 4 2 1 3 715 577 769 1882
10679 4 2 1 3 1249 1276 1094 2184
10680 4 2 1 3 1374 140 552 556
10681 4 2 1 3 547 431 763 1832
10682 4 2 1 3 1098 1102 1229 2023
10683 4 2 1 3 725 772 136 1364
10684 4 2 1 3 596 767 615 1993
10685 4 2 1 3 1293 1073 1147 1965
10686 4 2 1 3 1803 1989 1510 2175
10687 4 2 1 3 979 985 980 1998
10688 4 2 1 3 881 829 817 1938
10689 4 2 1 3 29 289 915 269
10690 4 2 1 3 1417 1425 1420 1936
10691 4 2 1 3 978 977 982 2140
10692 4 2 1 3 671 606 755 2087
10693 4 2 1 3 309 401 361 2058
10694 4 2 1 3 753 588 787 2118
10695 4 2 1 3 457 419 146 2050
10696 4 2 1 3 1016 1015 1071 2089
10697 4 2 1 3 1297 1349 1368 1931
10698 4 2 1 3 1681 2060 1892 2085
10699 4 2 1 3 945 1133 1211 1903
10700 4 2 1 3 938 1212 1104 1932
10701 4 2 1 3 188 1319 1299 2098
10702 4 2 1 3 162 921 1157 2119
10703 4 2 1 3 1116 1066 1117 2114
10704 4 2 1 3 1332 1305 1333 1912
10705 4 2 1 3 411 314 98 456
10706 4 2 1 3 1537 1982 1981 2112
10707 4 2 1 3 169 943 838 2138
10708 4 2 1 3 870 162 796 2119
10709 4 2 1 3 362 937 67 2167
10710 4 2 1 3 246 284 276 2085
10711 4 2 1 3 513 710 587 1916
10712 4 2 1 3 1019 1107 1021 2025
10713 4 2 1 3 1235 1079 1279 1933
10714 4 2 1 3 492 461 463 2178
10715 4 2 1 3 771 914 99 2181
10716 4 2 1 3 686 519 607 1985
10717 4 2 1 3 1219 1151 934 2068
10718 4 2 1 3 65 294 945 2141
10719 4 2 1 3 800 1132 169 2138
10720 4 2 1 3 435 707 134 1912
10721 4 2 1 3 1127 404 65 2141
10722 4 2 1 3 990 989 991 2081
10723 4 2 1 3 485 479 480 2161
10724 4 2 1 3 1184 1078 1137 2088
10725 4 2 1 3 212 1045 1377 1404
10726 4 2 1 3 1134 1028 1197 2173
10727 4 2 1 3 18 424 741 2057
10728 4 2 1 3 250 248 249 2124
10729 4 2 1 3 1059 1119 1118 2165
10730 4 2 1 3 700 531 695 2006
10731 4 2 1 3 437 786 713 1946
10732 4 2 1 3 167 933 878 2195
10733 4 2 1 3 1447 152 1373 1983
10734 4 2 1 3 519 518 520 2182
10735 4 2 1 3 772 913 1364 2130
10736 4 2 1 3 1375 1433 1419 1980
10737 4 2 1 3 476 689 478 2038
10738 4 2 1 3 927 1111 1252 1963
10739 4 2 1 3 919 205 1114 2069
10740 4 2 1 3 1103 1233 1100 1856
10741 4 2 1 3 445 711 633 2017
10742 4 2 1 3 1256 1129 1243 1842
10743 4 2 1 3 716 288 28 771
10744 4 2 1 3 1052 1432 199 1379
10745 4 2 1 3 1513 2059 1843 2190
10746 4 2 1 3 1212 1287 1104 1932
10747 4 2 1 3 1447 1832 431 1983
10748 4 2 1 3 1359 1366 1304 1909
10749 4 2 1 3 743 583 609 1837
10750 4 2 1 3 778 420 600 1991
10751 4 2 1 3 362 376 364 2167
10752 4 2 1 3 1086 1014 1206 1872
10753 4 2 1 3 381 414 70 1271
10754 4 2 1 3 1289 937 1254 2167
10755 4 2 1 3 729 567 1453 2031
10756 4 2 1 3 1399 1400 1459 2180
10757 4 2 1 3 860 862 859 2193
10758 4 2 1 3 921 1160 1159 1813
10759 4 2 1 3 167 797 1146 2195
10760 4 2 1 3 1504 1969 2055 2120
10761 4 2 1 3 65 945 1127 2141
10762 4 2 1 3 1015 1016 994 2089
10763 4 2 1 3 575 510 686 2051
10764 4 2 1 3 1216 932 198 1379
10765 4 2 1 3 1078 1135 1137 2088
10766 4 2 1 3 1088 1049 1267 2134
10767 4 2 1 3 1429 1114 205 2069
10768 4 2 1 3 1378 1423 1440 2050
10769 4 2 1 3 1038 1204 996 2095
10770 4 2 1 3 876 877 808 1996
10771 4 2 1 3 1143 381 70 1271
10772 4 2 1 3 1062 1061 950 1906
10773 4 2 1 3 800 169 838 2138
10774 4 2 1 3 1410 1374 1409 1960
10775 4 2 1 3 829 885 817 2130
10776 4 2 1 3 285 223 274 2179
10777 4 2 1 3 387 376 294 1903
10778 4 2 1 3 1177 929 1268 1914
10779 4 2 1 3 1342 941 191 2189
10780 4 2 1 3 188 1123 942 2098
10781 4 2 1 3 504 509 582 1937
10782 4 2 1 3 1177 1268 1061 1914
10783 4 2 1 3 410 365 364 2160
10784 4 2 1 3 378 416 395 2028
10785 4 2 1 3 39 920 274 2179
10786 4 2 1 3 763 431 597 1832
10787 4 2 1 3 1220 1294 949 1941
10788 4 2 1 3 1447 431 152 1983
10789 4 2 1 3 1262 1113 1063 2000
10790 4 2 1 3 1205 1134 1204 1967
10791 4 2 1 3 1368 1335 1334 2152
10792 4 2 1 3 326 325 324 2007
10793 4 2 1 3 243 244 245 2090
10794 4 2 1 3 1122 973 1181 2096
10795 4 2 1 3 1224 1273 955 1956
10796 4 2 1 3 886 29 915 269
10797 4 2 1 3 754 608 654 2032
10798 4 2 1 3 672 776 673 2035
10799 4 2 1 3 1461 8 218 564
10800 4 2 1 3 198 1216 1379 1437
10801 4 2 1 3 341 401 343 2059
10802 4 2 1 3 1045 1051 1046 1966
10803 4 2 1 3 931 212 1045 1377
10804 4 2 1 3 757 454 716 2024
10805 4 2 1 3 626 730 724 2199
10806 4 2 1 3 1083 1242 1109 1866
10807 4 2 1 3 489 487 488 2176
10808 4 2 1 3 1296 1308 1309 1941
10809 4 2 1 3 1084 1183 1009 2163
10810 4 2 1 3 1405 1437 1406 2010
10811 4 2 1 3 660 728 497 1940
10812 4 2 1 3 794 721 449 1939
10813 4 2 1 3 961 958 1188 2109
10814 4 2 1 3 1226 1146 1148 1861
10815 4 2 1 3 1189 988 1025 2018
10816 4 2 1 3 485 486 498 2070
10817 4 2 1 3 1047 1049 1050 1883
10818 4 2 1 3 203 1441 1268 1382
10819 4 2 1 3 10 1064 1458 215
10820 4 2 1 3 256 268 230 2024
10821 4 2 1 3 412 383 370 1829
10822 4 2 1 3 716 674 757 2181
10823 4 2 1 3 1399 1459 1439 1890
10824 4 2 1 3 397 396 367 1951
10825 4 2 1 3 1103 1202 1280 1962
10826 4 2 1 3 268 261 288 2181
10827 4 2 1 3 1407 1384 1406 1868
10828 4 2 1 3 1112 1232 1274 1829
10829 4 2 1 3 494 493 484 2159
10830 4 2 1 3 232 270 287 1829
10831 4 2 1 3 493 483 484 2159
10832 4 2 1 3 1319 1318 1299 2098
10833 4 2 1 3 1410 1408 1411 2139
10834 4 2 1 3 404 294 65 2141
10835 4 2 1 3 1132 943 169 2138
10836 4 2 1 3 920 1169 1279 2179
10837 4 2 1 3 1247 1144 1142 1964
10838 4 2 1 3 559 702 557 1970
10839 4 2 1 3 1388 1451 1377 1818
10840 4 2 1 3 780 601 2057 2066
10841 4 2 1 3 816 863 861 2009
10842 4 2 1 3 916 1273 1365 1956
10843 4 2 1 3 1078 1017 1018 2030
10844 4 2 1 3 1436 1388 1377 1818
10845 4 2 1 3 908 880 889 1978
10846 4 2 1 3 587 710 774 1916
10847 4 2 1 3 1152 1153 926 2071
10848 4 2 1 3 937 1133 67 2167
10849 4 2 1 3 952 1457 1097 2107
10850 4 2 1 3 482 483 688 2034
10851 4 2 1 3 800 838 839 2138
10852 4 2 1 3 314 416 378 2028
10853 4 2 1 3 1224 1365 1306 196
10854 4 2 1 3 585 709 652 2117
10855 4 2 1 3 1438 1381 1418 1988
10856 4 2 1 3 196 1224 1365 1273
10857 4 2 1 3 167 878 797 2195
10858 4 2 1 3 1065 1198 1066 1974
10859 4 2 1 3 39 1168 920 2179
10860 4 2 1 3 1091 1070 1048 2153
10861 4 2 1 3 875 811 906 2036
10862 4 2 1 3 1263 1112 1274 1829
10863 4 2 1 3 959 981 1027 1999
10864 4 2 1 3 1278 1130 935 2074
10865 4 2 1 3 541 542 539 1989
10866 4 2 1 3 663 662 506 2131
10867 4 2 1 3 231 1215 46 289
10868 4 2 1 3 514 491 513 2122
10869 4 2 1 3 1146 933 167 2195
10870 4 2 1 3 707 435 620 1912
10871 4 2 1 3 1293 1041 1073 1965
10872 4 2 1 3 797 878 844 2195
10873 4 2 1 3 562 450 561 1961
10874 4 2 1 3 742 673 581 2011
10875 4 2 1 3 1378 147 790 2142
10876 4 2 1 3 965 962 964 2056
10877 4 2 1 3 1107 1108 1021 2025
10878 4 2 1 3 1290 1372 1426 2192
10879 4 2 1 3 1378 146 1443 2050
10880 4 2 1 3 105 106 421 830
10881 4 2 1 3 1344 1334 1305 1990
10882 4 2 1 3 447 613 625 1996
10883 4 2 1 3 639 690 638 2102
10884 4 2 1 3 1457 1436 1097 2107
10885 4 2 1 3 1372 1426 207 1290
10886 4 2 1 3 777 435 630 2062
10887 4 2 1 3 93 94 316 445
10888 4 2 1 3 1391 1386 1447 1832
10889 4 2 1 3 1215 1272 46 289
10890 4 2 1 3 2079 2116 1467 2175
10891 4 2 1 3 638 487 489 2176
10892 4 2 1 3 1248 1131 944 1948
10893 4 2 1 3 1083 1101 1242 2091
10894 4 2 1 3 1089 1076 1092 1877
10895 4 2 1 3 870 161 162 921
10896 4 2 1 3 692 485 501 2078
10897 4 2 1 3 152 545 1373 1983
10898 4 2 1 3 946 1126 1229 1880
10899 4 2 1 3 93 92 627 304
10900 4 2 1 3 190 949 189 1308
10901 4 2 1 3 129 130 1302 449
10902 4 2 1 3 1406 1384 1405 1868
10903 4 2 1 3 1443 146 419 2050
10904 4 2 1 3 458 419 457 2050
10905 4 2 1 3 1372 1290 930 2192
10906 4 2 1 3 567 729 577 2031
10907 4 2 1 3 1458 1405 215 1884
10908 4 2 1 3 146 790 457 1378
10909 4 2 1 3 1042 1039 1176 1987
10910 4 2 1 3 240 228 241 2171
10911 4 2 1 3 523 636 695 2115
10912 4 2 1 3 1378 1428 147 2142
10913 4 2 1 3 167 168 878 933
10914 4 2 1 3 434 88 87 374
10915 4 2 1 3 111 112 433 810
10916 4 2 1 3 603 734 428 1997
10917 4 2 1 3 469 468 466 2033
10918 4 2 1 3 143 1375 766 1433
10919 4 2 1 3 1074 1231 1075 2133
10920 4 2 1 3 649 87 86 296
10921 4 2 1 3 865 111 110 645
10922 4 2 1 3 797 166 167 1146
10923 4 2 1 3 1013 990 991 2081
10924 4 2 1 3 271 14 13 384
10925 4 2 1 3 147 430 790 2142
10926 4 2 1 3 1157 921 1158 2119
10927 4 2 1 3 452 576 597 1943
10928 4 2 1 3 177 178 884 955
10929 4 2 1 3 894 912 867 2188
10930 4 2 1 3 1434 1460 1386 1943
10931 4 2 1 3 181 182 885 1339
10932 4 2 1 3 315 75 762 413
10933 4 2 1 3 71 72 1346 371
10934 4 2 1 3 591 570 713 2185
10935 4 2 1 3 545 152 431 1983
10936 4 2 1 3 1429 1370 1430 2069
10937 4 2 1 3 600 420 735 1991
10938 4 2 1 3 1453 1393 1373 2031
10939 4 2 1 3 1191 1139 1138 2067
10940 4 2 1 3 862 860 890 2193
10941 4 2 1 3 442 128 127 1337
10942 4 2 1 3 1428 430 147 2142
10943 4 2 1 3 103 102 803 423
10944 4 2 1 3 1358 1322 1324 2108
10945 4 2 1 3 855 895 814 2005
10946 4 2 1 3 1330 184 1141 185
10947 4 2 1 3 1246 1116 1117 2114
10948 4 2 1 3 452 597 154 1460
10949 4 2 1 3 796 869 870 2119
10950 4 2 1 3 1188 919 1114 2069
10951 4 2 1 3 186 1303 936 185
10952 4 2 1 3 1338 128 129 623
10953 4 2 1 3 1123 188 189 1299
10954 4 2 1 3 455 791 644 1938
10955 4 2 1 3 967 1191 968 2128
10956 4 2 1 3 137 1461 605 564
10957 4 2 1 3 1290 1218 930 2192
10958 4 2 1 3 183 1307 184 956
10959 4 2 1 3 1064 1105 197 1458
10960 4 2 1 3 92 91 448 372
10961 4 2 1 3 808 116 115 447
10962 4 2 1 3 819 117 116 626
10963 4 2 1 3 173 172 1126 805
10964 4 2 1 3 886 912 802 1986
10965 4 2 1 3 757 674 439 2009
10966 4 2 1 3 159 158 923 864
10967 4 2 1 3 1270 1077 1214 1918
10968 4 2 1 3 169 170 838 943
10969 4 2 1 3 83 84 369 654
10970 4 2 1 3 701 603 779 1950
10971 4 2 1 3 307 56 55 1155
10972 4 2 1 3 952 214 1097 1457
10973 4 2 1 3 1150 58 59 367
10974 4 2 1 3 1432 1411 1450 2002
10975 4 2 1 3 712 118 119 871
10976 4 2 1 3 174 175 806 1212
10977 4 2 1 3 1302 1351 1361 1939
10978 4 2 1 3 188 942 187 1319
10979 4 2 1 3 31 32 261 887
10980 4 2 1 3 1228 1444 211 1067
10981 4 2 1 3 206 1426 957 1290
10982 4 2 1 3 394 408 350 2105
10983 4 2 1 3 1220 191 1296 190
10984 4 2 1 3 1450 1379 1432 2002
10985 4 2 1 3 816 101 100 439
10986 4 2 1 3 121 122 455 817
10987 4 2 1 3 187 1129 186 1328
10988 4 2 1 3 631 89 88 299
10989 4 2 1 3 81 82 357 422
10990 4 2 1 3 800 168 169 1132
10991 4 2 1 3 164 163 1156 868
10992 4 2 1 3 952 1097 1076 2107
10993 4 2 1 3 451 569 760 1926
10994 4 2 1 3 1410 1411 1412 2196
10995 4 2 1 3 939 157 156 856
10996 4 2 1 3 975 980 1185 2092
10997 4 2 1 3 1088 1267 1256 2134
10998 4 2 1 3 1171 1281 1238 1892
10999 4 2 1 3 90 89 444 359
11000 4 2 1 3 1329 125 126 436
11001 4 2 1 3 172 171 947 879
11002 4 2 1 3 233 22 21 420
11003 4 2 1 3 19 18 224 424
11004 4 2 1 3 1030 1034 1178 2148
11005 4 2 1 3 1345 180 179 872
11006 4 2 1 3 1022 1024 1023 2123
11007 4 2 1 3 160 159 1162 814
11008 4 2 1 3 874 104 103 661
11009 4 2 1 3 50 51 927 302
11010 4 2 1 3 1127 945 1128 2141
11011 4 2 1 3 427 79 78 373
11012 4 2 1 3 162 163 796 1157
11013 4 2 1 3 59 60 934 305
11014 4 2 1 3 850 851 852 2045
11015 4 2 1 3 1380 760 149 544
11016 4 2 1 3 516 515 494 2183
11017 4 2 1 3 1331 123 124 642
11018 4 2 1 3 847 903 905 2121
11019 4 2 1 3 362 68 67 937
11020 4 2 1 3 1059 1057 1203 2080
11021 4 2 1 3 707 621 725 1990
11022 4 2 1 3 294 66 65 945
11023 4 2 1 3 583 601 582 2066
11024 4 2 1 3 85 86 358 651
11025 4 2 1 3 308 58 57 1152
11026 4 2 1 3 1148 166 165 853
11027 4 2 1 3 97 98 314 456
11028 4 2 1 3 554 558 717 2164
11029 4 2 1 3 534 530 677 2158
11030 4 2 1 3 812 110 109 647
11031 4 2 1 3 1342 1296 1310 2189
11032 4 2 1 3 1071 1106 1255 2040
11033 4 2 1 3 771 288 914 2181
11034 4 2 1 3 404 65 64 1127
11035 4 2 1 3 25 24 219 428
11036 4 2 1 3 27 26 230 454
11037 4 2 1 3 440 77 76 360
11038 4 2 1 3 112 113 632 854
11039 4 2 1 3 443 113 114 807
11040 4 2 1 3 511 517 518 2132
11041 4 2 1 3 108 107 811 655
11042 4 2 1 3 826 824 901 2015
11043 4 2 1 3 855 160 161 1160
11044 4 2 1 3 611 584 681 2166
11045 4 2 1 3 467 464 466 2137
11046 4 2 1 3 104 105 659 804
11047 4 2 1 3 1334 1335 1333 2152
11048 4 2 1 3 773 762 75 413
11049 4 2 1 3 490 491 489 2063
11050 4 2 1 3 106 107 656 873
11051 4 2 1 3 404 390 294 2141
11052 4 2 1 3 917 904 809 2029
11053 4 2 1 3 140 1445 718 556
11054 4 2 1 3 1056 1217 200 1446
11055 4 2 1 3 786 591 713 2185
11056 4 2 1 3 474 476 477 2156
11057 4 2 1 3 1379 1406 1437 2010
11058 4 2 1 3 624 91 90 311
11059 4 2 1 3 74 73 382 1347
11060 4 2 1 3 11 12 383 270
11061 4 2 1 3 561 142 766 1433
11062 4 2 1 3 634 704 696 2186
11063 4 2 1 3 558 554 557 2164
11064 4 2 1 3 1290 207 1372 930
11065 4 2 1 3 134 133 435 1332
11066 4 2 1 3 601 424 780 2057
11067 4 2 1 3 67 66 376 1133
11068 4 2 1 3 95 96 300 437
11069 4 2 1 3 1301 935 194 193
11070 4 2 1 3 70 69 381 1143
11071 4 2 1 3 940 48 49 313
11072 4 2 1 3 922 1253 1108 2058
11073 4 2 1 3 922 53 54 309
11074 4 2 1 3 94 95 377 633
11075 4 2 1 3 45 44 954 265
11076 4 2 1 3 1146 1147 933 2195
11077 4 2 1 3 43 42 928 263
11078 4 2 1 3 73 72 312 1298
11079 4 2 1 3 1216 198 197 1437
11080 4 2 1 3 127 126 629 1300
11081 4 2 1 3 222 13 12 301
11082 4 2 1 3 815 180 181 1297
11083 4 2 1 3 171 170 1125 798
11084 4 2 1 3 1306 195 1224 196
11085 4 2 1 3 1453 151 567 729
11086 4 2 1 3 1400 1399 1397 2180
11087 4 2 1 3 685 606 738 2126
11088 4 2 1 3 574 510 575 2051
11089 4 2 1 3 173 174 866 946
11090 4 2 1 3 117 118 446 795
11091 4 2 1 3 825 826 827 2129
11092 4 2 1 3 872 884 916 1956
11093 4 2 1 3 131 130 721 1351
11094 4 2 1 3 276 36 37 924
11095 4 2 1 3 499 502 512 2170
11096 4 2 1 3 1001 1193 1200 2200
11097 4 2 1 3 287 1232 33 232
11098 4 2 1 3 1215 46 45 231
11099 4 2 1 3 102 101 859 671
11100 4 2 1 3 1221 1276 1249 2184
11101 4 2 1 3 388 64 63 948
11102 4 2 1 3 378 96 97 640
11103 4 2 1 3 876 115 114 625
11104 4 2 1 3 1365 1306 1345 1956
11105 4 2 1 3 1436 1097 214 1457
11106 4 2 1 3 1132 1249 943 2138
11107 4 2 1 3 1239 1110 1258 2072
11108 4 2 1 3 175 176 858 938
11109 4 2 1 3 201 950 202 1371
11110 4 2 1 3 249 293 250 2124
11111 4 2 1 3 571 755 606 2087
11112 4 2 1 3 191 1342 192 941
11113 4 2 1 3 289 1272 4 915
11114 4 2 1 3 3 288 914 771
11115 4 2 1 3 1363 411 6 770
11116 4 2 1 3 5 414 1362 1271
11117 4 2 1 3 438 119 120 801
11118 4 2 1 3 913 7 772 1364
11119 4 2 1 3 1365 916 9 1273
11120 4 2 1 3 1169 920 1168 2179
11121 4 2 1 3 464 462 465 2201
11122 4 2 1 3 725 136 135 1344
11123 4 2 1 3 33 1274 1232 287
11124 4 2 1 3 443 625 783 1957
11125 4 2 1 3 1406 1379 1450 2010
11126 4 2 1 3 1230 929 1176 1921
11127 4 2 1 3 546 545 431 1983
11128 4 2 1 3 1381 142 141 450
11129 4 2 1 3 886 30 29 269
11130 4 2 1 3 370 1263 47 412
11131 4 2 1 3 156 155 1175 818
11132 4 2 1 3 1376 210 951 209
11133 4 2 1 3 274 39 40 920
11134 4 2 1 3 158 157 1172 813
11135 4 2 1 3 120 121 644 881
11136 4 2 1 3 266 24 23 734
11137 4 2 1 3 601 741 424 2057
11138 4 2 1 3 863 100 99 674
11139 4 2 1 3 1412 1411 1413 2196
11140 4 2 1 3 1010 1074 1075 2133
11141 4 2 1 3 1027 1178 1218 2100
11142 4 2 1 3 375 57 56 926
11143 4 2 1 3 84 85 298 426
11144 4 2 1 3 262 20 19 669
11145 4 2 1 3 1380 149 148 544
11146 4 2 1 3 192 1343 193 1130
11147 4 2 1 3 20 21 667 228
11148 4 2 1 3 1131 60 61 407
11149 4 2 1 3 1263 1274 47 412
11150 4 2 1 3 925 165 164 799
11151 4 2 1 3 176 177 809 1140
11152 4 2 1 3 1443 1423 1378 2050
11153 4 2 1 3 80 81 303 665
11154 4 2 1 3 209 1261 1439 1044
11155 4 2 1 3 609 584 611 2166
11156 4 2 1 3 1447 1373 1391 1983
11157 4 2 1 3 1386 154 597 1460
11158 4 2 1 3 138 137 1385 717
11159 4 2 1 3 1119 1259 1118 2165
11160 4 2 1 3 453 16 17 229
11161 4 2 1 3 537 536 496 2135
11162 4 2 1 3 1268 929 203 1382
11163 4 2 1 3 666 80 79 356
11164 4 2 1 3 28 27 268 716
11165 4 2 1 3 944 61 62 406
11166 4 2 1 3 1082 1281 1101 2091
11167 4 2 1 3 765 592 744 2136
11168 4 2 1 3 1161 1227 1159 2084
11169 4 2 1 3 766 142 143 1433
11170 4 2 1 3 220 23 22 735
11171 4 2 1 3 875 109 108 425
11172 4 2 1 3 1091 1254 1070 2153
11173 4 2 1 3 287 2 1274 412
11174 4 2 1 3 1 773 413 286
11175 4 2 1 3 297 63 62 1124
11176 4 2 1 3 1067 1077 1228 2052
11177 4 2 1 3 687 461 492 2178
11178 4 2 1 3 707 135 134 1305
11179 4 2 1 3 1173 44 43 225
11180 4 2 1 3 1411 1408 1450 2139
11181 4 2 1 3 254 26 25 672
11182 4 2 1 3 447 626 724 2199
11183 4 2 1 3 781 676 714 2146
11184 4 2 1 3 1233 42 41 226
11185 4 2 1 3 630 133 132 1295
11186 4 2 1 3 1061 202 1441 1268
11187 4 2 1 3 441 132 131 1360
11188 4 2 1 3 1083 1082 1101 2091
11189 4 2 1 3 585 652 750 2117
11190 4 2 1 3 1240 36 35 227
11191 4 2 1 3 741 17 18 247
11192 4 2 1 3 69 68 306 1257
11193 4 2 1 3 863 914 887 2181
11194 4 2 1 3 961 1188 992 2109
11195 4 2 1 3 1391 1390 1389 2143
11196 4 2 1 3 283 37 38 1170
11197 4 2 1 3 1123 1265 942 2098
11198 4 2 1 3 534 677 759 2158
11199 4 2 1 3 52 53 1166 408
11200 4 2 1 3 1289 1133 937 2167
11201 4 2 1 3 212 1045 1404 211
11202 4 2 1 3 1427 1426 1372 2192
11203 4 2 1 3 1167 51 52 393
11204 4 2 1 3 200 1432 199 1052
11205 4 2 1 3 953 35 34 253
11206 4 2 1 3 208 209 1439 1044
11207 4 2 1 3 149 150 451 1431
11208 4 2 1 3 49 50 1252 368
11209 4 2 1 3 752 78 77 310
11210 4 2 1 3 38 39 223 1168
11211 4 2 1 3 15 16 733 252
11212 4 2 1 3 221 30 31 802
11213 4 2 1 3 1055 1060 1053 2110
11214 4 2 1 3 1171 1236 1170 2060
11215 4 2 1 3 703 588 753 2118
11216 4 2 1 3 780 582 601 2066
11217 4 2 1 3 771 674 716 2181
11218 4 2 1 3 195 194 1341 1207
11219 4 2 1 3 143 1375 429 766
11220 4 2 1 3 1428 1378 1455 2142
11221 4 2 1 3 214 213 1097 1436
11222 4 2 1 3 146 147 790 1378
11223 4 2 1 3 295 82 83 754
11224 4 2 1 3 1232 34 33 232
11225 4 2 1 3 1448 139 138 432
11226 4 2 1 3 1461 137 8 564
11227 4 2 1 3 139 140 552 1374
11228 4 2 1 3 208 1372 207 930
11229 4 2 1 3 1426 206 207 1290
11230 4 2 1 3 10 1064 197 1458
11231 4 2 1 3 41 40 1234 282
11232 4 2 1 3 288 3 28 771
11233 4 2 1 3 1272 155 4 915
11234 4 2 1 3 914 99 3 771
11235 4 2 1 3 411 6 74 1363
11236 4 2 1 3 9 179 916 1365
11237 4 2 1 3 5 1362 183 1271
11238 4 2 1 3 1223 1262 1099 2187
11239 4 2 1 3 202 1441 1268 203
11240 4 2 1 3 1457 1387 1436 2107
11241 4 2 1 3 772 7 136 1364
11242 4 2 1 3 740 757 610 2076
11243 4 2 1 3 148 147 1428 430
11244 4 2 1 3 287 11 2 412
11245 4 2 1 3 762 76 75 315
11246 4 2 1 3 47 48 1263 370
11247 4 2 1 3 205 204 1114 1429
11248 4 2 1 3 1178 1034 1260 2148
11249 4 2 1 3 719 790 430 2142
11250 4 2 1 3 1253 54 55 361
11251 4 2 1 3 885 913 817 2130
11252 4 2 1 3 932 199 198 1379
11253 4 2 1 3 1304 124 125 756
11254 4 2 1 3 4 29 289 915
11255 4 2 1 3 204 203 929 1382
11256 4 2 1 3 773 1 15 286
11257 4 2 1 3 153 154 597 1386
11258 4 2 1 3 773 75 1 413
11259 4 2 1 3 288 32 3 914
11260 4 2 1 3 772 122 7 913
11261 4 2 1 3 144 143 1375 429
11262 4 2 1 3 182 7 913 1364
11263 4 2 1 3 414 5 70 1271
11264 4 2 1 3 1363 6 123 770
11265 4 2 1 3 411 98 6 770
11266 4 2 1 3 1272 4 46 289
11267 4 2 1 3 413 14 1 286
11268 4 2 1 3 916 178 9 1273
11269 4 2 1 3 414 71 5 1362
11270 4 2 1 3 196 1365 9 1273
11271 4 2 1 3 141 140 1445 718
11272 4 2 1 3 452 154 8 1460
11273 4 2 1 3 214 952 10 1457
11274 4 2 1 3 1444 210 211 1067
11275 4 2 1 3 201 200 1217 1446
11276 4 2 1 3 1453 151 150 567
11277 4 2 1 3 1274 33 2 287
11278 4 2 1 3 2 47 1274 412
11279 4 2 1 3 1370 919 205 206
11280 4 2 1 3 1373 152 151 545
11281 4 2 1 3 1447 153 152 431
11282 4 2 1 3 145 144 1462 614
11283 4 2 1 3 1443 146 145 419
11284 4 2 1 3 212 931 213 1377
11285 4 2 1 3 2191 1068 2052 1603
11286 4 2 1 3 2191 2052 1068 951
11287 4 2 1 3 1792 1938 2129 801
11288 4 2 1 3 2129 1938 1792 1655
11289 4 2 1 3 1817 1712 1783 1482
11290 4 2 1 3 1817 1783 1712 1546
11291 4 2 1 3 1719 334 1852 333
11292 4 2 1 3 1719 1852 334 1593
11293 4 2 1 3 1542 2048 2065 1480
11294 4 2 1 3 2065 2048 1542 1870
11295 4 2 1 3 2048 2011 1535 1480
11296 4 2 1 3 2048 1535 2011 1577
11297 4 2 1 3 1967 1471 2173 1531
11298 4 2 1 3 1967 2173 1471 1690
11299 4 2 1 3 1329 1534 436 1768
11300 4 2 1 3 436 1534 1329 1909
11301 4 2 1 3 1805 1991 235 234
11302 4 2 1 3 235 1991 1805 1587
11303 4 2 1 3 2107 1388 1383 1387
11304 4 2 1 3 1917 909 2005 834
11305 4 2 1 3 2119 1156 1275 1157
11306 4 2 1 3 2119 1275 1156 1609
11307 4 2 1 3 2006 1895 1599 1506
11308 4 2 1 3 2006 1599 1895 1922
11309 4 2 1 3 462 1804 461 460
11310 4 2 1 3 461 1804 462 1584
11311 4 2 1 3 1917 1813 2005 909
11312 4 2 1 3 1917 2005 1813 1514
11313 4 2 1 3 2147 1817 1808 1556
11314 4 2 1 3 2147 1808 1817 1546
11315 4 2 1 3 1213 1914 1987 1177
11316 4 2 1 3 1987 1914 1213 1698
11317 4 2 1 3 1987 1042 1213 1177
11318 4 2 1 3 1213 1042 1987 1698
11319 4 2 1 3 1698 1282 1914 1213
11320 4 2 1 3 1698 1914 1282 1547
11321 4 2 1 3 1660 2107 2103 1387
11322 4 2 1 3 1660 2103 2107 1790
11323 4 2 1 3 1383 2103 2107 1387
11324 4 2 1 3 1383 2107 2103 1790
11325 4 2 1 3 1919 1587 1483 1606
11326 4 2 1 3 1919 1483 1587 1678
11327 4 2 1 3 1877 1266 1573 1663
11328 4 2 1 3 1877 1573 1266 1092
11329 4 2 1 3 1243 1573 1266 1663
11330 4 2 1 3 1243 1266 1573 1092
11331 4 2 1 3 1803 727 1807 793
11332 4 2 1 3 1803 1807 727 1565
11333 4 2 1 3 1779 1944 1472 1725
11334 4 2 1 3 1472 1944 1779 1602
11335 4 2 1 3 1971 1722 1771 1468
11336 4 2 1 3 1971 1771 1722 1522
11337 4 2 1 3 1656 1893 1795 1491
11338 4 2 1 3 1795 1893 1656 1539
11339 4 2 1 3 1870 2011 2035 1577
11340 4 2 1 3 2035 2011 1870 1542
11341 4 2 1 3 1936 1469 1649 1862
11342 4 2 1 3 1936 1649 1469 1928
11343 4 2 1 3 1978 883 877 1551
11344 4 2 1 3 1978 877 883 889
11345 4 2 1 3 2016 1787 273 1986
11346 4 2 1 3 2016 273 1787 1854
11347 4 2 1 3 2009 860 1847 861
11348 4 2 1 3 726 1695 1781 650
11349 4 2 1 3 1781 1695 726 1593
11350 4 2 1 3 2118 436 1909 1534
11351 4 2 1 3 2118 1909 436 753
11352 4 2 1 3 244 1688 1579 2090
11353 4 2 1 3 2057 1828 1579 1691
11354 4 2 1 3 2057 1579 1828 2004
11355 4 2 1 3 1938 438 758 644
11356 4 2 1 3 1938 758 438 1655
11357 4 2 1 3 1790 1388 1389 1383
11358 4 2 1 3 1790 1389 1388 1772
11359 4 2 1 3 1789 1918 2052 1557
11360 4 2 1 3 2052 1918 1789 1603
11361 4 2 1 3 1786 2168 1978 1562
11362 4 2 1 3 1978 2168 1786 1551
11363 4 2 1 3 698 1705 784 595
11364 4 2 1 3 784 1705 698 1619
11365 4 2 1 3 2049 1470 1802 1693
11366 4 2 1 3 2049 1802 1470 1574
11367 4 2 1 3 2095 1559 1038 1967
11368 4 2 1 3 2095 1038 1559 1709
11369 4 2 1 3 1895 2125 1599 1506
11370 4 2 1 3 1599 2125 1895 1893
11371 4 2 1 3 1955 1807 2037 1510
11372 4 2 1 3 1955 2037 1807 1569
11373 4 2 1 3 1978 823 1915 1786
11374 4 2 1 3 1978 1915 823 889
11375 4 2 1 3 1853 890 857 1847
11376 4 2 1 3 1853 857 890 910
11377 4 2 1 3 1907 684 1826 475
11378 4 2 1 3 1907 1826 684 1540
11379 4 2 1 3 2161 684 1907 480
11380 4 2 1 3 2161 1907 684 1540
11381 4 2 1 3 2031 1983 1392 1373
11382 4 2 1 3 2031 1392 1983 1605
11383 4 2 1 3 1790 1388 2107 1524
11384 4 2 1 3 1790 2107 1388 1383
11385 4 2 1 3 2111 2049 972 971
11386 4 2 1 3 2111 972 2049 1693
11387 4 2 1 3 2022 1485 1796 1657
11388 4 2 1 3 2022 1796 1485 1628
11389 4 2 1 3 861 2188 2009 1635
11390 4 2 1 3 861 2009 2188 1847
11391 4 2 1 3 1560 2009 2188 1635
11392 4 2 1 3 1560 2188 2009 1847
11393 4 2 1 3 1744 2018 1949 988
11394 4 2 1 3 1744 1949 2018 1545
11395 4 2 1 3 989 1949 2018 988
11396 4 2 1 3 989 2018 1949 1545
11397 4 2 1 3 1845 1185 1165 1697
11398 4 2 1 3 1845 1165 1185 1181
11399 4 2 1 3 2009 2193 1847 860
11400 4 2 1 3 1847 2193 2009 1560
11401 4 2 1 3 461 1804 458 460
11402 4 2 1 3 458 1804 461 1632
11403 4 2 1 3 398 1841 399 337
11404 4 2 1 3 399 1841 398 1640
11405 4 2 1 3 2057 244 1688 1579
11406 4 2 1 3 2057 1688 244 224
11407 4 2 1 3 2094 1662 1798 1479
11408 4 2 1 3 2094 1798 1662 1788
11409 4 2 1 3 2056 1468 1947 1634
11410 4 2 1 3 2056 1947 1468 1645
11411 4 2 1 3 1843 1848 1841 1513
11412 4 2 1 3 1841 1848 1843 1641
11413 4 2 1 3 2042 1164 1006 1003
11414 4 2 1 3 2042 1006 1164 1536
11415 4 2 1 3 2110 1104 1773 1824
11416 4 2 1 3 2110 1773 1104 1060
11417 4 2 1 3 2117 535 709 652
11418 4 2 1 3 2117 709 535 1799
11419 4 2 1 3 1591 1465 1668 1724
11420 4 2 1 3 1591 1668 1465 1995
11421 4 2 1 3 1859 1668 1465 1724
11422 4 2 1 3 1859 1465 1668 1995
11423 4 2 1 3 1934 1027 1999 1570
11424 4 2 1 3 1934 1999 1027 1029
11425 4 2 1 3 1966 1047 1048 1046
11426 4 2 1 3 1966 1048 1047 1548
11427 4 2 1 3 2114 1479 1889 1671
11428 4 2 1 3 2114 1889 1479 1637
11429 4 2 1 3 1954 1875 1704 1477
11430 4 2 1 3 1954 1704 1875 1541
11431 4 2 1 3 1830 1753 1645 1499
11432 4 2 1 3 1830 1645 1753 1733
11433 4 2 1 3 2149 564 605 1461
11434 4 2 1 3 2149 605 564 1788
11435 4 2 1 3 1861 1965 1761 1226
11436 4 2 1 3 1761 1965 1861 1518
11437 4 2 1 3 1978 882 2021 908
11438 4 2 1 3 1978 2021 882 1674
11439 4 2 1 3 1967 1014 1872 1205
11440 4 2 1 3 1967 1872 1014 1690
11441 4 2 1 3 1965 1043 1226 1293
11442 4 2 1 3 1965 1226 1043 1761
11443 4 2 1 3 2009 2087 2076 1560
11444 4 2 1 3 2076 776 2024 1542
11445 4 2 1 3 2076 2024 776 740
11446 4 2 1 3 1810 342 344 343
11447 4 2 1 3 1810 344 342 1659
11448 4 2 1 3 1918 1051 1228 1557
11449 4 2 1 3 1918 1228 1051 1270
11450 4 2 1 3 2134 1964 1495 1630
11451 4 2 1 3 1495 1964 2134 1567
11452 4 2 1 3 1495 1910 2134 1630
11453 4 2 1 3 2134 1910 1495 1567
11454 4 2 1 3 2128 2049 2194 1574
11455 4 2 1 3 2128 2194 2049 968
11456 4 2 1 3 1926 544 615 760
11457 4 2 1 3 1926 615 544 1568
11458 4 2 1 3 2009 755 671 439
11459 4 2 1 3 2009 671 755 2087
11460 4 2 1 3 2122 705 706 514
11461 4 2 1 3 2122 706 705 1569
11462 4 2 1 3 2118 570 549 1873
11463 4 2 1 3 2118 549 570 703
11464 4 2 1 3 1774 2169 1727 1474
11465 4 2 1 3 1727 2169 1774 1576
11466 4 2 1 3 1727 1651 1774 1474
11467 4 2 1 3 1774 1651 1727 1576
11468 4 2 1 3 1874 375 399 307
11469 4 2 1 3 1874 399 375 1640
11470 4 2 1 3 1826 1969 1984 1470
11471 4 2 1 3 1984 1969 1826 1540
11472 4 2 1 3 1845 1006 1163 1834
11473 4 2 1 3 1845 1163 1006 1164
11474 4 2 1 3 2194 1478 1574 1665
11475 4 2 1 3 2194 1574 1478 2113
11476 4 2 1 3 1832 746 550 1561
11477 4 2 1 3 1832 550 746 763
11478 4 2 1 3 2126 1734 874 1544
11479 4 2 1 3 874 1734 2126 661
11480 4 2 1 3 874 1992 2126 1544
11481 4 2 1 3 2126 1992 874 661
11482 4 2 1 3 573 1989 1706 542
11483 4 2 1 3 1706 1989 573 1803
11484 4 2 1 3 1869 1784 1680 1822
11485 4 2 1 3 1869 1680 1784 1467
11486 4 2 1 3 1451 2143 1388 1390
11487 4 2 1 3 1388 2143 1451 1772
11488 4 2 1 3 1327 1819 1346 1369
11489 4 2 1 3 1346 1819 1327 1694
11490 4 2 1 3 1211 2167 1133 1289
11491 4 2 1 3 1133 2167 1211 1903
11492 4 2 1 3 1389 1943 1790 1434
11493 4 2 1 3 1790 1943 1389 1561
11494 4 2 1 3 1933 999 2026 1235
11495 4 2 1 3 1933 2026 999 1563
11496 4 2 1 3 1026 1962 1241 1202
11497 4 2 1 3 1241 1962 1026 1737
11498 4 2 1 3 1417 1914 1415 1454
11499 4 2 1 3 1415 1914 1417 1816
11500 4 2 1 3 2179 282 239 1631
11501 4 2 1 3 2179 239 282 274
11502 4 2 1 3 2105 2059 2058 1648
11503 4 2 1 3 1745 1462 1649 614
11504 4 2 1 3 1745 1649 1462 1421
11505 4 2 1 3 2078 1919 1530 2070
11506 4 2 1 3 2078 1530 1919 1678
11507 4 2 1 3 2175 2146 2116 1706
11508 4 2 1 3 2175 2116 2146 1582
11509 4 2 1 3 2074 2147 2075 1546
11510 4 2 1 3 2075 2147 2074 1350
11511 4 2 1 3 1826 470 1920 1643
11512 4 2 1 3 1826 1920 470 472
11513 4 2 1 3 2059 309 2105 2058
11514 4 2 1 3 2059 2105 309 394
11515 4 2 1 3 2029 888 1956 917
11516 4 2 1 3 2029 1956 888 1553
11517 4 2 1 3 619 1938 758 791
11518 4 2 1 3 758 1938 619 1655
11519 4 2 1 3 1822 900 1784 843
11520 4 2 1 3 1822 1784 900 1625
11521 4 2 1 3 1922 524 2006 1599
11522 4 2 1 3 1922 2006 524 708
11523 4 2 1 3 1807 793 541 1803
11524 4 2 1 3 1807 541 793 543
11525 4 2 1 3 1926 567 568 1618
11526 4 2 1 3 1926 568 567 451
11527 4 2 1 3 1960 432 553 552
11528 4 2 1 3 1960 553 432 1732
11529 4 2 1 3 1870 281 280 258
11530 4 2 1 3 1870 280 281 1583
11531 4 2 1 3 1882 1994 1789 1605
11532 4 2 1 3 1789 1994 1882 1497
11533 4 2 1 3 2108 1909 1329 1534
11534 4 2 1 3 2108 1329 1909 1359
11535 4 2 1 3 2080 2074 2075 1546
11536 4 2 1 3 2080 2075 2074 1203
11537 4 2 1 3 2141 1944 1918 1602
11538 4 2 1 3 2141 1918 1944 1128
11539 4 2 1 3 2013 2121 1822 1565
11540 4 2 1 3 1822 2121 2013 903
11541 4 2 1 3 1911 321 322 320
11542 4 2 1 3 1911 322 321 1811
11543 4 2 1 3 1750 758 619 1655
11544 4 2 1 3 1750 619 758 618
11545 4 2 1 3 1882 568 2031 1618
11546 4 2 1 3 1882 2031 568 577
11547 4 2 1 3 567 2031 568 1618
11548 4 2 1 3 567 568 2031 577
11549 4 2 1 3 1792 1750 1511 1655
11550 4 2 1 3 1792 1511 1750 2022
11551 4 2 1 3 366 2028 395 416
11552 4 2 1 3 395 2028 366 1686
11553 4 2 1 3 1894 1794 2180 1516
11554 4 2 1 3 1894 2180 1794 1568
11555 4 2 1 3 1964 1143 1758 1144
11556 4 2 1 3 1964 1758 1143 1694
11557 4 2 1 3 2082 2170 1897 1612
11558 4 2 1 3 1897 2170 2082 1624
11559 4 2 1 3 2092 1504 1969 1697
11560 4 2 1 3 2092 1969 1504 1693
11561 4 2 1 3 2021 2138 1784 839
11562 4 2 1 3 1784 2138 2021 1581
11563 4 2 1 3 2012 1882 1789 1618
11564 4 2 1 3 2012 1789 1882 1497
11565 4 2 1 3 2087 610 2009 2076
11566 4 2 1 3 2087 2009 610 755
11567 4 2 1 3 536 1616 492 2135
11568 4 2 1 3 492 1616 536 2178
11569 4 2 1 3 2126 423 661 1734
11570 4 2 1 3 2126 661 423 738
11571 4 2 1 3 1690 2081 2173 1684
11572 4 2 1 3 1690 2173 2081 991
11573 4 2 1 3 1028 2173 2081 1684
11574 4 2 1 3 1028 2081 2173 991
11575 4 2 1 3 1443 614 145 1462
11576 4 2 1 3 145 614 1443 419
11577 4 2 1 3 1973 415 403 354
11578 4 2 1 3 1973 403 415 1629
11579 4 2 1 3 2080 1278 1090 1203
11580 4 2 1 3 2080 1090 1278 1889
11581 4 2 1 3 1763 1988 1414 1620
11582 4 2 1 3 1763 1414 1988 1438
11583 4 2 1 3 1412 1414 1988 1620
11584 4 2 1 3 1412 1988 1414 1438
11585 4 2 1 3 2174 1821 1728 1588
11586 4 2 1 3 2174 1728 1821 1527
11587 4 2 1 3 1475 1728 1821 1588
11588 4 2 1 3 1475 1821 1728 1527
11589 4 2 1 3 1007 2163 1005 1183
11590 4 2 1 3 1005 2163 1007 1800
11591 4 2 1 3 2163 1083 1704 1009
11592 4 2 1 3 2163 1704 1083 1866
11593 4 2 1 3 1334 2130 1344 1339
11594 4 2 1 3 1344 2130 1334 1990
11595 4 2 1 3 2172 1645 962 2056
11596 4 2 1 3 2172 962 1645 1733
11597 4 2 1 3 1997 220 734 266
11598 4 2 1 3 1997 734 220 1991
11599 4 2 1 3 1848 2190 1843 1598
11600 4 2 1 3 1843 2190 1848 1513
11601 4 2 1 3 2069 1230 1921 1114
11602 4 2 1 3 2069 1921 1230 1580
11603 4 2 1 3 2070 2170 1919 1612
11604 4 2 1 3 1919 2170 2070 499
11605 4 2 1 3 2080 1120 2075 1203
11606 4 2 1 3 2080 2075 1120 1783
11607 4 2 1 3 1966 1048 1222 1046
11608 4 2 1 3 1966 1222 1048 1725
11609 4 2 1 3 2012 1952 2191 1603
11610 4 2 1 3 2012 2191 1952 1484
11611 4 2 1 3 2159 678 2038 484
11612 4 2 1 3 2159 2038 678 1925
11613 4 2 1 3 1876 2088 2003 1723
11614 4 2 1 3 2003 2088 1876 1515
11615 4 2 1 3 1916 586 751 587
11616 4 2 1 3 1916 751 586 1735
11617 4 2 1 3 2096 1163 1181 1122
11618 4 2 1 3 2096 1181 1163 1845
11619 4 2 1 3 1890 1400 1639 1794
11620 4 2 1 3 1890 1639 1400 1459
11621 4 2 1 3 313 1629 1829 370
11622 4 2 1 3 1829 1629 313 940
11623 4 2 1 3 1829 1263 313 370
11624 4 2 1 3 313 1263 1829 940
11625 4 2 1 3 1673 1996 593 613
11626 4 2 1 3 1673 593 1996 1957
11627 4 2 1 3 783 593 1996 613
11628 4 2 1 3 783 1996 593 1957
11629 4 2 1 3 1767 2157 2139 1503
11630 4 2 1 3 2139 2157 1767 1960
11631 4 2 1 3 2060 2179 1236 1168
11632 4 2 1 3 1236 2179 2060 1592
11633 4 2 1 3 2092 1812 1509 1998
11634 4 2 1 3 2092 1509 1812 1697
11635 4 2 1 3 2197 1875 1860 1492
11636 4 2 1 3 2197 1860 1875 1597
11637 4 2 1 3 2036 905 1887 906
11638 4 2 1 3 2036 1887 905 1683
11639 4 2 1 3 2089 1081 1071 1016
11640 4 2 1 3 2089 1071 1081 1675
11641 4 2 1 3 689 1925 692 678
11642 4 2 1 3 692 1925 689 1699
11643 4 2 1 3 892 1901 869 911
11644 4 2 1 3 869 1901 892 1747
11645 4 2 1 3 2188 818 886 867
11646 4 2 1 3 2188 886 818 1787
11647 4 2 1 3 2134 1070 1247 1630
11648 4 2 1 3 2134 1247 1070 1267
11649 4 2 1 3 2195 1226 1965 1861
11650 4 2 1 3 2195 1965 1226 1147
11651 4 2 1 3 1462 429 1649 614
11652 4 2 1 3 1649 429 1462 1375
11653 4 2 1 3 2002 2110 1503 1851
11654 4 2 1 3 1503 2110 2002 1773
11655 4 2 1 3 436 1300 126 1329
11656 4 2 1 3 126 1300 436 629
11657 4 2 1 3 282 920 40 1234
11658 4 2 1 3 282 40 920 274
11659 4 2 1 3 1970 590 777 702
11660 4 2 1 3 1970 777 590 1798
11661 4 2 1 3 1247 2134 1145 1267
11662 4 2 1 3 1145 2134 1247 1964
11663 4 2 1 3 1206 2083 1043 1149
11664 4 2 1 3 1043 2083 1206 1761
11665 4 2 1 3 2129 1621 826 1823
11666 4 2 1 3 2129 826 1621 2015
11667 4 2 1 3 904 826 1621 1823
11668 4 2 1 3 904 1621 826 2015
11669 4 2 1 3 1929 1950 1997 1587
11670 4 2 1 3 1997 1950 1929 1577
11671 4 2 1 3 1924 242 240 237
11672 4 2 1 3 1924 240 242 1785
11673 4 2 1 3 701 2011 779 742
11674 4 2 1 3 779 2011 701 1950
11675 4 2 1 3 2113 1523 1634 1771
11676 4 2 1 3 2113 1634 1523 1945
11677 4 2 1 3 306 1143 69 1257
11678 4 2 1 3 69 1143 306 381
11679 4 2 1 3 697 1939 617 794
11680 4 2 1 3 617 1939 697 2020
11681 4 2 1 3 2029 828 888 917
11682 4 2 1 3 2029 888 828 1823
11683 4 2 1 3 2149 1385 1407 1435
11684 4 2 1 3 2149 1407 1385 1662
11685 4 2 1 3 1394 2191 1395 1396
11686 4 2 1 3 1395 2191 1394 1789
11687 4 2 1 3 966 2056 965 964
11688 4 2 1 3 965 2056 966 1945
11689 4 2 1 3 436 1304 125 756
11690 4 2 1 3 436 125 1304 1329
11691 4 2 1 3 2106 1517 1993 2104
11692 4 2 1 3 2106 1993 1517 1894
11693 4 2 1 3 1846 2082 2170 1493
11694 4 2 1 3 2170 2082 1846 1612
11695 4 2 1 3 232 953 34 253
11696 4 2 1 3 232 34 953 1232
11697 4 2 1 3 2107 215 952 1457
11698 4 2 1 3 2107 952 215 1660
11699 4 2 1 3 2147 1335 1357 1712
11700 4 2 1 3 2147 1357 1335 1336
11701 4 2 1 3 2076 2181 1635 2024
11702 4 2 1 3 1635 2181 2076 2009
11703 4 2 1 3 1045 2052 1444 1228
11704 4 2 1 3 1444 2052 1045 1404
11705 4 2 1 3 1444 211 1045 1228
11706 4 2 1 3 1045 211 1444 1404
11707 4 2 1 3 954 231 45 265
11708 4 2 1 3 45 231 954 1215
11709 4 2 1 3 2144 408 350 393
11710 4 2 1 3 2144 350 408 2105
11711 4 2 1 3 2130 621 725 455
11712 4 2 1 3 2130 725 621 1990
11713 4 2 1 3 2097 775 714 594
11714 4 2 1 3 2097 714 775 1706
11715 4 2 1 3 1485 2168 1796 1551
11716 4 2 1 3 1485 1796 2168 1620
11717 4 2 1 3 1923 1796 2168 1551
11718 4 2 1 3 1923 2168 1796 1620
11719 4 2 1 3 2072 954 1277 1854
11720 4 2 1 3 2072 1277 954 1239
11721 4 2 1 3 2035 25 428 672
11722 4 2 1 3 2035 428 25 219
11723 4 2 1 3 2159 1902 1756 1627
11724 4 2 1 3 2159 1756 1902 1572
11725 4 2 1 3 2128 971 2049 1802
11726 4 2 1 3 2128 2049 971 968
11727 4 2 1 3 2037 543 706 540
11728 4 2 1 3 2037 706 543 1807
11729 4 2 1 3 773 252 15 733
11730 4 2 1 3 15 252 773 286
11731 4 2 1 3 769 2031 577 729
11732 4 2 1 3 577 2031 769 1882
11733 4 2 1 3 347 2073 409 349
11734 4 2 1 3 409 2073 347 1858
11735 4 2 1 3 2153 2047 1838 1555
11736 4 2 1 3 2153 1838 2047 1630
11737 4 2 1 3 413 762 1731 773
11738 4 2 1 3 413 1731 762 315
11739 4 2 1 3 2201 691 1584 462
11740 4 2 1 3 2201 1584 691 1979
11741 4 2 1 3 1804 1584 691 462
11742 4 2 1 3 1804 691 1584 1979
11743 4 2 1 3 2182 511 518 2132
11744 4 2 1 3 2182 518 511 519
11745 4 2 1 3 2071 2162 1852 1543
11746 4 2 1 3 1852 2162 2071 1640
11747 4 2 1 3 1204 2173 1134 1197
11748 4 2 1 3 1134 2173 1204 1967
11749 4 2 1 3 2187 1113 2155 1223
11750 4 2 1 3 2187 2155 1113 2000
11751 4 2 1 3 1817 1970 1798 1556
11752 4 2 1 3 1798 1970 1817 1549
$EndElements
